centro_cultural_id,centro_cultural_nombre,centro_cultural_fecha_fundacion,centro_cultural_adscripcion,estado_id,nom_ent,municipio_id,nom_mun,localidad_id,nom_loc,centro_cultural_calle_numero,centro_cultural_colonia,centro_cultural_cp,centro_cultural_telefono1,pagina_web,email,gmaps_longitud,gmaps_latitud,link_sic,fecha_mod
3333,"Centro Cultural Aquelarre, la vindicación del ocio","2017-09-15","",1,"Aguascalientes",1,"Aguascalientes",1,"Aguascalientes","Francisco García Hornedo 336","Centro","20000","449 190 06 16","","aquelarreviva@gmail.com",-102.29255,21.88007,"http://sic.gob.mx/ficha.php?table=centro_cultural&table_id=3333","2024-09-25 13:27:02-06"
1144,"Centro de Educación Ambiental Cultural y Recreativo El Cedazo","1996-01-06","Secretaría de Sustentabilidad, Medio Ambiente y Agua (SSMAA)",1,"Aguascalientes",1,"Aguascalientes",1,"Aguascalientes","Av. Aguascalientes Ote. s/n","Col. Infonavit Morelos","20250","449 970 6360","http://www.aguascalientes.gob.mx/ssmaa/areasverdes/cearcedazo.html","elcedazo@aguascalientes.gob.mx",-102.25645,21.86892,"http://sic.gob.mx/ficha.php?table=centro_cultural&table_id=1144","2025-08-12 10:03:36-06"
2707,"Centro de Artes Visuales","1975-01-01","Instituto Cultural de Aguascalientes",1,"Aguascalientes",1,"Aguascalientes",1,"Aguascalientes","Venustiano Carranza 111","Centro","20000"," 449 916 14 56","aguascalientes.gob.mx/temas/cultura/espacios/museos/galeriartesvis.aspx","informacion.ica@gmail.com; centrodeartesvisuales@yahoo.com.mx",-102.29878,21.88089,"http://sic.gob.mx/ficha.php?table=centro_cultural&table_id=2707","2024-09-17 12:55:07-06"
258,"Casa de la Cultura Víctor Sandoval","1967-09-16","Instituto Cultural de Aguascalientes",1,"Aguascalientes",1,"Aguascalientes",1,"Aguascalientes","Venustiano Carranza 101","Centro","20000","449 910 2010 ext. 7910","http://www.aguascalientes.gob.mx/temas/cultura/","direcciongeneralica@aguascalientes.gob.mx",-102.29796,21.8805,"http://sic.gob.mx/ficha.php?table=centro_cultural&table_id=258","2026-02-24 12:49:34-06"
1143,"Centro Cultural Los Arquitos","1994-11-12","Instituto Cultural de Aguascalientes (ICA)/Dirección de Educación Artística Básica",1,"Aguascalientes",1,"Aguascalientes",1,"Aguascalientes","Av. Alameda 206 esq. Héroe de Nacozari","Barrio La Purísima","20259","449 916 9201","http://www.aguascalientes.gob.mx/temas/cultura","c.culturallosarquitos@gmail.com",-102.28217,21.88297,"http://sic.gob.mx/ficha.php?table=centro_cultural&table_id=1143","2026-04-21 14:47:52-06"
3097,"Centro Cultural Ángel","2013-01-01","Bienestar para Todos, A.C.",1,"Aguascalientes",1,"Aguascalientes",1,"Aguascalientes","Benjamín de la Mora 219 ","Col. Del Carmen","20050","449 293 93 24","","centroculturalangel@hotmail.com",-102.30036,21.88762,"http://sic.gob.mx/ficha.php?table=centro_cultural&table_id=3097","2025-07-28 18:11:50-06"
3922,"Casa de los Saberes Jurídicos en Aguascalientes  Ministro Alfonso López Aparicio ","1998-05-12","Suprema Corte de Justicia de la Nación (SCJN)",1,"Aguascalientes",1,"Aguascalientes",1,"Aguascalientes","Álvaro Obregón 347","Centro","20000","55 4113 1000 exts. 8479 y 8483","https://www.sitios.scjn.gob.mx/casascultura/casas-cultura-juridica/aguascalientes-aguascalientes","ccjaguascalientes@scjn.gob.mx; borozcog@scjn.gob.mx",-102.29341,21.88618,"http://sic.gob.mx/ficha.php?table=centro_cultural&table_id=3922","2026-09-29 13:27:15-06"
3121,"Macro Espacio para la Cultura y las Artes (MECA)<br>Complejo Ferrocarrilero Tres Centurias","2016-01-29","Gobierno del Estado de Aguascalientes/Fideicomiso Complejo Tres Centurias",1,"Aguascalientes",1,"Aguascalientes",1,"Aguascalientes","Av. Manuel Gómez Morín s/n (Antiguos talleres del FFCC)","Barrio de la Estación","20259","449 688 41 01","","",-102.28133,21.89009,"http://sic.gob.mx/ficha.php?table=centro_cultural&table_id=3121","2025-07-21 15:10:47-06"
2088,"Centro de Investigación y Estudios Literarios de Aguascalientes Fraguas","2004-10-31","Instituto Cultural de Aguascalientes",1,"Aguascalientes",1,"Aguascalientes",1,"Aguascalientes","  General Ignacio Allende 238"," Centro","20000","449 915 88 19","https://universidaddelasartes.edu.mx/of-academica/ciela/"," ciela@universidaddelasartes.edu.mx;  teescuchamos@universidaddelasartes.edu.mx; vinculacion@universidaddelasartes.edu.mx",-102.2988,21.88152,"http://sic.gob.mx/ficha.php?table=centro_cultural&table_id=2088","2024-02-16 07:40:24-06"
2889,"Centro Cultural y Café Tercera Llamada","2009-03-07","",1,"Aguascalientes",1,"Aguascalientes",1,"Aguascalientes","Álvaro Obregón 355","Centro","20000","449 916 20 38","","tercerallamada_arteycafe@hotmail.com",-102.29263,21.88674,"http://sic.gob.mx/ficha.php?table=centro_cultural&table_id=2889","2025-05-08 13:39:06-06"
3330,"Casa Cultural Netei","2015-01-01","Casa Cultural Netei, A.C.",1,"Aguascalientes",1,"Aguascalientes",1,"Aguascalientes","Dr. Díaz de León 450","Barrio del Encino","20240","449 192 4789","https://donadora.org/campanas/netei","neteiac@gmail.com",-102.29268,21.8758,"http://sic.gob.mx/ficha.php?table=centro_cultural&table_id=3330","2026-02-23 10:38:52-06"
2454,"Centro de Seguridad Social IMSS Aguascalientes","1964-01-01","IMSS",1,"Aguascalientes",1,"Aguascalientes",1,"Aguascalientes","Av. de la Convención s/n","Col. Lindavista","20270","449  913 90 50 ext. 41706","http://www.imss.gob.mx","jose.padillac@imss.gob.mx",-102.29394,21.86626,"http://sic.gob.mx/ficha.php?table=centro_cultural&table_id=2454","2021-07-23 03:51:17-05"
3346,"Casa Triana","1000-01-01","",1,"Aguascalientes",1,"Aguascalientes",1,"Aguascalientes","Cristóbal Colón 421","Barrio del Encino","20240","449 259 97 90","","casatrianaags@gmail.com",-102.29471,21.87729,"http://sic.gob.mx/ficha.php?table=centro_cultural&table_id=3346","2021-08-27 10:29:54-05"
1507,"Alianza Francesa Aguascalientes","2001-01-24","Red de Alianzas Francesas en México",1,"Aguascalientes",1,"Aguascalientes",1,"Aguascalientes","República Dominicana 409","Fracc. Las Américas","20230","449 268 3143","http://www.alianzafrancesa.org.mx/Aguascalientes","afaguascalientes@gmail.com",-102.29969,21.86783,"http://sic.gob.mx/ficha.php?table=centro_cultural&table_id=1507","2026-04-13 12:01:23-06"
1425,"Centro de Investigación y Experimentación Gráfica El Obraje","2000-09-13","Instituto Cultural de Aguascalientes	",1,"Aguascalientes",1,"Aguascalientes",1,"Aguascalientes","Juan de Montero 222","Centro","20000","449 994 00 74","https://www.aguascalientes.gob.mx/ICA/somos","",-102.29337,21.88093,"http://sic.gob.mx/ficha.php?table=centro_cultural&table_id=1425","2024-01-10 08:02:30-06"
1480,"Centro de Animación Cultural Casa Jesús Terán Peredo","1992-04-25","Instituto Cultural de Aguascalientes (ICA)/Dirección de Promoción y Difusión",1,"Aguascalientes",1,"Aguascalientes",1,"Aguascalientes","Rivero y Gutiérrez 110","Centro Histórico","20000","449 915 17 41","https://ags.gob.mx/turismo/conocemas/casateran/index.html","casajesusteran@gmail.com",-102.29651,21.88308,"http://sic.gob.mx/ficha.php?table=centro_cultural&table_id=1480","2024-09-30 10:01:54-06"
1579,"Casa de la Cultura de Asientos","1998-02-25","Instituto Cultural de Aguascalientes",1,"Aguascalientes",2,"Asientos",1,"Asientos","Av. Hidalgo s/n","Col. Infonavit","20712","(496) 967 40 78","http://www.aguascalientes.gob.mx","asicultura@hotmail.com; ica@aguascalientes.gob.mx",-102.08668,22.23475,"http://sic.gob.mx/ficha.php?table=centro_cultural&table_id=1579","2025-12-12 18:09:35-06"
1049,"Casa de la Cultura de Calvillo","1980-12-05","Instituto Cultural de Aguascalientes",1,"Aguascalientes",3,"Calvillo",1,"Calvillo","Plaza principal 121","Zona Centro","20800","(495) 956 08 07","http://www.aguascalientes.gob.mx","calvillo.ica@gmail.com; ica@aguascalientes.gob.mx",-102.71864,21.84613,"http://sic.gob.mx/ficha.php?table=centro_cultural&table_id=1049","2024-07-31 12:29:03-06"
1510,"Casa de la Cultura de Cosío","1994-03-23","Instituto Cultural de Aguascalientes",1,"Aguascalientes",4,"Cosío",1,"Cosío","Madero s/n","Centro","20460","(458) 987 09 59","http://www.aguascalientes.gob.mx","coscultura@hotmail.com;  ica@aguascalientes.gob.mx",-102.29922,22.37021,"http://sic.gob.mx/ficha.php?table=centro_cultural&table_id=1510","2025-09-24 17:07:57-06"
1499,"Casa de Cultura de Jesús María","1983-07-03","Instituto Cultural de Aguascalientes",1,"Aguascalientes",5,"Jesús María",1,"Jesús María","Ignacio Allende 707","Centro","20900","(449) 965 00 17","http://www.aguascalientes.gob.mx","jesusmaria.ica@gmail.com; ica@aguascalientes.gob.mx",-102.34993,21.96352,"http://sic.gob.mx/ficha.php?table=centro_cultural&table_id=1499","2025-12-12 18:21:03-06"
3350,"Centro Cultural Fundación Keriva","2017-04-12","Fundación Keriva, A.C.",1,"Aguascalientes",5,"Jesús María",1,"Jesús María","Aldama 316-A","Col. Martínez Andrade","20926","449 188 88 98","https://fundacionkeriva.github.io/keriva/?fbclid=IwY2xjawFYCu9leHRuA2FlbQIxMAABHXTHHd4xtv5WXI6NLmVXDMr-DuNcpp1KgGxeRf4_cLQT2JQY1tIk-DsjhQ_aem_GcIjeFlXdj4rvk9YND4xig","kerivaac@gmail.com",-102.34478,21.9572,"http://sic.gob.mx/ficha.php?table=centro_cultural&table_id=3350","2024-09-18 13:38:59-06"
1500,"Casa de la Cultura de Pabellón de Arteaga","1983-07-03","Instituto Cultural de Aguascalientes",1,"Aguascalientes",6,"Pabellón de Arteaga",1,"Pabellón de Arteaga","Venustiano Carranza 35 A","Industrial","20670","465 958 01 13, ","https://aguascalientes.gob.mx/index.html","pabellon.ica@gmail.com; pabcultura@hotmail.com; ica@aguascalientes.gob.mx",-102.27812,22.14987,"http://sic.gob.mx/ficha.php?table=centro_cultural&table_id=1500","2025-05-07 14:09:44-06"
513,"Casa de la Cultura de Rincón de Romos","1981-07-08","Instituto Cultural de Aguascalientes",1,"Aguascalientes",7,"Rincón de Romos",1,"Rincón de Romos","Dolores Hidalgo 309","Centro","20400","465 951 1482","","rincon.ica@gmail.com",-102.32304,22.22845,"http://sic.gob.mx/ficha.php?table=centro_cultural&table_id=513","2026-04-15 13:48:17-06"
1582,"Casa de Cultura de San José de Gracia","1994-09-23","Instituto Cultural de Aguascalientes",1,"Aguascalientes",8,"San José de Gracia",1,"San José de Gracia","Juan Domínguez 214","Centro","20576","(465) 967 34 36","http://www.aguascalientes.gob.mx","sanjosedeg.ica@gmail.com; ica@aguascalientes.gob.mx",-102.41556,22.1502,"http://sic.gob.mx/ficha.php?table=centro_cultural&table_id=1582","2025-09-23 18:08:59-06"
1583,"Casa de la Cultura de Tepezalá","1998-11-07","Instituto Cultural de Aguascalientes",1,"Aguascalientes",9,"Tepezalá",1,"Tepezalá","Héroes de la Independencia 13","Centro","20602","(465) 951 14 83","http://www.aguascalientes.gob.mx","tepcultura@hotmail.com; ica@aguascalientes.gob.mx",-102.16718,22.22304,"http://sic.gob.mx/ficha.php?table=centro_cultural&table_id=1583","2026-01-30 17:53:42-06"
1580,"Casa de la Cultura de El Llano","1994-01-30","Instituto Cultural de Aguascalientes",1,"Aguascalientes",10,"El Llano",1,"Palo Alto","Emiliano Zapata 135","Col. El  Progreso","20330","496 967 3204","http://www.aguascalientes.gob.mx","llano.ica@gmail.com",-101.97008,21.91763,"http://sic.gob.mx/ficha.php?table=centro_cultural&table_id=1580","2025-06-30 08:35:52-06"
1581,"Casa de Cultura de San Francisco de los Romo","1983-07-02","Instituto Cultural de Aguascalientes (ICA)",1,"Aguascalientes",11,"San Francisco de los Romo",1,"San Francisco de los Romo","Benito Juárez Nte. 410","Centro","20300","465 967 04 27","","sanpancho.ica@gmail.com",-102.27258,22.08404,"http://sic.gob.mx/ficha.php?table=centro_cultural&table_id=1581","2025-08-20 18:47:12-06"
2112,"Centro Estatal de las Artes de Ensenada (CEARTE) ","2007-07-31","Instituto de Cultura de Baja California",2,"Baja California",1,"Ensenada",1,"Ensenada","Blvd. Lázaro Cárdenas","Centro","22880","(646) 173 43 07 y 08","https://www.facebook.com/CEARTEnsenada/","coordinacioncearte@hotmail.com",-116.61897,31.85748,"http://sic.gob.mx/ficha.php?table=centro_cultural&table_id=2112","2022-09-05 06:56:28-05"
502,"Casa de la Cultura Profr. Miguel de Anda Jacobsen","1977-10-31","Ayuntamiento de Ensenada/Instituto Municipal de Cultura y Desarrollo Humano de Ensenada (IMCUDHE)",2,"Baja California",1,"Ensenada",1,"Ensenada","Blvd. Lázaro Cárdenas s/n esq. Av. Riviera","Zona Centro","22800","646 176 37 86","http://www.ensenada.gob.mx","amalia.gaitan@hotmail.com; presidencia@ensenada.gob.mx; ameillon@ensenada.gob.mx",-116.61943,31.85817,"http://sic.gob.mx/ficha.php?table=centro_cultural&table_id=502","2024-09-19 09:52:04-06"
3091,"Centro Cultural Santo Tomás","2013-05-14","Fundación Grupo Pando, A.C.",2,"Baja California",1,"Ensenada",1,"Ensenada","Miramar 666 entre calle 6 y 7","Centro","22800","(646) 178 33 33 ext. 103","https://www.facebook.com/CentroCulturalSantoTomas/","jaimedelfin@grupopando.com",-116.62306,31.86833,"http://sic.gob.mx/ficha.php?table=centro_cultural&table_id=3091","2019-05-09 10:56:11-05"
985,"Centro Cultural ISSSTE Ensenada","2000-03-01","Instituto de Seguridad y Servicios Sociales de los Trabajadores del Estado (ISSSTE)",2,"Baja California",1,"Ensenada",1,"Ensenada","Leona Vicario 449","Col. Cuauhtémoc","22890","646 176 3933","http://www.issste.gob.mx","tomy_025@hotmail.com",-116.59354,31.85237,"http://sic.gob.mx/ficha.php?table=centro_cultural&table_id=985","2026-05-14 14:55:42-06"
3058,"Centro Cultural Riviera de Ensenada","1000-01-01","Centro Social, Cívico y Cultural Riviera de Ensenada",2,"Baja California",1,"Ensenada",1,"Ensenada","Blvd. Lázaro Cárdenas 1421","Centro","22800","646 176 43 10","http://rivieradeensenada.com.mx/#contacto","rivieradeensenada1930@gmail.com",-116.61934,31.85852,"http://sic.gob.mx/ficha.php?table=centro_cultural&table_id=3058","2023-06-28 06:58:51-06"
3885,"Luz Terna-Foro cultural","2025-07-17","",2,"Baja California",1,"Ensenada",1,"Ensenada","Av. Miramar entre 5ta y 6ta, Interior Plaza Juárez,","local 23","","","","",-116.62362,31.8673,"http://sic.gob.mx/ficha.php?table=centro_cultural&table_id=3885","2025-07-21 13:26:22-06"
2606,"Centro Cultural Ciudad Morelos","1987-09-13","Ayuntamiento de Mexicali/Instituto Municipal de Arte y Cultura de Mexicali (IMACUM)",2,"Baja California",2,"Mexicali",1,"Mexicali","Calz. Lázaro Cárdenas s/n","Col. Ciudad Morelos  ","21960","658  514 71 39","http://www.mexicali.gob.mx/imacum/contacto.html","jlfigueroa@mexicali.gob.mx; imacum@mexicali.gob.mx",-115.40349,32.62113,"http://sic.gob.mx/ficha.php?table=centro_cultural&table_id=2606","2024-03-13 06:36:21-06"
2603,"Casa de Cultura de Mexicali","1974-03-15","Ayuntamiento de Mexicali/Instituto Municipal de Arte y Cultura de Mexicali (IMACUM)",2,"Baja California",2,"Mexicali",1,"Mexicali","Madero s/n esq. Altamirano","Centro","21100","686 552 96 30","https://www.facebook.com/CasaDeLaCulturaDeMexicali","casadelaculturamexicali@gmail.com; jlfigueroa@mexicali.gob.mx; imacum@mexicali.gob.mx",-115.49076,32.66491,"http://sic.gob.mx/ficha.php?table=centro_cultural&table_id=2603","2024-03-13 05:53:09-06"
1041,"Centro Estatal de las Artes de Baja California","2005-01-31","Secretaría de Cultura de Baja California",2,"Baja California",2,"Mexicali",1,"Mexicali","Calz. de los Presidentes s/n","Zona del Río Nuevo","21120","686 553 69 50 al 53","http://www.icbc.gob.mx/","normaceart@gmail.com; ceartbc@gmail.com",-115.48633,32.65168,"http://sic.gob.mx/ficha.php?table=centro_cultural&table_id=1041","2020-04-20 06:24:33-05"
1145,"Centro Cultural CREA Cultura","1974-03-15","Ayuntamiento de Mexicali/Instituto Municipal de Arte y Cultura de Mexicali (IMACUM)",2,"Baja California",2,"Mexicali",1,"Mexicali","Av. Salina Cruz 2050 entre A. Coahuila y Chihuahua","Col. Guajardo","21050","686 555 12 30","http://www.mexicali.gob.mx/imacum/index.html","nyleon@mexicali.gob.mx; imacum@mexicali.gob.mx; jlfigueroa@mexicali.gob.mx ",-115.49825,32.64179,"http://sic.gob.mx/ficha.php?table=centro_cultural&table_id=1145","2024-03-13 06:36:17-06"
2604,"Meyibó, Centro del Saber","2001-03-14","Ayuntamiento de Mexicali/Instituto Municipal de Arte y Cultura de Mexicali (IMACUM)",2,"Baja California",2,"Mexicali",1,"Mexicali","Calz.  Pdte. Adolfo Ruiz Cortinez s/n","Fracc. Comercial Cachanilla  ","21100","686  555 73 18","","meyibocs@yahoo.com; jlfigueroa@mexicali.gob.mx; imacum@mexicali.gob.mx",-115.48281,32.66046,"http://sic.gob.mx/ficha.php?table=centro_cultural&table_id=2604","2024-03-13 06:36:04-06"
2447,"Casa de Cultura del Barrio","1998-09-01","Centro Cultural Nana Chela, A.C.",2,"Baja California",2,"Mexicali",1,"Mexicali","Av. Luis Alcérrega 2058","Col. Orizaba","21137","686 136 7432, 686 553 2390","","ccnanachela@hotmail.com",-115.5101,32.64606,"http://sic.gob.mx/ficha.php?table=centro_cultural&table_id=2447","2026-04-09 13:56:10-06"
2607,"Centro Cultural Guadalupe Victoria","2009-03-01","Ayuntamiento de Mexicali/Instituto Municipal de Arte y Cultura de Mexicali (IMACUM)",2,"Baja California",2,"Mexicali",185,"Ciudad Guadalupe Victoria (Kilómetro Cuarenta y Tres)","Calle 18 s/n Vicente Guerrero","Col. Sismo 80  ","21720","658 516 39 10","","bp7363@dgb.conaculta.gob.mx; jlfigueroa@mexicali.gob.mx; imacum@mexicali.gob.mx",-115.09921,32.29204,"http://sic.gob.mx/ficha.php?table=centro_cultural&table_id=2607","2024-03-13 06:36:12-06"
2605,"Centro Cultural San Felipe","2010-11-28","Ayuntamiento de Mexicali/Instituto Municipal de Arte y Cultura de Mexicali (IMACUM)",2,"Baja California",2,"Mexicali",284,"San Felipe","Calz. Chetumal s/n","Centro","21850","686 554 37 60","","jlfigueroa@mexicali.gob.mx; imacum@mexicali.gob.mx",-114.85071,31.02825,"http://sic.gob.mx/ficha.php?table=centro_cultural&table_id=2605","2024-03-13 06:36:08-06"
1028,"Centro Cultural Tecate (CECUTEC)","1998-10-04","Ayuntamiento de Tecate",2,"Baja California",3,"Tecate",1,"Tecate","Tláloc  400 ","Col. Cuauhtémoc","21470","(665) 654 49 47","https://www.facebook.com/CasadelaCulturadeTecate","centroculturaltecate@hotmail.com; caemtecate@hotmail.com",-116.61884,32.57032,"http://sic.gob.mx/ficha.php?table=centro_cultural&table_id=1028","2018-11-12 07:49:55-06"
2835,"Centro Estatal de las Artes Tecate","2013-04-18","Instituto de Cultura de Baja California",2,"Baja California",3,"Tecate",1,"Tecate","Blvd. Benítez s/n esq. Blvd. Encinos","Col. Varios Predios","21452","(665) 654 59 19","https://www.facebook.com/ceartkt?rf=161239270679717","ceartkt@gmail.com; pillussv@hotmail.com",-116.6435,32.56464,"http://sic.gob.mx/ficha.php?table=centro_cultural&table_id=2835","2025-06-09 19:25:23-06"
2698,"Centro Estatal de las Artes Tijuana","2013-04-19","Gobierno del Estado de Baja California",2,"Baja California",4,"Tijuana",1,"Tijuana","Vía Rápida Oriente 15320","Zona Río Tijuana 3ra. Etapa","22105","664 104 02 73","https://www.bajacalifornia.gob.mx/Cultura/Conocenos/Tijuana","tijuanaicbc@baja.gob.mx; icbc.cearttijuana@gmail.com",-116.94598,32.49942,"http://sic.gob.mx/ficha.php?table=centro_cultural&table_id=2698","2025-09-05 14:36:10-06"
876,"Casa de la Cultura Tijuana","1977-10-15","Instituto Municipal de Arte y Cultura de Tijuana (IMAC)",2,"Baja California",4,"Tijuana",1,"Tijuana","Av. Paris 5 esq. Lisboa ","Col. Altamira","22054","664 687 2604","https://imac.tijuana.gob.mx/cctijuana.aspx","cculturatijuana1977@gmail.com; coordacademica@gmail.com",-117.05216,32.53186,"http://sic.gob.mx/ficha.php?table=centro_cultural&table_id=876","2025-09-03 14:42:57-06"
3301,"LOFT, Espacio de Creación","2007-01-01","LOFT, Espacio de Creación, A.C.",2,"Baja California",4,"Tijuana",1,"Tijuana","Blvd. General Abelardo L. Rodriguez 2916 int. F","Zona Urbana Río Tijuana","22010","664 122 35 38","https://sites.google.com/view/loftespaciodecreacion-pagina/inicio?authuser=5","loftespaciodecreacion@hotmail.com",-117.01061,32.51953,"http://sic.gob.mx/ficha.php?table=centro_cultural&table_id=3301","2025-10-08 17:11:49-06"
2688,"Casa de la Cultura El Pípila","2010-04-30","Instituto Municipal de Arte y Cultura de Tijuana (IMAC)",2,"Baja California",4,"Tijuana",1,"Tijuana","Décima 7828 entre Sinaloa y Art. 123","Col. El Pípila","22206","664 629 42 64","https://imac.tijuana.gob.mx/ccpipila.aspx","pipilacasadelacultura@gmail.com",-116.8737,32.49593,"http://sic.gob.mx/ficha.php?table=centro_cultural&table_id=2688","2025-09-04 10:13:06-06"
360,"Centro Cultural Tijuana (CECUT)","1982-10-20","Secretaría de Cultura Federal/Compañía Operadora del Centro Cultural y Turístico de Tijuana, S. A. de C.V.",2,"Baja California",4,"Tijuana",1,"Tijuana","Av. Paseo de los Héroes 9350","Zona Urbana Río Tijuana","22010","664 687 96 00, 664 687 9601","http://www.cecut.gob.mx","direccion@cecut.gob.mx",-117.02336,32.53023,"http://sic.gob.mx/ficha.php?table=centro_cultural&table_id=360","2025-09-05 13:25:28-06"
2711,"Centro Cultural Artes del Libro","2013-09-20","",2,"Baja California",4,"Tijuana",1,"Tijuana","Callejón Ocampo Privada 1670, Piso 2 entre 8a y 9a","Zona Centro","22000","664 215 16 36 ","https://www.facebook.com/ccartesdelibro","artesdelibro@gmail.com",-117.03198,32.52782,"http://sic.gob.mx/ficha.php?table=centro_cultural&table_id=2711","2024-10-31 11:57:19-06"
2971,"Casa de las Ideas","2012-12-01","Tijuana Innovadora, A.C.",2,"Baja California",4,"Tijuana",1,"Tijuana","Av. Baja California s/n","Col. Camino Verde","22190","664 903 62 41","","casadelasideas.digital@gmail.com; info@tijuanainnovadora.org",-116.97982,32.47736,"http://sic.gob.mx/ficha.php?table=centro_cultural&table_id=2971","2025-07-01 12:19:57-06"
3288,"Casa de la Cultura San Antonio de los Buenos","2016-01-01","Instituto Municipal de Arte y Cultura",2,"Baja California",4,"Tijuana",1,"Tijuana","Av. Miraflores 7001","Fracc. El Rubí","","664 637 0941","https://imac.tijuana.gob.mx/ccsab.aspx","casa.cultura.sab@gmail.com; info.casaculturasab@gmail.com",-117.03112,32.48115,"http://sic.gob.mx/ficha.php?table=centro_cultural&table_id=3288","2025-09-04 13:53:50-06"
3850,"Casa de los Saberes Jurídicos en Tijuana  Ministro Luis Bazdresh","2004-11-01","Suprema Corte de Justicia de la Nación (SCJN)",2,"Baja California",4,"Tijuana",1,"Tijuana","Av. Paseo de los Héroes 9351","Zona Río","22010","55 4113 1100 exts. 8018, 8021","https://www.sitios.scjn.gob.mx/casascultura/casas-cultura-juridica/tijuana-baja-california","ccjtijuana@scjn.gob.mx",-117.02478,32.52938,"http://sic.gob.mx/ficha.php?table=centro_cultural&table_id=3850","2026-09-24 14:33:02-06"
2457,"Centro de Seguridad Social IMSS Tijuana","1961-06-04","IMSS",2,"Baja California",4,"Tijuana",1,"Tijuana","Blvd. Salinas 4596 esq. Francisco Cárdenas","Col. Aviación","22420","664 972 98 47","https://www.imss.gob.mx/","alejandra.agosto@imss.gob.mx",-117.00904,32.51501,"http://sic.gob.mx/ficha.php?table=centro_cultural&table_id=2457","2025-09-08 11:52:36-06"
2135,"Antiguo Palacio Municipal de Tijuana","2006-11-17","Instituto Municipal de Arte y Cultura de Tijuana (IMAC)",2,"Baja California",4,"Tijuana",1,"Tijuana","Calle 2da. s/n esq. Constitución","Zona Centro","22000","664 638 1052","https://imac.tijuana.gob.mx/museo.aspx","suboperativa@imactijuana; miriamgarcia.museo@gmail.com",-117.03891,32.53515,"http://sic.gob.mx/ficha.php?table=centro_cultural&table_id=2135","2024-11-01 11:42:13-06"
1444,"Casa de la Cultura Playas","1998-08-31","Instituto Municipal de Arte y Cultura de Tijuana (IMAC)",2,"Baja California",4,"Tijuana",1,"Tijuana","Av. del Agua 777","Fracc. Playas de Tijuana, Secc. Jardines","22200","664 630 97 14","https://imac.tijuana.gob.mx/ccplayas.aspx","imac.cursosytalleresccpt@gmail.com; admoncasaculturaplayas@gmail.com",-117.11368,32.52291,"http://sic.gob.mx/ficha.php?table=centro_cultural&table_id=1444","2025-09-04 13:38:48-06"
3422,"Centro de Artes de Rosario","1000-01-01","Secretaría de Cultura de Baja California",2,"Baja California",5,"Playas de Rosarito",1,"Playas de Rosarito","Paseo de la Cascada s/n","Fracc. La Cascada","22710","661 112 86 39","","ceartrosarito@gmail.com",-117.04099,32.30457,"http://sic.gob.mx/ficha.php?table=centro_cultural&table_id=3422","2023-08-01 05:24:13-06"
3771,"Casa de Cultura Municipal de San Quintín","2023-11-01","Concejo Municipal Fundacional de San Quintín",2,"Baja California",6,"San Quintín",1,"San Quintín","Ing. Luis Alcérrega 304","Ejido Nuevo Baja California","22930","616 112 8851","https://www.sanquintin.gob.mx/","aruiz@sanquintin.gob.mx",-115.93391,30.52593,"http://sic.gob.mx/ficha.php?table=centro_cultural&table_id=3771","2026-04-09 13:22:02-06"
3456,"Centro Cultural Comunitario El Papalote ","2010-06-10","Privado",2,"Baja California",6,"San Quintín",196,"El Papalote","Lázaro Cárdenas 507","Ampliación Lomas del Papalote","22930","616 124 6543","","olgaloya75@hotmail.com",-115.92179,30.47144,"http://sic.gob.mx/ficha.php?table=centro_cultural&table_id=3456","2026-04-09 14:23:16-06"
3797,"Centro de Desarrollo Comunitario Maclovio Rojas","2024-02-26","Secretaria del Bienestar Estatal",2,"Baja California",6,"San Quintín",863,"Vicente Guerrero","Ignacio Aldama 645","Col. Maclovio Rojas","22920","616 115 4644","","cdcmacloviorojas@gmail.com",-115.98701,30.72306,"http://sic.gob.mx/ficha.php?table=centro_cultural&table_id=3797","2026-04-09 14:31:12-06"
3444,"Casa de la Cultura de Cd. Constitución","1984-11-12","Ayuntamiento de Comondú/Dirección de Arte y Cultura de Comondú",3,"Baja California Sur",1,"Comondú",1,"Ciudad Constitución","Bahía Dolores 216 entre Misión de Loreto y Pto. San Carlos","Col. Santa Cecilia","23696","613 116 15 14","","arteyculturacomondu@outlook.es",-111.65541,25.02311,"http://sic.gob.mx/ficha.php?table=centro_cultural&table_id=3444","2024-02-23 07:01:37-06"
3446,"Casa de la Cultura de Cd. Insurgentes","1983-03-15","Ayuntamiento de Comondú/Dirección de Arte y Cultura de Comondú",3,"Baja California Sur",1,"Comondú",133,"Ciudad Insurgentes","Álvaro Obregón s/n esq. Av. 16 de Septiembre","Centro","23700","613 113 91 30","","arteyculturacomondu@outlook.es",-111.77673,25.24852,"http://sic.gob.mx/ficha.php?table=centro_cultural&table_id=3446","2024-02-27 03:19:58-06"
3445,"Casa de la Cultura de Puerto San Carlos","1990-01-01","Ayuntamiento de Comondú/Dirección de Arte y Cultura de Comondú",3,"Baja California Sur",1,"Comondú",280,"Puerto San Carlos","Pto. Acapulco s/n esq. Pto. Mazatlán ","Centro","23740","612 102 67 22","","mswolf@outlook.com; arteyculturacomondu@outlook.es",-112.10676,24.78635,"http://sic.gob.mx/ficha.php?table=centro_cultural&table_id=3445","2024-02-27 03:18:51-06"
1590,"Casa de Cultura Homero Yee Lizardi","1000-01-01","Ayuntamiento de Mulegé",3,"Baja California Sur",2,"Mulegé",1,"Santa Rosalía","J. Canet s/n","Centro","23900","(615) 153 00 56","","profemariogastelum@hotmail.com; alba-aurora2011@hotmail.com",-111.98031,26.89289,"http://sic.gob.mx/ficha.php?table=centro_cultural&table_id=1590","2026-02-11 17:16:22-06"
1817,"Casa de la Cultura Federico Galaz Ramírez","1995-10-26","Ayuntamiento de Mulegé",3,"Baja California Sur",2,"Mulegé",1,"Santa Rosalía","Álvaro Obregón s/n esq. Calle 3","Centro","23920","615 161 3027","https://transparencia.cultura-bcs.gob.mx/recinto/7","narcizo.antonio@hotmail.com",-112.26903,27.33666,"http://sic.gob.mx/ficha.php?table=centro_cultural&table_id=1817","2024-04-01 13:57:03-06"
1586,"Casa de Cultura Arturo Castro Castro","1998-01-01","Ayuntamiento de Mulegé",3,"Baja California Sur",2,"Mulegé",66,"Guerrero Negro","Adolfo López Mateos Pte. 231 esq. Av. Domingo Carballo Félix ","Col. Marcelo Rubio","23040","615 157 23 51 ","","casadecultura_gro_negro@hotmail.com; presidenciamulege2011@live.com.mx",-111.98356,26.89223,"http://sic.gob.mx/ficha.php?table=centro_cultural&table_id=1586","2025-10-17 19:03:38-06"
3947,"Casa de los Saberes Jurídicos en La Paz Ministro Ángel González de la Vega Iriarte ","1999-10-01","Suprema Corte de Justicia de la Nación (SCJN) ",3,"Baja California Sur",3,"La Paz",1,"La Paz","Héroes de Independencia 280","Centro","23000","55 4113 100 ext. 8037 y 8034","https://www.sitios.scjn.gob.mx/casascultura/casas-cultura-juridica/la-paz-baja-california-sur","ccjlapaz@mail.scjn.gob.mx",-110.31105,24.15348,"http://sic.gob.mx/ficha.php?table=centro_cultural&table_id=3947","2026-09-24 14:30:14-06"
1767,"Centro Cultural Esperanza Rodríguez ","2006-04-01","OSC Centro Cultural Esperanza Rodríguez, A.C.",3,"Baja California Sur",3,"La Paz",1,"La Paz","Independencia 107 esq. Belisario Domínguez","Zona Central","23000","612 122 99 00","","centroculturaler@gmail.com",-110.30885,24.15612,"http://sic.gob.mx/ficha.php?table=centro_cultural&table_id=1767","2023-04-24 02:25:14-06"
3120,"Centro Cultural El Huevo","2017-03-18","",3,"Baja California Sur",3,"La Paz",1,"La Paz","Belisario Domínguez entre 5 de Mayo y Constitución","Centro","23000","612 152 22 87","https://casaculturalelhuevo.negocio.site/","elhuevolapaz@gmail.com",-110.31394,24.1633,"http://sic.gob.mx/ficha.php?table=centro_cultural&table_id=3120","2021-07-13 07:32:15-05"
2452,"Centro de Artes, Tradiciones y Culturas Populares de Baja California Sur","2010-09-13","Instituto Sudcaliforniano de Cultura",3,"Baja California Sur",3,"La Paz",1,"La Paz","Francisco I. Madero s/n entre Independencia y 5 de Mayo","Centro","23000","612 129 4176","http://www.bcs.gob.mx","centrodeartespopularesbcs@hotmail.com",-110.31394,24.16239,"http://sic.gob.mx/ficha.php?table=centro_cultural&table_id=2452","2025-12-17 14:00:38-06"
2475,"Centro de Seguridad Social IMSS La Paz","1962-06-01","Instituto Mexicano del Seguro Social (IMSS)",3,"Baja California Sur",3,"La Paz",1,"La Paz","Paseo Álvaro Obregón esq. Héroes del 47","Col. Esterito","23020","612 123 67 15","https://www.mexicoescultura.com/recinto/52741/centro-de-seguridad-social-del-imss-la-paz.html","rafael.puppo@imss.gob.mx",-110.30711,24.17118,"http://sic.gob.mx/ficha.php?table=centro_cultural&table_id=2475","2025-07-31 19:52:22-06"
1018,"Centro Cultural Roger de Conynck y Alianza por la lengua francesa  de La  Paz","1979-12-30","Federación de Alianzas Francesas y Franco Mexicanas de México, A.C.",3,"Baja California Sur",3,"La Paz",1,"La Paz","Valentín Gomez Farias 525","Esterito Centro","23070","612 122 28 88","http://www.alianzafrancesa.org.mx/La-Paz/EL-CENTRO-CULTURAL-ROGER-DE-CONYNCK","alianzaporlalenguafrancesabcs@gmail.com",-110.30309,24.1654,"http://sic.gob.mx/ficha.php?table=centro_cultural&table_id=1018","2024-09-17 13:52:32-06"
2421,"Centro Cultural La Paz","2010-09-13","Instituto Sudcaliforniano de Cultura",3,"Baja California Sur",3,"La Paz",1,"La Paz","Av. 16 de septiembre 120 esq.Belisario Domínguez","Centro","23000","(612) 122 00 65","https://culturabcs.gob.mx/","centroculturaldifusion@hotmail.com",-110.30884,24.15967,"http://sic.gob.mx/ficha.php?table=centro_cultural&table_id=2421","2019-01-29 06:41:46-06"
1900,"Casa de Cultura del Estado Maestro Armando Manríquez Manríquez","1000-01-01","Instituto Sudcaliforniano de Cultura",3,"Baja California Sur",3,"La Paz",1,"La Paz","Francisco I. Madero 825 entre Salvatierra y Torre Iglesias","Col. Esterito","23020","612 122 90 40","https://culturabcs.gob.mx/recinto/19/","casaculturaedobcs@yahoo.com.mx",-110.30962,24.16694,"http://sic.gob.mx/ficha.php?table=centro_cultural&table_id=1900","2024-07-02 18:59:28-06"
2876,"Centro Municipal de las Artes de La Paz","2014-12-04","Ayuntamiento de La Paz",3,"Baja California Sur",3,"La Paz",1,"La Paz","Cobre s/n esq. El Hierro","Fracc. El Dorado","23084","612 128 1612","","lapazcma@gmail.com",-110.30546,24.0833,"http://sic.gob.mx/ficha.php?table=centro_cultural&table_id=2876","2025-03-14 14:02:45-06"
283,"Unidad Cultural Profr. Jesús Castro Agúndez","1987-01-26","Instituto Sudcaliforniano de Cultura",3,"Baja California Sur",3,"La Paz",1,"La Paz","Navarro s/n esq. Altamirano y Héroes de la Independencia","Centro","23000","612 122 9101","https://www.diarioelindependiente.mx/2025/01/la-unidad-cultural-prof-jesus-castro-agundez-un-epicentro-del-arte-y-la-educacion-en-bcs","iscdirecciongeneral@yahoo.com.mx	",-110.31749,24.14781,"http://sic.gob.mx/ficha.php?table=centro_cultural&table_id=283","2026-04-10 12:57:28-06"
2651,"Casa de la Cultura Municipal de La Paz","2011-06-04","Ayuntamiento de la Paz",3,"Baja California Sur",3,"La Paz",1,"La Paz","Independencia 807 esq. Valentín Gómez Farías e Ignacio Manuel Altamirano","Centro","23000","612 122 87 84","http://www.lapaz.gob.mx","culturaenlapaz@hotmail.com",-110.30744,24.15782,"http://sic.gob.mx/ficha.php?table=centro_cultural&table_id=2651","2024-04-17 12:09:58-06"
1498,"Centro Cultural Profr. Néstor Agúndez Martínez","1978-10-21","Ayuntamiento de La Paz",3,"Baja California Sur",3,"La Paz",3,"Todos Santos","Benito Juárez s/n","Centro","23300","(612) 145 00 41","https://turismo.lapaz.gob.mx/atractivos/centro-cultural-profr-nestor-agundez-martinez","culturaenlapaz@hotmail.com",-110.2235,23.45088,"http://sic.gob.mx/ficha.php?table=centro_cultural&table_id=1498","2026-05-15 13:22:50-06"
1635,"Casa de Cultura de San Antonio","1972-01-01","Ayuntamiento de La Paz",3,"Baja California Sur",3,"La Paz",766,"San Antonio","Morelos s/n esq. Reforma","Centro","23200","612 138 50 47","","culturaenlapaz@hotmail.com",0,0,"http://sic.gob.mx/ficha.php?table=centro_cultural&table_id=1635","2024-01-15 06:57:47-06"
1920,"Casa de la Cultura Profr. Alfredo Green González","1974-08-28","Instituto de la Cultura y las Artes del Municipio de Los Cabos",3,"Baja California Sur",8,"Los Cabos",1,"San José del Cabo","Álvaro Obregón s/n entre Av. Centenario y Miguel Hidalgo","Centro","23400","624 123 27 11","","icadirecciongral@outlook.com",-109.69456,23.06305,"http://sic.gob.mx/ficha.php?table=centro_cultural&table_id=1920","2023-06-15 08:02:22-06"
179,"Casa de Cultura Profra. Nieves Trasviña de Ceseña","1990-05-01","Instituto de la Cultura y las Artes del Municipio de Los Cabos",3,"Baja California Sur",8,"Los Cabos",54,"Cabo San Lucas","Matamoros s/n esq. Niños Héroes","Centro","23450","624 143 0749","","coorculturacsl@gmail.com",-109.91366,22.88557,"http://sic.gob.mx/ficha.php?table=centro_cultural&table_id=179","2025-06-27 13:40:40-06"
762,"Casa de la Cultura Profra. Francisca Monroy Vda. de Collins","1993-04-29","Instituto de la Cultura y las Artes del Municipio de Los Cabos",3,"Baja California Sur",8,"Los Cabos",159,"Miraflores","Av. Unión 19","Centro","23520 ","624 173 5233","","icadirecciongral@outlook.com",-109.77646,23.3667,"http://sic.gob.mx/ficha.php?table=centro_cultural&table_id=762","2025-12-17 12:52:31-06"
3020,"Casa de Cultura La Ribera","2012-02-14","Instituto de la Cultura y las Artes del Municipio de Los Cabos",3,"Baja California Sur",8,"Los Cabos",217,"La Ribera","Calle 29 de enero s/n esq. Josefina Castillo","Col. La Ribera","23570","624 130 0331","https://www.facebook.com/profile.php?id=100010809766827","casaculturalaribera@gmail.com",-109.58608,23.59653,"http://sic.gob.mx/ficha.php?table=centro_cultural&table_id=3020","2025-05-15 14:44:34-06"
1816,"Casa de Cultura Santiago","1996-09-15","Instituto de la Cultura y las Artes del Municipio de Los Cabos",3,"Baja California Sur",8,"Los Cabos",280,"Santiago","Guadalupe Victoria s/n casi esq. Misioneros de 1930","Col. Santiago","23500","624 130 20 91","http://www.ayuntamientoloscabos.org.mx","trujillojesusangel_49@hotmail.com",-109.71736,23.47563,"http://sic.gob.mx/ficha.php?table=centro_cultural&table_id=1816","2021-06-18 07:20:27-05"
1821,"Casa de la Cultura de Loreto “Profesor Jaime González”","2021-09-17","Ayuntamiento de  Loreto",3,"Baja California Sur",9,"Loreto",1,"Loreto","Calle Juan María De Salvatierra 764","Nuevo Loreto","23880","613 135 2347","loreto.gob.mx","casadelaculturaloretobcs@gmail.com",-111.35475,26.00609,"http://sic.gob.mx/ficha.php?table=centro_cultural&table_id=1821","2023-09-29 08:25:34-06"
558,"Casa de Cultura de Calkiní","1992-10-01","Ayuntamiento de Calkiní",4,"Campeche",1,"Calkiní",1,"Calkiní","Calle 20 esq, 15 ","Centro","24900","996 961 1072","https://calkini.gob.mx/turismo/servicios/","turismo@calkini.gob.mx; turismocalkini@hotmail.com",-90.05073,20.37136,"http://sic.gob.mx/ficha.php?table=centro_cultural&table_id=558","2024-03-04 05:05:04-06"
3360,"Centro Cultural Tienda El Brazo Fuerte","2018-04-01","Privado",4,"Campeche",2,"Campeche",1,"San Francisco de Campeche","C. 55 No. 60, entre 16 y 18","Centro","24000","981 132 72 22","https://tienda-el-brazo-fuerte.negocio.site/?fbclid=IwAR2JtInUKmj5ga-wIka_tWE563elvO5LaryH6RIPZeZFovV7ROHWZZdvHN8","freddyw@outlook.com; cloto_03@hotmail.com",-90.53497,19.84265,"http://sic.gob.mx/ficha.php?table=centro_cultural&table_id=3360","2026-01-23 11:02:21-06"
1362,"Centro Cultural Casa 6","2000-05-01","Secretaría de Turismo de Campeche",4,"Campeche",2,"Campeche",1,"San Francisco de Campeche","Calle 57 s/n entre 8 y 10","Centro","24000","981 816 1782","","dir.admon.sectur@gmail.com; kalayolav@hotmail.com",-90.53696,19.84543,"http://sic.gob.mx/ficha.php?table=centro_cultural&table_id=1362","2025-12-17 12:59:47-06"
1228,"Centro Cultural y Deportivo Universitario de la UACAM (CDUM)","1980-09-01","Universidad Autónoma de Campeche",4,"Campeche",2,"Campeche",1,"San Francisco de Campeche","Ciudad Universitaria, Av. Fernando Montes de Oca s/n ","Col. Buenavista","24039","981 816 2164","https://deporte.uacam.mx/","culturauac@uacam.mx",-90.55786,19.83042,"http://sic.gob.mx/ficha.php?table=centro_cultural&table_id=1228","2026-05-15 10:50:36-06"
1364,"Centro de Cultura Infantil y Juvenil La Chácara","1999-01-01","Instituto de Cultura y Artes de Campeche",4,"Campeche",2,"Campeche",1,"San Francisco de Campeche"," Av. 16 de Septiembre s/n ","Centro Histórico","24000","981 811 42 04","","lachacarainfantilyjuvenil@gmail.com",-90.53679,19.84775,"http://sic.gob.mx/ficha.php?table=centro_cultural&table_id=1364","2025-01-09 11:32:31-06"
3791,"Centro Cultural La Claqueta A.C.","1000-01-01","Asociación Civil",4,"Campeche",2,"Campeche",1,"San Francisco de Campeche","Priv. Limonares, Mz 8 Lote 21","Fracc. Ernesto Zedillo","24023","981 107 42 60","https://www.laclaquetaac.com/","info@laclaquetaac.com; ayuda@laclaquetaac.com",-90.53944,19.84481,"http://sic.gob.mx/ficha.php?table=centro_cultural&table_id=3791","2025-01-09 10:49:30-06"
2991,"Centro Cultural El Claustro","2013-09-02","Instituto de Cultura y Artes del Estado de Campeche/Unidad de Arte y Gestión",4,"Campeche",2,"Campeche",1,"San Francisco de Campeche","Calle 12 núm. 173","Centro","24000","981 811 77 92","https://www.mexicoescultura.com/recinto/67227/centro-cultural-el-claustro.html","elclaustro.lu@gmail.com, elclaustro.serviciosescolares@gmail.com",-90.53779,19.8441,"http://sic.gob.mx/ficha.php?table=centro_cultural&table_id=2991","2026-06-26 19:23:23-06"
3830,"Casa de los Saberes Jurídicos en Campeche Ministro Pedro Guerrero Martínez ","1997-01-01","Suprema Corte de Justicia de la Nación (SCJN) ",4,"Campeche",2,"Campeche",1,"San Francisco de Campeche","Calle 57 núm. 22 entre 12 y 14","Centro","24000","55 4113 1000 ext. 8813","https://www.sitios.scjn.gob.mx/casascultura/casas-cultura-juridica/campeche-campeche","ccjcampeche@scjn.gob.mx",-90.53647,19.8441,"http://sic.gob.mx/ficha.php?table=centro_cultural&table_id=3830","2026-09-24 14:16:21-06"
3381,"Centro de Investigación y Formación Artística y Cultural - CIFAC","2001-01-01","",4,"Campeche",2,"Campeche",1,"San Francisco de Campeche","Calle 10 núm. 69","Barrio de San Francisco","24010","981 206 8573","","cifac.arteycultura@gmail.com",-90.53944,19.84481,"http://sic.gob.mx/ficha.php?table=centro_cultural&table_id=3381","2025-05-20 15:01:44-06"
2874,"Museo y Centro Cultural El Polvorín","1999-08-06","Ayuntamiento de Campeche/Dirección de Desarrollo Económico",4,"Campeche",2,"Campeche",1,"San Francisco de Campeche","Calle 2da. del Niño Artillero s/n","Col. Polvorín","24060","981 127 39 00 ext. 106","https://www.facebook.com/culturamunicipal.gobiernomunicipal.5?fref=ts","deytur@municipiocampeche.gob.mx",-90.52483,19.82694,"http://sic.gob.mx/ficha.php?table=centro_cultural&table_id=2874","2025-05-22 11:37:01-06"
559,"Casa de la Cultura de Carmen","1987-12-01","Ayuntamiento del Carmen/Dirección de Cultura",4,"Campeche",3,"Carmen",1,"Ciudad del Carmen","Calle 24 núm. 34 y 36 entre 27 y 29 ","Centro Histórico","24100","938 384 1870","http://www.carmen.gob.mx","culturacarmen@serivicoscarmen.gob.mx",-91.83383,18.63628,"http://sic.gob.mx/ficha.php?table=centro_cultural&table_id=559","2026-09-03 13:20:43-06"
1188,"Centro Cultural Universitario del Carmen","2000-06-13","Universidad Autónoma del Carmen",4,"Campeche",3,"Carmen",1,"Ciudad del Carmen","Av. Aviación s/n, esq. C. 28","Centro","24100","938 381 10 18 ext. 1315","https://www.unacar.mx/Ext_universitaria/difusion_cultural/ccu.html","ndominguez@delfin.unacar.mx",-91.83456,18.6384,"http://sic.gob.mx/ficha.php?table=centro_cultural&table_id=1188","2026-02-26 13:50:12-06"
3894,"Centro Cultural Comunitario Manigua","2014-01-30","Ayuntamiento de Carmen/Dirección de Cultura ",4,"Campeche",3,"Carmen",1,"Ciudad del Carmen","Av. 5 de mayo s/n entre Juan Escutia y Juan de la Barrera","Col. Manigua","24187","938 381 2870 ext. 1101","","casadeculturacarmen@gmail.com",-91.81869,18.63379,"http://sic.gob.mx/ficha.php?table=centro_cultural&table_id=3894","2025-08-13 10:41:30-06"
3895,"Centro Cultural Emiliano Zapata","2023-01-20","Ayuntamiento de Carmen/Dirección de Cultura ",4,"Campeche",3,"Carmen",1,"Ciudad del Carmen","Av. Puerto Progreso s/n","Col. Volcanes","24155","938 382 0800","","casadeculturacarmen@gmail.com",-91.78319,18.64477,"http://sic.gob.mx/ficha.php?table=centro_cultural&table_id=3895","2025-08-13 13:27:04-06"
3896,"Casa de Cultura de la Coordinación de Formación y Desarrollo Artístico","1987-12-01","Ayuntamiento de Carmen/Dirección de Cultura ",4,"Campeche",3,"Carmen",1,"Ciudad del Carmen","Calle 24 núm. 42","Centro","24100","938 384 1870","","casadeculturacarmen@gmail.com",-91.83397,18.63643,"http://sic.gob.mx/ficha.php?table=centro_cultural&table_id=3896","2025-08-13 14:13:00-06"
3767,"Casa de la Cultura de Champotón Anastacio Castillo Navarro","2018-01-01","Ayuntmiento de Champotón",4,"Campeche",4,"Champotón",1,"Champotón","Calle 6 entre 41 y 1","Col. Ulises Sansores","24400 ","982 82 8 06 93","","presidencia@champoton.com.mx",-90.72088,19.3463,"http://sic.gob.mx/ficha.php?table=centro_cultural&table_id=3767","2024-04-29 13:48:08-06"
566,"Casa de la Cultura de Hecelchakán","1997-01-01","Ayuntamiento de Hecelchakán",4,"Campeche",5,"Hecelchakán",1,"Hecelchakán","Calle 20 s/n","Centro","24800","996 827 00 71","","brai_1000@hotmail.com; mirabel.c@hotmail.com",-90.1344,20.17676,"http://sic.gob.mx/ficha.php?table=centro_cultural&table_id=566","2025-12-22 11:26:00-06"
576,"Centro Cultural Los Chenes","1988-01-01","Ayuntamiento de Hopelchén",4,"Campeche",6,"Hopelchén",1,"Hopelchén","Calle 23 núm. 28 x calle 24","Centro","24600","996 822 00 89","","centroculturalchenes@hotmail.com",-89.84714,19.74481,"http://sic.gob.mx/ficha.php?table=centro_cultural&table_id=576","2024-04-15 11:21:26-06"
573,"Casa de Cultura de Municipio de Palizada","1991-05-22","Ayuntamiento de Palizada",4,"Campeche",7,"Palizada",1,"Palizada","Degollado s/n","Centro","24200","","https://palizada.gob.mx/dotan-de-instrumentos-musicales-y-vestuario-a-alumnos-de-musica-de-casa-de-cultura/","juanjesus_jimenezlara@hormail.com",-92.09344,18.2544,"http://sic.gob.mx/ficha.php?table=centro_cultural&table_id=573","2025-08-22 18:55:04-06"
575,"Casa de la Cultura de Tenabo","1989-01-01","Ayuntamiento de Tenabo",4,"Campeche",8,"Tenabo",1,"Tenabo","Calle 10 s/n","Centro","24700","","","penrril_79@hotmail.com",0,0,"http://sic.gob.mx/ficha.php?table=centro_cultural&table_id=575","2024-01-10 09:17:44-06"
565,"Casa de Cultura Ing. Humberto Manuel Cahuich Jesús","1991-05-14","Ayuntamiento de Escárcega",4,"Campeche",9,"Escárcega",1,"Escárcega","Calle 22 entre 41 y 43","Col. Morelos","24350","982 824 00 69","","caty-444@hotmail.com",-90.73902,18.60157,"http://sic.gob.mx/ficha.php?table=centro_cultural&table_id=565","2024-01-03 05:18:17-06"
689,"Casa de la Cultura de Ciudad Acuña","1980-02-25","Municipio de Acuña",5,"Coahuila de Zaragoza",2,"Acuña",1,"Ciudad Acuña","Guerrero 850 entre Villaldama y Lerdo","Centro","26200","8777725144","https://coahuilacultura.gob.mx/","casadelacultura1416@gmail.com",-100.93241,29.31886,"http://sic.gob.mx/ficha.php?table=centro_cultural&table_id=689","2023-07-11 06:35:46-06"
469,"Casa de Cultura de Allende","2000-03-10","Ayuntamiento de Allende",5,"Coahuila de Zaragoza",3,"Allende",1,"Allende","Matamoros Nte. esq. Guerrero","Centro","26553","(862) 621 06 21","","",-100.8527,28.34245,"http://sic.gob.mx/ficha.php?table=centro_cultural&table_id=469","2018-10-31 07:49:08-06"
487,"Casa de la Cultura Cuatro Ciénegas","1994-10-05","Patronato Casa de la Cultura Cuatro Ciénegas, A.C.",5,"Coahuila de Zaragoza",7,"Cuatro Ciénegas",1,"Cuatro Ciénegas de Carranza","Hidalgo 401 Pte.","Centro","27640","869  696 17 17","","casadelacultura94@hotmail.com",-102.06994,26.98534,"http://sic.gob.mx/ficha.php?table=centro_cultural&table_id=487","2025-06-17 16:42:39-06"
471,"Casa de Cultura de Francisco I. Madero","1000-01-01","Ayuntamiento de Francisco I. Madero",5,"Coahuila de Zaragoza",9,"Francisco I. Madero",1,"Francisco I. Madero (Chávez)","Av. Vicente Guerrero s/n","Col. Benito Juárez","27900","(872) 773 02 92","","casadelacultura.madero@hotmail.com",-103.27081,25.76695,"http://sic.gob.mx/ficha.php?table=centro_cultural&table_id=471","2025-09-22 16:43:25-06"
2611,"Casa de la Cultura de Guerrero","2009-03-16","Secretaría de Cultura del Estado de Coahuila de Zaragoza",5,"Coahuila de Zaragoza",12,"Guerrero",1,"Guerrero","Matamoros 5","Zona Centro","26640","862 626 4197","","casaculturagro@hotmail.com",-100.3798,28.30773,"http://sic.gob.mx/ficha.php?table=centro_cultural&table_id=2611","2025-07-03 10:13:12-06"
489,"Casa de Cultura de Juárez","1000-01-01","Ayuntamiento de Juárez/Dirección de Cultura",5,"Coahuila de Zaragoza",15,"Juárez",1,"Juárez","Benito Juárez s/n ","Centro","25400","861 109 83 44","","carlalopezbernal@gmail.com",-100.72754,27.60643,"http://sic.gob.mx/ficha.php?table=centro_cultural&table_id=489","2024-04-03 11:59:33-06"
466,"Casa de Cultura de Matamoros","1000-01-01","Ayuntamiento de Matamoros/Instituto Matamorense para la Cultura y las Artes  (IMACULTA) ",5,"Coahuila de Zaragoza",17,"Matamoros",1,"Matamoros","Pabellón s/n entre Av. Hidalgo e Independencia","","27440","(871) 762 20 94","","josealfredo_22@hotmail.com",0,0,"http://sic.gob.mx/ficha.php?table=centro_cultural&table_id=466","2019-12-02 05:01:45-06"
465,"Casa de las Artes de Monclova","2002-05-31","Ayuntamiento de Monclova/Dirección de Arte y Cultura",5,"Coahuila de Zaragoza",18,"Monclova",1,"Monclova","Hinojosa 208","Centro","25700","866 632 49 49","","dchtallerdearte@gmail.com",-101.41236,26.88956,"http://sic.gob.mx/ficha.php?table=centro_cultural&table_id=465","2025-01-09 13:35:18-06"
4001,"Casa de Cultura Sra. Carmen E. de Ancira","2013-12-06","Ayuntamiento de Múzquiz/Dirección de Cultura",5,"Coahuila de Zaragoza",20,"Múzquiz",1,"Ciudad Melchor Múzquiz","Carr. Palaú-Sauz s/n","Col. Nicolas Torres, localidad Villa de Palaú","26350","864 126 5442","","efrain.garcia@docentecoahuila.gob.mx",-101.51652,27.87755,"http://sic.gob.mx/ficha.php?table=centro_cultural&table_id=4001","2026-07-24 11:58:49-06"
490,"Casa de Cultura Capital Don Miguel de la Garza Falcón","1973-10-16","Ayuntamiento de Múzquiz",5,"Coahuila de Zaragoza",20,"Múzquiz",1,"Ciudad Melchor Múzquiz","Int. Centro Recreativo La Cascada, Adolfo E. Romo s/n","Col. La Cascada","26340","864 616 19 41","","enedeliarodriguez2010@hotmail.com",0,0,"http://sic.gob.mx/ficha.php?table=centro_cultural&table_id=490","2026-07-23 14:56:59-06"
491,"Centro Cultural Nancy Cárdenas ","1974-10-17","Secretaría de Cultura del Gobierno del Estado de Coahuila de Zaragoza",5,"Coahuila de Zaragoza",24,"Parras",1,"Parras de la Fuente","Allende 202","Centro","27980","842 422 2467     ","https://coahuilacultura.gob.mx/","rosa.flores12@coahuila.gob.mx",-102.18313,25.44049,"http://sic.gob.mx/ficha.php?table=centro_cultural&table_id=491","2026-02-03 13:46:48-06"
492,"Casa de Cultura de Piedras Negras","1975-01-01","Ayuntamiento de Piedras Negras",5,"Coahuila de Zaragoza",25,"Piedras Negras",1,"Piedras Negras","Adolfo López Mateos 1334","Centro","26025","(878) 782 26 56","","icocultnorte@prodigy.net.mx; claudiaelenaheath@gmail.com",-100.5247,28.70305,"http://sic.gob.mx/ficha.php?table=centro_cultural&table_id=492","2026-02-17 18:05:50-06"
2830,"Casa de las Artes de Piedras Negras","2010-12-22","Gobierno del Estado de Coahuila",5,"Coahuila de Zaragoza",25,"Piedras Negras",1,"Piedras Negras","Zaragoza Nte. 409","Centro","26000","878 782 26 56","https://piedrasnegras.gob.mx/inicio","",-100.5146,28.70499,"http://sic.gob.mx/ficha.php?table=centro_cultural&table_id=2830","2026-09-29 13:07:16-06"
1027,"Centro Cultural del ISSSTE ","1981-05-01","Instituto de Seguridad y Servicios Sociales de los Trabajadores del Estado ",5,"Coahuila de Zaragoza",25,"Piedras Negras",1,"Piedras Negras","Av. Lázaro Cárdenas s/n  esq. Mazatlán","Col. ISSSTE","26070","878 782 22 98","","sromero@issste.gob.mx",-100.54342,28.68554,"http://sic.gob.mx/ficha.php?table=centro_cultural&table_id=1027","2023-08-08 05:37:07-06"
2975,"Centro Cultural Multimedia 2000","2004-01-01","Patronato del Centro Cultural Multimedia 2000, A.C.",5,"Coahuila de Zaragoza",25,"Piedras Negras",1,"Piedras Negras","Blvd. República 505","","26025","(878) 783 76 50","www.multimedia2000.org","mirtala_barrera@hotmail.com; mmadero@multimedia2000.org; mmadero@multimedia2000.org",-100.56197,28.70635,"http://sic.gob.mx/ficha.php?table=centro_cultural&table_id=2975","2025-10-27 18:25:13-06"
493,"Casa de Cultura de Progreso","2007-01-01","Ayuntamiento de Progreso",5,"Coahuila de Zaragoza",26,"Progreso",1,"Progreso","Independencia 205","Centro","25420","861 611 10 49","","",0,0,"http://sic.gob.mx/ficha.php?table=centro_cultural&table_id=493","2023-07-27 04:48:51-06"
1311,"Casa de la Cultura de Ramos Arizpe","2023-04-10","Ayuntamiento de Ramos Arizpe",5,"Coahuila de Zaragoza",27,"Ramos Arizpe",1,"Ramos Arizpe","Valle de las labores 150","Col. El Capitán","25903","WhatsApp 844 159 0171","http://www.culturacoahuila.gob.mx/site/directorio/casas-de-cultura/casa-de-la-cultura-de-ramos-arizpe","casa.cultura.0505@gmail.com",-100.94602,25.5549,"http://sic.gob.mx/ficha.php?table=centro_cultural&table_id=1311","2026-09-22 11:40:16-06"
495,"Casa de Cultura de Sabinas","1996-12-03","Ayuntamiento de Sabinas",5,"Coahuila de Zaragoza",28,"Sabinas",1,"Sabinas","Emilio Carranza esq. Gómez Farías","Centro","26700","861 612 91 34","https://coahuilacultura.gob.mx/ubicaciones/casa-de-la-cultura-de-sabinas/","cultura_sabinas@hotmail.com",-101.11804,27.84948,"http://sic.gob.mx/ficha.php?table=centro_cultural&table_id=495","2023-12-20 08:00:38-06"
2732,"Centro Multimedia el Nodo Estación Creativa","2010-01-01","Ayuntamiento de Saltillo",5,"Coahuila de Zaragoza",30,"Saltillo",1,"Saltillo","Blvd. Otilio Zurdo Galván 102","Col. 26 de Marzo","25000","844 489 11 27 y 28","","imcs.teatrogarciacarrillo@gmail.com",-101.01313,25.38935,"http://sic.gob.mx/ficha.php?table=centro_cultural&table_id=2732","2025-12-15 19:25:19-06"
1491,"Centro Cultural Teatro García Carrillo","1999-01-01","Ayuntamiento de Saltillo/Instituto Municipal de Cultura de Saltillo",5,"Coahuila de Zaragoza",30,"Saltillo",1,"Saltillo","Aldama 315 esq.  Allende","Centro Histórico","25000","844 414 21 26","","direccion18.imcs@gmail.com",-101.00129,25.42358,"http://sic.gob.mx/ficha.php?table=centro_cultural&table_id=1491","2025-04-22 08:50:38-06"
2425,"Centro Cultural Casa Purcell","2005-03-31","Ayuntamiento de Saltillo/Instituto Municipal de Cultura de Saltillo",5,"Coahuila de Zaragoza",30,"Saltillo",1,"Saltillo","Hidalgo 231 esq. Aldama","Centro","25000","844 414 5536, 844 414 5080","http://www.culturasaltillo.com","direccion18.imcs@gmail.com",-100.99998,25.42256,"http://sic.gob.mx/ficha.php?table=centro_cultural&table_id=2425","2026-05-19 13:53:04-06"
1268,"Centro Cultural y de Bellas Artes Santa Anita","1976-11-15","Secretaría de Cultura del Estado de Coahuila de Zaragoza",5,"Coahuila de Zaragoza",30,"Saltillo",1,"Saltillo","Jesús Nuncio s/n esq. La Fragua","Fracc. Santa Anita","25000","844 414 4103","","secretaria.cultura.coahuila@hotmail.com;  Santanita_1@hotmail.com",-100.99247,25.4107,"http://sic.gob.mx/ficha.php?table=centro_cultural&table_id=1268","2024-08-28 09:01:52-06"
2807,"Recinto Cultural Universitario Aurora Morales de López","2010-02-01","Universidad Autónoma de Coahuila",5,"Coahuila de Zaragoza",30,"Saltillo",1,"Saltillo","Ramos Arizpe 229","Centro","25000","844 410 32 03","","recintoaurora@gmail.com",-101.0022,25.42039,"http://sic.gob.mx/ficha.php?table=centro_cultural&table_id=2807","2025-06-27 14:24:16-06"
1345,"Casa de la Cultura de Saltillo","1978-06-01","Secretaría de Cultura del Estado de Coahuila de Zaragoza",5,"Coahuila de Zaragoza",30,"Saltillo",1,"Saltillo","Miguel Hidalgo Sur 359 entre Escobedo y Ramos","Centro","25000","844 414 39 58","","jeanasol@hotmail.com",-101.00114,25.41879,"http://sic.gob.mx/ficha.php?table=centro_cultural&table_id=1345","2024-01-12 08:22:13-06"
324,"Centro Cultural Vito Alessio Robles","1999-03-26","Secretaría de Educación del Estado de Coahuila de Zaragoza",5,"Coahuila de Zaragoza",30,"Saltillo",1,"Saltillo","Hidalgo s/n  esq. Aldama","Centro Histórico","25000","844 412 84 58    ","https://coahuilacultura.gob.mx/","cecuvar99@yahoo.com.mx",-100.99949,25.42306,"http://sic.gob.mx/ficha.php?table=centro_cultural&table_id=324","2026-06-22 14:42:23-06"
3847,"Casa de los Saberes Jurídicos en Saltillo Ministro Vicente Santos Guajardo","2014-06-01","Suprema Corte de Justicia de la Nación",5,"Coahuila de Zaragoza",30,"Saltillo",1,"Saltillo","Primo de Verdad 501","Bellavista","25060","55 4113 1000 ext. 8355 y 8357","https://www.sitios.scjn.gob.mx/casascultura/casas-cultura-juridica/saltillo-coahuila","ccjsaltillo@mail.scjn.gob.mx",-101.01057,25.41249,"http://sic.gob.mx/ficha.php?table=centro_cultural&table_id=3847","2026-09-24 14:18:15-06"
1494,"Centro Cultural Universitario","1993-09-29","Universidad Autónoma de Coahuila",5,"Coahuila de Zaragoza",30,"Saltillo",1,"Saltillo","Unidad Camporredondo, Edificio F","","25020","844 410 25 42 ext. 107","http://www.uadec.mx/dpc/?fbclid=IwAR2ayNWD4MpvD8XOVIAkFOsJLa5b2TMnMIieDkxiZSlw8KU0Uz4a0hggy2g","difusioncultural@uadec.edu.mx, gustavolara@uadec.edu.mx",-100.97579,25.43126,"http://sic.gob.mx/ficha.php?table=centro_cultural&table_id=1494","2023-09-20 07:56:57-06"
1119,"Departamento de acción social, cultural y deportivo del ISSSTE en Coahuila","1982-01-01","Instituto de Seguridad y Servicios Sociales de los Trabajadores del Estado (ISSSTE)",5,"Coahuila de Zaragoza",30,"Saltillo",1,"Saltillo","Victoria 416","Zona Centro","25000","(844) 438 98 98  ext. 65082	","http://www.issste.gob.mx","jorge.valdes@issste.gob.mx",-101.00608,25.42459,"http://sic.gob.mx/ficha.php?table=centro_cultural&table_id=1119","2024-03-06 07:42:48-06"
3090,"Casa de la Cultura Manuel Neira Barragán","1000-01-01","Municipio de  San Buenaventura",5,"Coahuila de Zaragoza",31,"San Buenaventura",1,"San Buenaventura","Calle Manuel Neira Barragán (frente a la Plazuela Eliodoro Rodríguez)","Zona Centro","25500","869 694 3127","https://coahuilacultura.gob.mx/ubicaciones/casa-de-la-cultura-manuel-neira-barragan/","educacion.cultura22-24@outlook.com",-101.54837,27.0585,"http://sic.gob.mx/ficha.php?table=centro_cultural&table_id=3090","2025-06-17 16:03:47-06"
2976,"Casa de la Cultura María del Pilar Tijerina de Guadina","1993-06-11","Ayuntamiento de San Juan Sabinas",5,"Coahuila de Zaragoza",32,"San Juan de Sabinas",14,"Nueva Rosita","Presidente Juárez s/n","Col. Sarabia","26860","861 614 18 60","https://nuevarosita.gob.mx/?fbclid=IwY2xjawKv8DFleHRuA2FlbQIxMABicmlkETFScUp1SGRqY2JOYzNuN0F2AR6_XY8oFOY8ybhsl2mZlWDkIw71dliBDl8p6kYzHH_OLEi3RPyM6iLH6Z2uWA_aem_ZY09vYHNcyuiwDe3nR3Dwg","contacto@nuevarosita.gob.mx ",-101.21443,27.94563,"http://sic.gob.mx/ficha.php?table=centro_cultural&table_id=2976","2025-06-06 10:07:26-06"
931,"Casa de Cultura de San Pedro de las Colonias","1000-01-01","Ayuntamiento de San Pedro",5,"Coahuila de Zaragoza",33,"San Pedro",1,"San Pedro","Hidalgo s/n  esq. Francisco I. Madero","Centro","27800","872 772 3623","https://www.sanpedrodelascolonias.com/casadelacultura/","",-102.98355,25.7587,"http://sic.gob.mx/ficha.php?table=centro_cultural&table_id=931","2023-06-20 06:34:37-06"
3117,"Centro Cultural y Deportivo Jabonera La Unión","2016-12-03","",5,"Coahuila de Zaragoza",35,"Torreón",1,"Torreón","Blvd. Laguna Sur s/n","Col. Segunda Rinconada de la Unión","27360","871 500 7093","","amarrocas@hotmail.com",-103.46363,25.52846,"http://sic.gob.mx/ficha.php?table=centro_cultural&table_id=3117","2025-07-04 18:49:43-06"
3987,"Casa La Morelos ","2022-11-01","Privado ",5,"Coahuila de Zaragoza",35,"Torreón",1,"Torreón","Av. Morelos 1340 Pte.","Centro","27000","871 712 5147","","info.casalamorelos@gmail.com",-103.46328,25.53899,"http://sic.gob.mx/ficha.php?table=centro_cultural&table_id=3987","2026-05-14 09:48:27-06"
3282,"Centro Cultural Casa Mudéjar","2019-10-14","Instituto Municipal de Cultura y Educación de Torreón (IMCE)",5,"Coahuila de Zaragoza",35,"Torreón",1,"Torreón","Ildefonso Fuentes 66 sur","Centro Histórico","27000","871 753 2106","","centroculturalmudejar@gmail.com",-103.45577,25.54081,"http://sic.gob.mx/ficha.php?table=centro_cultural&table_id=3282","2025-03-27 18:37:08-06"
1493,"Centro Cultural Pablo C. Moreno","1987-11-20","Ayuntamiento de Torreón",5,"Coahuila de Zaragoza",35,"Torreón",1,"Torreón","Av. Allende 1545 esq. Juan Antonio de la Fuente","Primitivo Centro","27000","871 716 84 04","","",-103.46556,25.54008,"http://sic.gob.mx/ficha.php?table=centro_cultural&table_id=1493","2020-09-24 07:45:15-05"
1379,"Centro Cultural José R. Mijares","1987-11-20","Ayuntamiento de Torreón",5,"Coahuila de Zaragoza",35,"Torreón",1,"Torreón","Av. Bravo esq. Calle 17 Juan Gutemberg","Centro","27000","871 713 2644","","",-103.4302,25.54487,"http://sic.gob.mx/ficha.php?table=centro_cultural&table_id=1379","2026-05-13 11:14:32-06"
3854,"Casa de los Saberes Jurídicos en Torreón Ministro Raúl Castellano Jiménez ","1998-03-28","Suprema Corte de Justicia de la Nación (SCJN) ",5,"Coahuila de Zaragoza",35,"Torreón",1,"Torreón","Valentín Gómez Farías 997 Oriente","Centro","27000","55 4113 1000 ext. 8341 y 8337","https://www.sitios.scjn.gob.mx/casascultura/casas-cultura-juridica/torreon-coahuila","ccjtorreon@mail.scjn.gob.mx",-103.4378,25.55552,"http://sic.gob.mx/ficha.php?table=centro_cultural&table_id=3854","2026-09-25 12:30:32-06"
3773,"Centro Cultural Antigua Harinera Artes y Oficios","2021-12-16","Dirección General de Cultura del Ayuntamiento de Torreón ",5,"Coahuila de Zaragoza",35,"Torreón",1,"Torreón","Blvrd. Revolución 24, planta alta","Col. Primitivo Centro","27000 ","Whatsapp: 871 242 6208","","",-103.46891,25.53527,"http://sic.gob.mx/ficha.php?table=centro_cultural&table_id=3773","2026-05-13 11:11:00-06"
2987,"Centro Cultural Casa del Artista Colón CACTO (Casa de Cantera)","2007-09-14","",5,"Coahuila de Zaragoza",35,"Torreón",1,"Torreón","Av. Juárez 27 ote. esq. Calz. Colón","Centro","27000","871 793 04 59","","info@casadelartista.com.mx ",-103.44807,25.53823,"http://sic.gob.mx/ficha.php?table=centro_cultural&table_id=2987","2023-02-07 07:07:38-06"
3092,"Centro Cultural Universitario Braulio Fernández Aguirre","2001-01-01","Universidad Autónoma de Coahuila",5,"Coahuila de Zaragoza",35,"Torreón",1,"Torreón","Carr. Torreón-Matamoros Km. 7.5","Ejido El Águila","27276","871 466 9762","http://www.uadec.mx/c-culturalt/","dorasalinas@uadec.edu.mx",-103.33257,25.52972,"http://sic.gob.mx/ficha.php?table=centro_cultural&table_id=3092","2024-11-28 10:17:11-06"
498,"Casa de la Cultura de Viesca","2007-09-01","Secretaría de Cultura del Estado de Coahuila de Zaragoza",5,"Coahuila de Zaragoza",36,"Viesca",1,"Viesca","Hidalgo 3","Centro","27480","671 764 05 94","","casacult_viesca@hotmail.com",-102.80505,25.34181,"http://sic.gob.mx/ficha.php?table=centro_cultural&table_id=498","2025-07-04 18:29:42-06"
695,"Casa de la Cultura de Zaragoza","2009-03-06","Secretaría de Cultura del Estado de Coahuila de Zaragoza",5,"Coahuila de Zaragoza",38,"Zaragoza",1,"Zaragoza","Av. Ignacio Zaragoza Sur s/n","Centro","26453","(862) 626 19 41","","ram0274@hotmail.com",-100.91633,28.48399,"http://sic.gob.mx/ficha.php?table=centro_cultural&table_id=695","2026-05-25 17:05:53-06"
112,"Casa de la Cultura de Armería","2008-04-07","Ayuntamiento de Armería/Dirección de Educación Cívica, Cultura y Deporte/Coordinación de Cultura",6,"Colima",1,"Armería",1,"Ciudad de Armería","Cristóbal Colón s/n","Col. La Limonera","28307","313 322 16 87","http://culturacolima.gob.mx/","culturaarmeria@gmail.com",-103.96639,18.94272,"http://sic.gob.mx/ficha.php?table=centro_cultural&table_id=112","2025-09-03 18:44:37-06"
2959,"Centro Cultural Daniel Cosío Villegas ","2010-03-08","Secretaría de Cultura de Gobierno del Estado de Colima",6,"Colima",2,"Colima",1,"Colima","Av Leonardo Bravo s/n ","Lázaro Cárdenas","28047","","","celeste@culturacolima.gob.mx; cc.daniel.cosio.villegas@gmail.com",-103.69296,19.24267,"http://sic.gob.mx/ficha.php?table=centro_cultural&table_id=2959","2025-09-05 09:31:23-06"
3835,"Casa de los Saberes Jurídicos en Colima Miguel González Castro ","1998-01-01","Suprema Corte de Justicia de la Nación (SCJN)",6,"Colima",2,"Colima",1,"Colima","Miguel Hidalgo 158, 164, 170","Centro","28000","55 4113 1000 exts. 8465, 8469","https://www.sitios.scjn.gob.mx/casascultura/casas-cultura-juridica/colima-colima","ccjcolima@mail.scjn.gob.mx; GTorresV@scjn.gob.mx",-103.72592,19.24091,"http://sic.gob.mx/ficha.php?table=centro_cultural&table_id=3835","2026-09-24 14:55:07-06"
3098,"Fábrica de Innovación Creativa El Tívoli","2018-01-01","Gobierno del Estado de Colima/Secretaría de Cultura de Colima",6,"Colima",2,"Colima",1,"Colima","Calle 18 de Marzo s/n","Col. El Tívoli","28080","","","correo@culturacolima.gob.mx; dgahculturacolima@gmail.com",-103.73056,19.22856,"http://sic.gob.mx/ficha.php?table=centro_cultural&table_id=3098","2025-09-05 10:23:56-06"
2406,"Centro Cultural Balbino Dávalos","2010-01-19","Secretaría de Cultura del Gobierno del Estado de Colima",6,"Colima",2,"Colima",1,"Colima","Av. Mérida s/n esq. Nuevo León","Col. Cuauhtémoc","28048","312 313 3786","https://www.col.gob.mx/cultura","centroculturalbalbinosdavalos.culturacolima@gmail.com; c.balbino.davalos@gmail.com",-103.69676,19.23213,"http://sic.gob.mx/ficha.php?table=centro_cultural&table_id=2406","2025-09-05 09:22:22-06"
463,"Casa de la Cultura de Colima","1981-09-01","Secretaría de Cultura del Gobierno del Estado de Colima",6,"Colima",2,"Colima",1,"Colima","Av. Ejército Nacional s/n esq. Calz. Pedro Galván Nte.","Centro","28000","312 316 2000 ext. 28021 ","http://culturacolima.gob.mx","despacho.cultura2021@gmail.com ",-103.71493,19.24189,"http://sic.gob.mx/ficha.php?table=centro_cultural&table_id=463","2025-09-05 09:20:46-06"
971,"Centro Cultural del ISSSTE Casa del Trabajador","1000-01-01","Instituto de Seguridad y Servicios Sociales de los Trabajadores del Estado (ISSSTE)",6,"Colima",2,"Colima",1,"Colima","Francisco Hernández Espinoza s/n","Col. Fovissste","28040","312 312 6940","","",-103.70672,19.24278,"http://sic.gob.mx/ficha.php?table=centro_cultural&table_id=971","2025-09-05 10:01:49-06"
766,"Casa de la Cultura de Comala","2002-07-01","Ayuntamiento de Comala/Dirección de Educación, Cultura y Deporte",6,"Colima",3,"Comala",1,"Comala","Hidalgo s/n esq. Reforma","Centro","28450","312 315 55 47","http://comala.gob.mx","comalaculturaofficial@gmail.com",-103.75545,19.32618,"http://sic.gob.mx/ficha.php?table=centro_cultural&table_id=766","2025-08-26 14:30:46-06"
1177,"Centro Cultural Nogueras","1996-10-01","Universidad de Colima",6,"Colima",3,"Comala",1,"Comala","Calle Degollado s/n, ","Nogueras","28454","312 315  6028","","",-103.73962,19.32464,"http://sic.gob.mx/ficha.php?table=centro_cultural&table_id=1177","2025-07-14 19:25:07-06"
3024,"Centro Estatal de la Artes Comala","2017-05-22","Subsecretaría de Cultura del Gobierno del Estado de Colima",6,"Colima",3,"Comala",1,"Comala","Km. 5.5 Carr. Villa de Álvarez-Comala","Centro","28450","312 313 99 68","https://culturacolima.gob.mx/centro-estatal-de-las-artes/","academicacea@culturacolima.gob.mx",-103.75958,19.31513,"http://sic.gob.mx/ficha.php?table=centro_cultural&table_id=3024","2025-08-27 11:31:33-06"
2962,"Centro Cultural Juan Rulfo","2015-06-15","Ayuntamiento de Comala/Dirección de Educación, Cultura y Deporte",6,"Colima",3,"Comala",1,"Comala","Progreso 25","Centro","28450","312 307 2073","","comalaculturaofficial@gmail.com",-103.7586,19.32287,"http://sic.gob.mx/ficha.php?table=centro_cultural&table_id=2962","2025-07-14 17:18:42-06"
3436,"Centro Cultural Suchitlán","2022-05-26","H. Ayuntamiento de Comala/ Dirección de Educación, Cultura y Deporte",6,"Colima",3,"Comala",35,"Suchitlán","Orquídea esq. Lirio","Suchitlán","28459","312 200 96 48","https://www.col.gob.mx/cultura?fbclid=IwY2xjawLieBlleHRuA2FlbQIxMABicmlkETE0cENBRXd4ejF4ZU82MElIAR6EibUpE49jI3ncS_7ttRkHFbPbncLSv1w_STZ_MZn9XgJLB9ywZhe-ZThZgQ_aem_AEpfJ4Wsn2Si9Mr78Y6Rsw","centroculturalsuchitlan@gmail.com",-103.71339,19.37615,"http://sic.gob.mx/ficha.php?table=centro_cultural&table_id=3436","2025-07-14 18:24:03-06"
2401,"Casa de la Cultura de Coquimatlán","2003-11-01","Ayuntamiento de Coquimatlán/Dirección de Cultura",6,"Colima",4,"Coquimatlán",1,"Coquimatlán","Venustiano Carranza 198 esq. Constituyentes","Centro","28400","312 690 8068","https://coquimatlan.gob.mx/","jg346301@gmail.com",-103.81247,19.20143,"http://sic.gob.mx/ficha.php?table=centro_cultural&table_id=2401","2025-06-18 12:28:05-06"
1165,"Casa de la Cultura de Cuauhtémoc","2003-01-01","Ayuntamiento de Cuauhtémoc/Dirección de Educación y Cultura de Cuauhtémoc",6,"Colima",5,"Cuauhtémoc",1,"Cuauhtémoc","Libertad 9","Centro","28500","312 328 0808","https://www.cuauhtemoc-col.gob.mx/portal/","secretariacuauhtemoc@cuauhtemoc-col.gob.mx; culturaydeporte@cuauhtemoc-col.gob.mx",-103.60107,19.32875,"http://sic.gob.mx/ficha.php?table=centro_cultural&table_id=1165","2026-08-27 11:09:42-06"
2402,"Casa de la Cultura de Ixtlahucán","2003-01-01","Ayuntamiento de Ixtlahucán",6,"Colima",6,"Ixtlahuacán",1,"Ixtlahuacán","México 2 esq. Niño Artillero","Centro","28700","313 324 90 72, 324 90 32","","dmec_ixtlahuacan@outlook.com",0,0,"http://sic.gob.mx/ficha.php?table=centro_cultural&table_id=2402","2021-05-05 08:32:29-05"
3424,"Centro Cultural Profra. Julia Piza Miranda","2000-01-12","Dirección General de Cultura de Colima",6,"Colima",7,"Manzanillo",1,"Manzanillo","Ant. Estación del Ferrocarril, Av. Niños Héroes s/n","Centro","28200","314 332 50 91","","bibliojuliapiza.culturacolima@gmail.com",-104.31372,19.05321,"http://sic.gob.mx/ficha.php?table=centro_cultural&table_id=3424","2025-09-04 14:25:17-06"
1685,"Centro Universitario De Bellas Artes de Manzanillo","1987-08-27","Universidad de Colima",6,"Colima",7,"Manzanillo",1,"Manzanillo","Av. Elías Zamora Verduzco 269","Col. Valle de las Garzas","28219","314 333 13 41","","cubam@ucol.mx",-104.30509,19.09858,"http://sic.gob.mx/ficha.php?table=centro_cultural&table_id=1685","2025-06-30 14:42:59-06"
3908,"Casa-Estudio Las Brisas","1000-01-01","Dirección General de Cultura  de Manzanillo",6,"Colima",7,"Manzanillo",1,"Manzanillo","Revolución 79","Morelos","28218","3143329125","","cultura.mzo@gmail.com",-104.30365,19.07916,"http://sic.gob.mx/ficha.php?table=centro_cultural&table_id=3908","2025-09-01 16:01:39-06"
2717,"Centro Cultural Salahua","2010-10-28","Dirección General de Cultura  de Manzanillo",6,"Colima",7,"Manzanillo",1,"Manzanillo","Octavio Paz s/n esq. Fray Luis D.L. ","Fracc. Nuevo Salagua","28869","314 138 26 88","","cultura.mzo@gmail.com",-104.32744,19.11357,"http://sic.gob.mx/ficha.php?table=centro_cultural&table_id=2717","2025-09-01 15:42:43-06"
2403,"Casa de la Cultura de Minatitlán","2000-01-01","Ayuntamiento de Minatitlán",6,"Colima",8,"Minatitlán",1,"Minatitlán","Parque Central Porfirio Gaitán Nuñez","Centro","28750","314 336 08 26","","sistemas.minatitlan.colima@hotmail.com",0,0,"http://sic.gob.mx/ficha.php?table=centro_cultural&table_id=2403","2023-08-14 07:19:53-06"
136,"Casa de la Cultura de Tecomán","2000-01-22","Ayuntamiento de Tecomán",6,"Colima",9,"Tecomán",1,"Tecomán","Av. Insurgentes 1000","Col. Tepeyac","28110","312 303 2557","https://www.mexicoescultura.com/recinto/50005/casa-de-cultura-de-tecoman.html","",-103.88348,18.92505,"http://sic.gob.mx/ficha.php?table=centro_cultural&table_id=136","2025-06-30 14:51:00-06"
2404,"Casa de la Cultura de Villa de Álvarez","2003-03-01","Ayuntamiento de Villa Álvarez / Gobierno del Estado de Colima",6,"Colima",10,"Villa de Álvarez",1,"Ciudad de Villa de Álvarez","Av. Enrique Corona Morfin esq. J. Merced Cabrera","Centro","28988","312 316 27 18","https://2021-2024.villadealvarez.gob.mx/","marcos.gomez@villadealvarez.gob.mx",-103.73907,19.26809,"http://sic.gob.mx/ficha.php?table=centro_cultural&table_id=2404","2024-01-24 05:58:46-06"
542,"Casa de Cultura de Acala","2003-02-03","Ayuntamiento de Acala",7,"Chiapas",2,"Acala",1,"Acala","Av. Grijalva s/n","Barrio San José","29370","961 653 5144 ","","diazrosales_17@hotmail.com",-92.80771,16.55176,"http://sic.gob.mx/ficha.php?table=centro_cultural&table_id=542","2025-11-20 10:32:55-06"
540,"Casa de Cultura Armando Palacios Vázquez","2001-12-06","Ayuntamiento de Acapetahua/Dirección de Cultura",7,"Chiapas",3,"Acapetahua",1,"Acapetahua","Av. Central 2","Centro ","30580","962 283 37 85","","presidencia21-24@acapetahua.gob.mx",0,0,"http://sic.gob.mx/ficha.php?table=centro_cultural&table_id=540","2024-01-10 04:56:01-06"
121,"Casa de la Cultura Armando Rojas Arévalo","2011-01-03","Ayuntamiento de Arriaga",7,"Chiapas",9,"Arriaga",1,"Arriaga","Cjón. Ferrocarril s/n","Centro","30450","","","colochita_1009@hotmail.com",0,0,"http://sic.gob.mx/ficha.php?table=centro_cultural&table_id=121","2024-05-08 12:52:05-06"
165,"Casa de la Cultura de Berriozábal","1992-07-17","Consejo Estatal para las Culturas y las Artes de Chiapas (CONECULTA)/Dirección de Promoción Cultural",7,"Chiapas",12,"Berriozábal",1,"Berriozábal","Carr. Panamericana esq. 3a. Sur","Col. Lindavista","29130","961 202 3643","","ccberriozabal.conecultachiapas@gmail.com",-93.2704,16.79739,"http://sic.gob.mx/ficha.php?table=centro_cultural&table_id=165","2022-08-17 07:44:42-05"
167,"Casa de la Cultura de Bochil","1991-01-18","Consejo Estatal para las Culturas y las Artes de Chiapas (CONECULTA)/Dirección de Promoción Cultural",7,"Chiapas",13,"Bochil",1,"Bochil","1ra. Av. Norte 53","Barrio Morelos","29770","","","",-92.89154,16.99572,"http://sic.gob.mx/ficha.php?table=centro_cultural&table_id=167","2022-08-17 08:52:14-05"
455,"Casa de Cultura de Cacahoatán","1983-06-15","Consejo Estatal para las Culturas y las Artes de Chiapas (CONECULTA)/Dirección de Promoción Cultural",7,"Chiapas",15,"Cacahoatán",1,"Cacahoatán","2a. Av. Sur s/n esq. 6ta. Pte.","Centro","30690","","","cccacahoatan.conecultachiapas@gmail.com; prmocion@conecultachiapas.gob.mx",-92.16852,14.9898,"http://sic.gob.mx/ficha.php?table=centro_cultural&table_id=455","2023-11-23 07:45:35-06"
230,"Casa de la Cultura de Playas de Catazaja","1993-01-27","Consejo Estatal para las Culturas y las Artes de Chiapas (CONECULTA)/Dirección de Promoción Cultural",7,"Chiapas",16,"Catazajá",1,"Catazajá","Av. Tapachula 4","Col. Santa Cruz","29980","916 366 0371","http://www.chiapas.gob.mx/funcionarios/estatal/ejecutivo/coneculta","casadelacultura_ninfa@hotmail.com",-92.0109,17.72336,"http://sic.gob.mx/ficha.php?table=centro_cultural&table_id=230","2025-06-27 11:31:01-06"
461,"Casa de la Cultura Dr. Rodulfo Figueroa Esquinca","1987-08-04","Consejo Estatal para las Culturas y las Artes de Chiapas (CONECULTA)/Dirección de Promoción Cultural",7,"Chiapas",17,"Cintalapa",1,"Cintalapa de Figueroa","1ª. Norte y 1ª. Oriente","Centro","30400","968 684 3960","","cccintalapa.conecultachiapas@gmail.com ",-93.72026,16.69864,"http://sic.gob.mx/ficha.php?table=centro_cultural&table_id=461","2022-08-17 10:28:00-05"
249,"Centro Cultural Rosario Castellanos","1975-05-24","Consejo Estatal para las Culturas y las Artes de Chiapas (CONECULTA)/Dirección de Promoción Cultural",7,"Chiapas",19,"Comitán de Domínguez",1,"Comitán de Domínguez","Av. Rosario Castellanos esq. Primera Calle Sur Oriente s/n","Centro","30000","963 632 0624","","crosariocastellanos.coneculta@gmail.com",-92.13445,16.25262,"http://sic.gob.mx/ficha.php?table=centro_cultural&table_id=249","2026-04-22 12:35:24-06"
782,"Casa de Cultura de Copainalá Prof. Luciano Vázquez Pérez","1991-08-15","Consejo Estatal para las Culturas y las Artes de Chiapas (CONECULTA)/Dirección de Promoción Cultural",7,"Chiapas",21,"Copainalá",1,"Copainalá","1a. Poniente Sur 13","Barrio San Miguel","29620","968 661 0174","http://www.chiapas.gob.mx/funcionarios/estatal/ejecutivo/coneculta","cccopainala@conecultachiapas.gob.mx; carloscomiteco@gmail.com",-93.21129,17.0915,"http://sic.gob.mx/ficha.php?table=centro_cultural&table_id=782","2025-06-30 12:53:55-06"
428,"Casa de la Cultura de Chalchihuitán","1992-07-02","Centro Estatal de Lenguas, Arte y Literatura Indígenas (CELALI)/Consejo Estatal para las Culturas y las Artes de Chiapas (CONECULTA)",7,"Chiapas",22,"Chalchihuitán",1,"Chalchihuitán","Central ","Centro","29850","919 121 2322","","xerardochalchi@hotmail.com",-92.61558,16.96138,"http://sic.gob.mx/ficha.php?table=centro_cultural&table_id=428","2025-04-07 09:38:14-06"
1452,"Casa de la Cultura de San Juan Chamula","1991-04-15","Consejo Estatal para las Culturas y las Artes de Chiapas (CONECULTA)/Centro Estatal de Lenguas, Arte y Literatura Indígenas (CELALI)",7,"Chiapas",23,"Chamula",1,"Chamula","Del Cementerio s/n","Barrio San Sebastián","29320","967 678 94 94 ","","casadelaculturachamula@gmail.com",-92.69321,16.78206,"http://sic.gob.mx/ficha.php?table=centro_cultural&table_id=1452","2025-05-22 11:17:34-06"
1473,"Casa de la Cultura de Chanal","1992-12-05","Centro Estatal de Lenguas, Arte y Literatura Indígenas (CELALI)/Consejo Estatal para las Culturas y las Artes de Chiapas (CONECULTA)",7,"Chiapas",24,"Chanal",1,"Chanal","José María Morelos s/n","Barrio Centro Yaxnichil","29440","963 195 5277","Casa de la Cultura Chanal Chiapas","lopez_hernancillo@hotmail.com; casadelaculturadechanal@hotmail.com",-92.25603,16.65382,"http://sic.gob.mx/ficha.php?table=centro_cultural&table_id=1473","2025-03-31 13:24:23-06"
1466,"Casa de la Cultura Yukshj Tyujk ","2008-01-01","Ayuntamiento de Chapultenango",7,"Chiapas",25,"Chapultenango",1,"Chapultenango","Av. Aeropista s/n antiguo Tele-bachillerato.","Barrio Aeropista","29690","919 101 51 48 ","","chapultenango2011-2012@hotmail.com",0,0,"http://sic.gob.mx/ficha.php?table=centro_cultural&table_id=1466","2021-07-23 03:54:22-05"
123,"Casa de la Cultura de Chenalhó","2011-10-01","Consejo Estatal para las Culturas y las Artes de Chiapas (CONECULTA)/Centro Estatal de Lenguas, Arte y Literatura Indígenas (CELALI)",7,"Chiapas",26,"Chenalhó",1,"Chenalhó","Av. Dr. Gonzálo Aguirre Beltrán s/n","Zona Centro","29870","Cel. (967) 135 19 38","https://www.facebook.com/manuel.ariassojob?fref=ts","cucayverde@hotmail.com",-92.62613,16.894,"http://sic.gob.mx/ficha.php?table=centro_cultural&table_id=123","2025-10-06 19:25:47-06"
1415,"Centro Cultural Ex Convento de Santo Domingo","1993-11-16","Consejo Estatal para las Culturas y las Artes de Chiapas (CONECULTA)/Dirección de Promoción Cultural",7,"Chiapas",27,"Chiapa de Corzo",1,"Chiapa de Corzo","Mexicanidad 10","Centro","29160","961 616 0055","","ccexconventosantodomingo@gmail.com",-93.01775,16.70638,"http://sic.gob.mx/ficha.php?table=centro_cultural&table_id=1415","2026-02-10 12:26:46-06"
1474,"Casa de Cultura de Chilón","1991-06-16","Centro Estatal de Lenguas, Arte y Literatura Indígenas (CELALI)/Consejo Estatal para las Culturas y las Artes de Chiapas (CONECULTA)",7,"Chiapas",31,"Chilón",1,"Chilón","Benito Juárez 25","Zona Centro","29940","919 106 7109","","casadeculturachilon@hotmail.com",-92.27373,17.10494,"http://sic.gob.mx/ficha.php?table=centro_cultural&table_id=1474","2026-07-27 11:37:23-06"
262,"Casa de Cultura de Escuintla","1987-01-01","Consejo Estatal para las Culturas y las Artes de Chiapas (CONECULTA)/Dirección de Promoción Cultural",7,"Chiapas",32,"Escuintla",1,"Escuintla","Dr. Belisario Domínguez 3","Centro","30600","918 644 0580","","ccescuintla@conecultachiapas.gob.mx; olgaligoes@hotmail.com",0,0,"http://sic.gob.mx/ficha.php?table=centro_cultural&table_id=262","2025-12-10 11:46:53-06"
266,"Casa de Cultura de Frontera Hidalgo","1985-04-02","Ayuntamiento de Frontera Hidalgo",7,"Chiapas",35,"Frontera Hidalgo",1,"Frontera Hidalgo","Av. Central s/n","Centro","30850","962 698 62 29","","presidencia@fronterahidalgo",0,0,"http://sic.gob.mx/ficha.php?table=centro_cultural&table_id=266","2021-10-11 08:21:49-05"
158,"Casa de Cultura Profra. Lilia Márquez López","1995-07-15","Ayuntamiento de Huehuetán",7,"Chiapas",37,"Huehuetán",1,"Huehuetán","Biblioteca Municipal Profra. Lilia Márquez López, Entronque Carr. Costera s/n","Barrio San Pedro","30660","964 627 00 47","","secretaria.tecnica.huehuetan@gmail.com",0,0,"http://sic.gob.mx/ficha.php?table=centro_cultural&table_id=158","2021-04-24 08:14:50-05"
2718,"Centro Comunitario de Desarrollo Cultural Tzeltal-Tzotzil","2004-01-01","Consejo Estatal para las Culturas y las Artes de Chiapas",7,"Chiapas",38,"Huixtán",1,"Huixtán","Domicilio conocido","Centro","29470","961 61 2 51 55 exts. 113 y 211","https://www.chiapas.gob.mx/funcionarios/estatal/ejecutivo/coneculta","direccion@conecultachiapas.gob.mx",0,0,"http://sic.gob.mx/ficha.php?table=centro_cultural&table_id=2718","2021-04-19 06:08:00-05"
2058,"Casa de la Cultura de Huixtán","2006-01-01","Centro Estatal de Lenguas, Arte y Literatura Indígenas (CELALI)/Consejo Estatal para las Culturas y las Artes de Chiapas (CONECULTA)",7,"Chiapas",38,"Huixtán",1,"Huixtán","2da. Av. Pte. Sur s/n esq. 1ra. Sur Pte.","Zona Centro","29470","967 102 26 25","","cultura_celali@outlook.com",-92.45487,16.71146,"http://sic.gob.mx/ficha.php?table=centro_cultural&table_id=2058","2025-02-26 12:03:21-06"
3376,"Casa de Cultura Huixtla Roberto López Moreno","2022-07-07","Consejo Estatal para la Cultura y las Artes",7,"Chiapas",40,"Huixtla",1,"Huixtla","Agustín de Iturbide 17 entre Av. Independencia y Galeana","Col. Centro","30640","964 622 1252,  964 113 8508","http://conecultachiapas.gob.mx/casasdecultura","mabuscy@gmail.com",-92.46583,15.13803,"http://sic.gob.mx/ficha.php?table=centro_cultural&table_id=3376","2024-09-20 15:14:51-06"
658,"Casa de Cultura de La Independencia","2007-11-20","Consejo Estatal para la Cultura y las Artes de Chiapas",7,"Chiapas",41,"La Independencia",1,"La Independencia","Av. Aquiles Serdan 4","Barrio San Fermín","30170","963 101 00 31","http:www.laindependencia.chiapas.gob.mx","parisg5@hotmail.com",0,0,"http://sic.gob.mx/ficha.php?table=centro_cultural&table_id=658","2021-09-14 10:37:59-05"
2111,"Casa de la Cultura Ixhuatán","2008-09-15","Dirección de Promoción Cultural/Consejo Estatal para las Culturas y las Artes de Chiapas (CONECULTA)",7,"Chiapas",42,"Ixhuatán",1,"Ixhuatán","1ra. Oriente Sur s/n","Centro","29720","919 123 7439","","ccixhuatan@conecultachiapas.gob.mx; angel_gomez02@hotmail.com",0,0,"http://sic.gob.mx/ficha.php?table=centro_cultural&table_id=2111","2024-11-13 14:10:28-06"
61,"Casa de Cultura de Ixtapa","2011-01-03","Ayuntamiento de Ixtapa/Dirección de Cultura",7,"Chiapas",44,"Ixtapa",1,"Ixtapa","Av. Central s/n","Centro","29340","961 155 7647","https://www.chiapas.gob.mx/funcionarios/estatal/ejecutivo/ixtapa","alfredocongresogutierrez@live.com.mx",-92.90482,16.80287,"http://sic.gob.mx/ficha.php?table=centro_cultural&table_id=61","2026-05-13 12:07:55-06"
270,"Casa de Cultura de Jiquipilas","1991-06-14","Consejo Estatal para las Culturas y las Artes de Chiapas (CONECULTA)/Dirección de Promoción Cultura",7,"Chiapas",46,"Jiquipilas",1,"Jiquipilas","Blvd. Galdino Rios Clemente 2","Centro","30430","968 681 01 02","","promocion@conecultachiapas.gob.mx; ccjiquipilas.conecultachiapas@gmail.com",-93.64453,16.67383,"http://sic.gob.mx/ficha.php?table=centro_cultural&table_id=270","2024-03-19 12:53:51-06"
805,"Casa de Cultura de Jitotol","2025-02-04","Ayuntamiento de Jitotol",7,"Chiapas",47,"Jitotol",1,"Jitotol","Parque Central<br>Domicilio conocido","Centro","29760","919 685 9097","http://www.chiapas.gob.mx/funcionarios/estatal/ejecutivo/jitotol","rolanmolin@hotmail.com",-92.86175,17.06749,"http://sic.gob.mx/ficha.php?table=centro_cultural&table_id=805","2026-01-22 13:17:32-06"
290,"Casa de Cultura de Juárez","1993-05-18","Consejo Estatal para las Culturas y las Artes de Chiapas (CONECULTA)",7,"Chiapas",48,"Juárez",1,"Juárez","Av. Benito Juárez García","Centro","29610","932 326 0271","","ccjuarez.coneculta@gmail.com",-93.19363,17.60748,"http://sic.gob.mx/ficha.php?table=centro_cultural&table_id=290","2025-07-09 13:56:34-06"
92,"Casa de la Cultura Mtro. Adán Landero López","2001-01-10","Consejo Estatal para las Culturas y las Artes de Chiapas (CONECULTA)/Dirección de Promoción Cultural",7,"Chiapas",50,"La Libertad",1,"La Libertad","3ra. s/n esq. 7ma. ","Col. Pueblo Nuevo","29970","934 343 2242","http://www.chiapas.gob.mx/funcionarios/estatal/ejecutivo/coneculta","cclalibertad@conecultachiapas.gob.mx",-91.7208,17.68578,"http://sic.gob.mx/ficha.php?table=centro_cultural&table_id=92","2025-06-30 10:23:12-06"
120,"Casa de Cultura Jaime Sabines Gutiérrez","2001-01-01","Ayuntamiento de Mapastepec",7,"Chiapas",51,"Mapastepec",1,"Mapastepec","3ª Av. Norte s/n entre 1ra. y 2da. Ote., ","Centro, Frente al parque Benito Juárez","30560","961 271 9675","","ronys_2211@hotmail",-92.89139,15.44222,"http://sic.gob.mx/ficha.php?table=centro_cultural&table_id=120","2024-09-24 17:02:19-06"
1475,"Casa de la Cultura de Las Margaritas","1986-01-01","Consejo Estatal para las Culturas y las Artes de Chiapas (CONECULTA)/Centro Estatal de Lenguas, Arte y Literatura Indígenas (CELALI)",7,"Chiapas",52,"Las Margaritas",1,"Las Margaritas","2da. Av. Pte. Sur s/n","Zona Centro","30180","(963) 636 08 83, 636 00 68","","casadelaculturalasmargaritas@hotmail.com",-91.9812,16.31187,"http://sic.gob.mx/ficha.php?table=centro_cultural&table_id=1475","2025-06-24 17:45:35-06"
812,"Casa de Cultura de Mazatán","1995-01-16","Consejo Estatal para las Culturas y las Artes de Chiapas (CONECULTA)/Dirección de Promoción Cultural",7,"Chiapas",54,"Mazatán",1,"Mazatán","Av. Central Juárez 28","Centro","30650","962 185 9483","http://www.chiapas.gob.mx/funcionarios/estatal/ejecutivo/coneculta","ccmazatan@conecultachiapas.gob.mx",-92.44993,14.8658,"http://sic.gob.mx/ficha.php?table=centro_cultural&table_id=812","2025-06-26 12:28:23-06"
222,"Casa de Cultura de Motozintla","1983-12-16","Consejo Estatal para las Culturas y las Artes de Chiapas (CONECULTA)/Dirección de Promoción Cultural",7,"Chiapas",57,"Motozintla",1,"Motozintla de Mendoza","Central Ote. 1","Centro","30900","962 641 01 02","http://www.chiapas.gob.mx/funcionarios/estatal/ejecutivo/coneculta","ccmotozintla@conecultachiapas.gob.mx; gala661220@hotmail.com",-92.24831,15.36318,"http://sic.gob.mx/ficha.php?table=centro_cultural&table_id=222","2023-10-20 03:27:10-06"
223,"Casa de la Cultura de Nicolás Ruiz","1990-09-03","Consejo Estatal para las Culturas y las Artes de Chiapas (CONECULTA)/Dirección de Promoción Cultural",7,"Chiapas",58,"Nicolás Ruíz",1,"Nicolás Ruíz","Central s/n","Barrio Centro","30340","(992) 108 94 94","http://www.chiapas.gob.mx/funcionarios/estatal/ejecutivo/coneculta","ccnicolasruiz@conecultachiapas.gob.mx",0,0,"http://sic.gob.mx/ficha.php?table=centro_cultural&table_id=223","2017-07-12 09:37:35-05"
224,"Casa de la Cultura Profr. Marcos Villanueva López","1986-02-08","Dirección de Promoción Cultural/Consejo Estatal para las Culturas y las Artes de Chiapas (CONECULTA)",7,"Chiapas",59,"Ocosingo",1,"Ocosingo","2 Sur Ote. s/n","Barrio Candelaria","29950","919 686 49 51","","ccocosingo.conecultachiapas@gmail.com ",-92.09155,16.90854,"http://sic.gob.mx/ficha.php?table=centro_cultural&table_id=224","2025-05-21 11:45:25-06"
574,"Casa de Cultura de Ocotepec","2011-01-01","Ayuntamiento de Ocotepec",7,"Chiapas",60,"Ocotepec",1,"Ocotepec","Av. Madero s/n","Barrio San Juan","29680","961 215 36 72 y 74","http://www.chiapas.gob.mx/funcionarios/estatal/ejecutivo/ocotepec","tolio1109@hotmail.com; edgar-21memo@hotmail.com",0,0,"http://sic.gob.mx/ficha.php?table=centro_cultural&table_id=574","2021-04-21 05:15:01-05"
111,"Casa de Cultura Fidelia Brindis Camacho","1988-11-22","Ayuntamiento de Ocozocoautla de Espinosa",7,"Chiapas",61,"Ocozocoautla de Espinosa",1,"Ocozocoautla de Espinosa","Central esq. 2da Norte","Col. San Bernabé","29140","968 688 30 58","","ismaokuy@hotmail.com; anmayatok@hotmail.com",-93.37576,16.76311,"http://sic.gob.mx/ficha.php?table=centro_cultural&table_id=111","2023-11-14 05:37:54-06"
1478,"Casa de la Cultura de Oxchuc","1992-01-01","Consejo Estatal para las Culturas y las Artes de Chiapas (CONECULTA)/Centro Estatal de Lenguas, Arte y Literatura Indígenas (CELALI)",7,"Chiapas",64,"Oxchuc",1,"Oxchuc","2da. Oriente 1 Norte s/n","Barrio Muk'ul Kalpul ","29450","967 142 2920","","ysantizgomez73@gmail.com",-92.34326,16.78795,"http://sic.gob.mx/ficha.php?table=centro_cultural&table_id=1478","2024-09-25 13:23:50-06"
226,"Casa de Cultura de Palenque","1999-12-16","Consejo Estatal para las Culturas y las Artes de Chiapas (CONECULTA)/Dirección de Promoción Cultural",7,"Chiapas",65,"Palenque",1,"Palenque","Jiménez 86 ","Barrio San Miguel","29960","(916) 345 16 79","http://www.chiapas.gob.mx/funcionarios/estatal/ejecutivo/coneculta","ccpalenque@conecultachiapas.gob.mx; danialdo28@gmail.com",-91.98075,17.50788,"http://sic.gob.mx/ficha.php?table=centro_cultural&table_id=226","2017-07-14 10:20:57-05"
1446,"Casa de la Cultura de Pantelhó","1991-03-02","Consejo Estatal para las Culturas y las Artes de Chiapas (CONECULTA)/Centro Estatal de Lenguas, Arte y Literatura Indígenas (CELALI)",7,"Chiapas",66,"Pantelhó",1,"Pantelhó","Av. Cementerio s/n","Barrio Santa Cruz","29880","967 107 57 16","https://www.chiapas.gob.mx/tram_servicios/tramites.php?idDependencia=3153&id=16771&dependencia=Consejo%20Estatal%20para%20las%20Culturas%20y%20las%20Artes%20de%20Chiapas&uniNombre=Casa%20de%20la%20Cultura%20de%20Pantelh%C3%B3","zepeda-perez1982@hotmail.com ",-92.4736,17.00247,"http://sic.gob.mx/ficha.php?table=centro_cultural&table_id=1446","2025-06-05 12:07:13-06"
77,"Casa de Cultura de Pichucalco","1983-06-01","Consejo Estatal para las Culturas y las Artes de Chiapas (CONECULTA)/Dirección de Promoción Cultural",7,"Chiapas",68,"Pichucalco",1,"Pichucalco","Pípila 69","Centro","29520","932129 62 92","https://conecultachiapas.gob.mx/","ccpichucalco@conecultachiapas.gob.mx; tzotzil55@hotmail.com",-93.11572,17.50895,"http://sic.gob.mx/ficha.php?table=centro_cultural&table_id=77","2023-08-30 07:22:08-06"
229,"Casa de Cultura licenciado César Pineda del Valle","2002-06-01","Consejo Estatal para las Culturas y las Artes de Chiapas (CONECULTA)/Dirección de Promoción Cultural",7,"Chiapas",69,"Pijijiapan",1,"Pijijiapan","Quinta Calle Poniente Norte 20 ","Barrio Las Flores","30540","918 103 28 88","https://www.pijijiapan.gob.mx/acciones/talleres-artisticos-en-la-casa-de-la-cultura/","CCCesarPineda@gmail.com",-93.21107,15.69066,"http://sic.gob.mx/ficha.php?table=centro_cultural&table_id=229","2025-08-19 10:37:23-06"
652,"Casa de Cultura de Villa Comaltitlán","1992-03-01","Consejo Estatal para la Cultura y las Artes de Chiapas",7,"Chiapas",71,"Villa Comaltitlán",1,"Villa Comaltitlán","Primera Poniente s/n ","Centro","30620","918 11 793 90","http://www.villacomaltitlan.gob.mx"," valeria_gnv@hotmail",-92.57754,15.21473,"http://sic.gob.mx/ficha.php?table=centro_cultural&table_id=652","2023-09-20 06:01:23-06"
659,"Casa de la Cultura Jaime Sabines ","1988-01-01","Ayuntamiento de Reforma",7,"Chiapas",74,"Reforma",1,"Reforma","Ayuntamiento s/n","Col. Carlos Salinas de Gortari<br>Localidad Carlos Salinas de Gortari","29500","(917) 328 01 99, 328 11 14","","manzana204@hotmail.com",-93.1497,17.86525,"http://sic.gob.mx/ficha.php?table=centro_cultural&table_id=659","2024-08-08 11:31:32-06"
1477,"Casa de la Cultura de Las Rosas","1991-12-31","Consejo Estatal para las Culturas y las Artes de Chiapas (CONECULTA)/Centro Estatal de Lenguas, Arte y Literatura Indígenas (CELALI)",7,"Chiapas",75,"Las Rosas",1,"Las Rosas","Calz. Emiliano Zapata s/n","Barrio La Quinta","30350","(967) 678 94 94","","davema69@hotmail.com",0,0,"http://sic.gob.mx/ficha.php?table=centro_cultural&table_id=1477","2025-11-28 17:40:17-06"
1448,"Casa de la Cultura de Sabanilla","1992-07-01","Consejo Estatal para las Culturas y las Artes de Chiapas (CONECULTA)/Centro Estatal de Lenguas, Arte y Literatura Indígenas (CELALI)",7,"Chiapas",76,"Sabanilla",1,"Sabanilla","Domicilio conocido","Barrio Santa Rosa","29800","919 123 0280","","cuyo10@live.com",-92.55016,17.28412,"http://sic.gob.mx/ficha.php?table=centro_cultural&table_id=1448","2025-10-13 19:38:28-06"
1453,"Casa de la Cultura de Salto de Agua","1992-07-02","Consejo Estatal para las Culturas y las Artes de Chiapas (CONECULTA)/Centro Estatal de Lenguas, Arte y Literatura Indígenas (CELALI)",7,"Chiapas",77,"Salto de Agua",1,"Salto de Agua","Ignacio Zaragoza 23  ","Centro","29900","(916) 109 19 26, 368 01 20","","delegaciones_mendezarcos@hotmail.com",0,0,"http://sic.gob.mx/ficha.php?table=centro_cultural&table_id=1453","2017-07-12 11:36:39-05"
2902,"La Enseñanza Casa de la Ciudad","2013-03-31","Asociación Cultural Na Bolom, A.C.",7,"Chiapas",78,"San Cristóbal de las Casas",1,"San Cristóbal de las Casas","Belisario Domínguez 13","Centro Histórico","29210","967 631 66 55","https://nabolom.org/","pcpcultura@nabolom.org; laensenanza@nabolom.org,",-92.63564,16.73854,"http://sic.gob.mx/ficha.php?table=centro_cultural&table_id=2902","2024-07-22 10:38:34-06"
225,"Centro Cultural de los Altos de Chiapas","1983-10-31","Secretaría de Cultura/INAH",7,"Chiapas",78,"San Cristóbal de las Casas",1,"San Cristóbal de las Casas","Calz. Lázaro Cárdenas s/n","Barrio del Cerrillo","29900","967 678 28 06","https://lugares.inah.gob.mx/es/museos-inah/museo/418-centro-cultural-de-los-altos-de-chiapas.html","raulduron@hotmail.com",-92.6373,16.74188,"http://sic.gob.mx/ficha.php?table=centro_cultural&table_id=225","2024-11-04 12:43:19-06"
2448,"El Paliacate Espacio Cultural","2010-09-03","El Paliacate Espacio Cultural, A.C.",7,"Chiapas",78,"San Cristóbal de las Casas",1,"San Cristóbal de las Casas","Av. 5 de Mayo 20 esq. 20 de Agosto","Barrio La Merced","29240","967 125 37 39 ","","elpaliacate.ec@gmail.com",-92.63971,16.73928,"http://sic.gob.mx/ficha.php?table=centro_cultural&table_id=2448","2024-07-22 10:24:52-06"
3335,"Aramauca Plataforma para el Arte Contemporáneo ","2018-04-14","Aramauca Plataforma para el Arte Contemporáneo, A.C.",7,"Chiapas",78,"San Cristóbal de las Casas",1,"San Cristóbal de las Casas","Flavio A. Paniagua 71","Barrio de Guadalupe","29230","967 678 77 17, 916 124 53 07","http://www.aramauca.org/","info.aramauca@gmail.com",-92.62993,16.73963,"http://sic.gob.mx/ficha.php?table=centro_cultural&table_id=3335","2021-06-10 07:19:50-05"
3811,"La Albarrada Semuigen","1984-01-01","Gobierno del Estado de Chiapas/Secretaría de Igualdad de Género",7,"Chiapas",78,"San Cristóbal de las Casas",1,"San Cristóbal de las Casas","Av. de la Juventud 143","Barrio de María Auxiliadora","29290","967 674 56 50","http://semuigen.chiapas.gob.mx/laalbarrada?fbclid=IwY2xjawLH2eFleHRuA2FlbQIxMABicmlkETFpY0RTRkUySmhzcnlic0NWAR4k9wqcx4MkGNIJuvFWVP-o3GdMbVX3IJc_Xz40xped6QQ7k6ik-6LlFOKu5Q_aem_60yEmgwVv1vRYj0u9bDaNg","albarrada@seigen.chiapas.gob.mx; seigen@chiapas.gob.mx",-92.62599,16.71017,"http://sic.gob.mx/ficha.php?table=centro_cultural&table_id=3811","2025-06-24 13:57:55-06"
3428,"Centro Cultural de la Zona Norte","2022-09-01","Dirección de Cultura y Recreación del Ayuntamiento de San Cristóbal de Las Casas//Dirección de Cultura y Recreación",7,"Chiapas",78,"San Cristóbal de las Casas",1,"San Cristóbal de las Casas","Julián Villagrán 3","Col. Belisario Domínguez","29215 ","967 122 71 34","","cculturalzonanorte@hotmail.com",-92.6399,16.7524,"http://sic.gob.mx/ficha.php?table=centro_cultural&table_id=3428","2024-08-13 00:55:10-06"
3391,"Centro Cultural Carlos Jurado","1000-01-01","Consejo Estatal para las Culturas y las Artes de Chiapas",7,"Chiapas",78,"San Cristóbal de las Casas",1,"San Cristóbal de las Casas","Av. 16 de Septiembre 1","Centro","29200 ","967 101 24 55","","casacarlosjurado@coneculta.chiapas.gob.mx",-92.63895,16.73782,"http://sic.gob.mx/ficha.php?table=centro_cultural&table_id=3391","2024-07-30 10:51:28-06"
3426,"Centro de Desarrollo de Capacidades Creativas El Rastro","2023-07-18","Ayuntamiento de San Cristobal de las Casas",7,"Chiapas",78,"San Cristóbal de las Casas",1,"San Cristóbal de las Casas","Blvd. Ignacio Allende 36B","San Antonio","29250","967 213 58 40","","sancristobalcreativa@gmail.com",-92.64106,16.72845,"http://sic.gob.mx/ficha.php?table=centro_cultural&table_id=3426","2024-07-30 14:05:58-06"
156,"Centro Cultural El Carmen","1978-01-01","Ayuntamiento de San Cristóbal de las Casas/Dirección de Cultura y Recreación",7,"Chiapas",78,"San Cristóbal de las Casas",1,"San Cristóbal de las Casas","Hermanos Domínguez s/n","Centro","29220","967 678 23 49","","ccelcarmen@conecultachiapas.gob.mx; bichin0405@hotmail.com;  cculturalelcarmen@gmail.com",-92.6382,16.73425,"http://sic.gob.mx/ficha.php?table=centro_cultural&table_id=156","2024-08-13 00:54:52-06"
257,"Casa de Cultura Simojovel","1992-07-12","Consejo Estatal para las Culturas y las Artes de Chiapas (CONECULTA)/Dirección de Promoción Cultural",7,"Chiapas",81,"Simojovel",1,"Simojovel de Allende","Av. Ignacio Allende Ote. s/n","Col. San José","29820","919 685 0300","http://www.chiapas.gob.mx/funcionarios/estatal/ejecutivo/coneculta","ccsimojovel.conecultachiapas@gmail.com",-92.70979,17.13845,"http://sic.gob.mx/ficha.php?table=centro_cultural&table_id=257","2024-04-02 13:25:25-06"
2629,"Casa de la Cultura de Sitalá","2011-01-01","Ayuntamiento de Sitalá",7,"Chiapas",82,"Sitalá",1,"Sitalá","Av. Benito Juárez s/n esq. Miguel Hidalgo","Centro","29890","967 6774879","https://www.sitalagob.com/sitala/","ayuntamientositala20242027@gmail.com",-92.30757,17.02546,"http://sic.gob.mx/ficha.php?table=centro_cultural&table_id=2629","2024-09-25 15:09:33-06"
479,"Casa de Cultura Socoltenango","2011-04-01","Ayuntamiento de Socoltenango",7,"Chiapas",83,"Socoltenango",1,"Socoltenango","Blvd. Nte. s/n","Barrio El Puentecito","30390","(992) 103 91 36,  661 11 19","http://www.socoltenango.gob.mx","macky_32@hotmail.com; municipio-socoltenango@live.com.mx	",0,0,"http://sic.gob.mx/ficha.php?table=centro_cultural&table_id=479","2024-03-01 07:38:02-06"
170,"Casa de Cultura de Solosuchiapa","1991-06-01","Consejo Estatal para las Culturas y las Artes de Chiapas (CONECULTA)/Dirección de Promoción Cultural",7,"Chiapas",84,"Solosuchiapa",1,"Solosuchiapa","Independencia s/n esq. Venustiano Carranza","Centro","29580","932 682 0122","","ccsolosuchiapa@conecultachiapas.gob.mx; superka33@hotmail.com",-93.03144,17.42892,"http://sic.gob.mx/ficha.php?table=centro_cultural&table_id=170","2025-06-30 14:03:45-06"
2110,"Casa de la Cultura de Soyaló","2004-01-14","Consejo Estatal para las Culturas y las Artes de Chiapas (CONECULTA)/Dirección de Promoción Cultural",7,"Chiapas",85,"Soyaló",1,"Soyaló","Calle Central y Av. Central frente al parque","Barrio La Central","29780","","","ccsoyalo@conecultachiapas.gob.mx",-92.92451,16.89094,"http://sic.gob.mx/ficha.php?table=centro_cultural&table_id=2110","2026-01-29 19:13:22-06"
462,"Casa de Cultura de Ciudad Hidalgo","1000-01-01","Ayuntamiento de Suchiate",7,"Chiapas",87,"Suchiate",1,"Ciudad Hidalgo","Av. Central Nte. s/n esq. Central Pte.","Centro","30840","962 698 01 01","","cc_suchiate@hotmail.com",-92.15286,14.67819,"http://sic.gob.mx/ficha.php?table=centro_cultural&table_id=462","2025-07-07 18:15:54-06"
2910,"Centro Cultural A Puerta Abierta","2004-02-05","Pasos Guiados, A.C.",7,"Chiapas",89,"Tapachula",1,"Tapachula de Córdova y Ordóñez","4ta. Sur 25 entre 2da. y 4ta. Av. Pte.","Centro","30700","962 695 4289 ","https://centroculturalapuertaabierta.blogspot.com/","aptaabta@hotmail.com",-92.26642,14.90599,"http://sic.gob.mx/ficha.php?table=centro_cultural&table_id=2910","2025-06-19 10:55:07-06"
3356,"Estación Cultural Tapachula","2019-01-01","",7,"Chiapas",89,"Tapachula",1,"Tapachula de Córdova y Ordóñez","Av. Central Sur esq. 16a Oriente s/n","","30705","962 121 87 83","","estaciontapachula@gmail.com",-92.26772,14.89892,"http://sic.gob.mx/ficha.php?table=centro_cultural&table_id=3356","2025-09-08 18:29:34-06"
171,"Casa de la Cultura de Tapachula","1984-01-01","Dirección de Promoción Cultural/Consejo Estatal para las Culturas y las Artes de Chiapas (CONECULTA)",7,"Chiapas",89,"Tapachula",1,"Tapachula de Córdova y Ordóñez","6ta. Ponente s/n,  planta alta esq. 4ta. Sur ","Centro","30700","962 102 49 99","","cctapachula@conecultachiapas.gob.mx",-92.26777,14.90404,"http://sic.gob.mx/ficha.php?table=centro_cultural&table_id=171","2021-07-19 07:08:26-05"
231,"Casa de Cultura de Puerto Madero","1989-01-01","Consejo Estatal para las Culturas y las Artes de Chiapas (CONECULTA)/Dirección de Promoción Cultural",7,"Chiapas",89,"Tapachula",148,"Puerto Madero (San Benito)","Calz. Las Escolleras s/n","Centro","30796","(962) 625 05 46","","ccpuertomadero@conecultachiapas.gob.mx; culturapuertomadero@hotmail.com",-92.41012,14.71192,"http://sic.gob.mx/ficha.php?table=centro_cultural&table_id=231","2026-02-05 17:49:29-06"
1464,"Casa de la Cultura Comunitaria de Tapalapa","1998-03-15","Ayuntamiento de Tapalapa",7,"Chiapas",90,"Tapalapa",1,"Tapalapa","Av. 1a  Pte. Sur 5 ","Centro","29670","","http://www.chiapas.gob.mx/funcionarios/estatal/ejecutivo/tapalapa","heva_48@hotmail.com",-93.10555,17.18993,"http://sic.gob.mx/ficha.php?table=centro_cultural&table_id=1464","2025-02-26 13:07:17-06"
829,"Casa de Cultura de Tapilula","2005-11-01","Consejo Estatal para las Culturas y las Artes de Chiapas (CONECULTA)/Dirección de Promoción Cultural",7,"Chiapas",91,"Tapilula",1,"Tapilula","Av. Central Ote. 338","Centro","29730","(919) 685 40 90","","cctapilula@conecultachiapas.gob.mx; martel_cab@hotmail.com",-93.01578,17.24742,"http://sic.gob.mx/ficha.php?table=centro_cultural&table_id=829","2025-09-23 19:29:48-06"
417,"Casa de Cultura Tecpatán","1983-03-09","Consejo Estatal para las Culturas y las Artes de Chiapas (CONECULTA)/Dirección de Promoción Cultural",7,"Chiapas",92,"Tecpatán",1,"Tecpatán","Salida Carr. Raudales-Malpaso","Col. Costa de Oro","29610","968 653 31 11","http://www.chiapas.gob.mx/funcionarios/estatal/ejecutivo/coneculta","cctecpatan@conecultachiapas.gob.mx; carmenmarquez1828@gmail.com",-93.60408,17.19048,"http://sic.gob.mx/ficha.php?table=centro_cultural&table_id=417","2024-07-01 09:59:01-06"
1454,"Casa de la Cultura de Tenejapa","1994-05-15","Consejo Estatal para las Culturas y las Artes de Chiapas (CONECULTA)/Centro Estatal de Lenguas, Arte y Literatura Indígenas (CELALI)",7,"Chiapas",93,"Tenejapa",1,"Tenejapa","Plaza Central ","Centro","29480","967 683 8321","","kulaktik@hotmail.com",-92.50812,16.81782,"http://sic.gob.mx/ficha.php?table=centro_cultural&table_id=1454","2025-07-11 12:49:53-06"
3986,"Comunic-Arte Tenejapa","1000-01-01","Privado ",7,"Chiapas",93,"Tenejapa",1,"Tenejapa","Las Peñas s/n","Centro","29480","967 133 0237","","comunic718@gmail.com",-92.50698,16.8173,"http://sic.gob.mx/ficha.php?table=centro_cultural&table_id=3986","2026-05-07 09:41:03-06"
1456,"Casa de la Cultura de Teopisca","1991-07-19","Consejo Estatal para las Culturas y las Artes de Chiapas (CONECULTA)/Centro Estatal de Lenguas, Arte y Literatura Indígenas (CELALI)",7,"Chiapas",94,"Teopisca",1,"Teopisca","2da  Av. Oriente Nte. s/n","Barrio San Sebastián","29410","(992) 676 01 52, 676 00 82","","pacomaz2008@hotmail.com",-92.47194,16.54411,"http://sic.gob.mx/ficha.php?table=centro_cultural&table_id=1456","2025-09-04 18:25:52-06"
834,"Casa de Cultura DIA Desarrollo de la Inteligencia a través del Arte","2008-06-15","Ayuntamiento de Totolapa",7,"Chiapas",98,"Totolapa",1,"Totolapa","Cjón. Hidalgo s/n","Col. 20 de Noviembre","30330","(992) 636 01 37","http://www.chiapas.gob.mx/funcionarios/estatal/ejecutivo/totolapa","",0,0,"http://sic.gob.mx/ficha.php?table=centro_cultural&table_id=834","2020-03-11 12:25:27-06"
312,"Casa de Cultura Antelmo Figueroa Pulido La Trinitaria","1985-11-01","Consejo Estatal para las Culturas y las Artes de Chiapas (CONECULTA)/Dirección de Promoción Cultural",7,"Chiapas",99,"La Trinitaria",1,"La Trinitaria","1a Ave Oriente, Norte 20","Centro","30180","(963) 636 22 30","https://www.conecultachiapas.gob.mx/index.php#","cclatrinitaria@conecultachiapas.gob.mx; inframundo1808@hotmail.com",-92.052,16.11874,"http://sic.gob.mx/ficha.php?table=centro_cultural&table_id=312","2024-09-20 17:57:35-06"
1458,"Casa de Cultura de Tumbalá","1992-07-15","Consejo Estatal para las Culturas y las Artes de Chiapas (CONECULTA)/Centro Estatal de Lenguas, Arte y Literatura Indígenas (CELALI)",7,"Chiapas",100,"Tumbalá",1,"Tumbalá","Santa Bárbara s/n","Barrio de Fátima","29920","919 106 71 09","","juany77@live.com.mx",-92.3128,17.27891,"http://sic.gob.mx/ficha.php?table=centro_cultural&table_id=1458","2025-06-04 11:41:32-06"
3925,"Casa de los Saberes Jurídicios en Tuxtla Gutiérrrez Ministra Gloria León Orantes ","1998-03-26","Suprema Corte de Justicia de la Nación (SCJN)",7,"Chiapas",101,"Tuxtla Gutiérrez",1,"Tuxtla Gutiérrez","Av. Décima Norte-Poniente 1326","Col. El Mirador","29030","55 4113 1000 exts. 8846, 8847, 8848","https://www.sitios.scjn.gob.mx/casascultura/casas-cultura-juridica/tuxtla-gutierrez-chiapas","ccjtuxtla@mail.scjn.gob.mx",-93.1251,16.76424,"http://sic.gob.mx/ficha.php?table=centro_cultural&table_id=3925","2026-09-24 14:34:14-06"
1483,"Casa de la Cultura Luis Alaminos Guerrero","2000-07-18","Ayuntamiento de Tuxtla Gutiérrez/Instituto Tuxtleco de Arte y Cultura",7,"Chiapas",101,"Tuxtla Gutiérrez",1,"Tuxtla Gutiérrez","1ra. Poniente s/n esq. 2da. Norte","Centro","29000","961 611 14 05","http://www.tuxtla.gob.mx ","juansuareztenor@gmail.com",-93.11695,16.75532,"http://sic.gob.mx/ficha.php?table=centro_cultural&table_id=1483","2025-01-08 11:29:32-06"
3851,"Casa de la Cultura Gral. Manuel Mier y Terán","1000-01-01","Ayuntamiento de Tuxtla Gutiérrez/Instituto Tuxtleco de Arte y Cultura",7,"Chiapas",101,"Tuxtla Gutiérrez",1,"Tuxtla Gutiérrez","Calle 2da. Norte Ote. 214","Col. Terán","29050","961 117 83 06","https://tuxtla.gob.mx/","juansuareztenor@gmail.com",-93.16276,16.75393,"http://sic.gob.mx/ficha.php?table=centro_cultural&table_id=3851","2025-01-08 11:29:40-06"
3123,"Casas de las Artes y la Cultura Corazón Borraz","2018-12-08","Gobierno del Estado de Chiapas/CONECULTA",7,"Chiapas",101,"Tuxtla Gutiérrez",1,"Tuxtla Gutiérrez","17 Norte esq. 11 Poniente 1655","Col. El Mirador","29030 ","961 688 39 77","http://www.conecultachiapas.gob.mx","casacorazonborraz@gmail.com",-93.12298,16.7692,"http://sic.gob.mx/ficha.php?table=centro_cultural&table_id=3123","2025-08-25 13:10:49-06"
2968,"Vientos Culturales","1996-05-01","Vientos Culturales, A.C.",7,"Chiapas",101,"Tuxtla Gutiérrez",1,"Tuxtla Gutiérrez","Priv. Prol. Coahuila s/n","Col. Plan de Ayala","29110","(961) 615 75 60","","vientosculturales@hotmail.com",-93.25662,17.17935,"http://sic.gob.mx/ficha.php?table=centro_cultural&table_id=2968","2026-01-23 19:32:22-06"
1484,"Centro Cultural de Chiapas Jaime Sabines","2000-04-03","Consejo Estatal para las Culturas y las Artes de Chiapas",7,"Chiapas",101,"Tuxtla Gutiérrez",1,"Tuxtla Gutiérrez","Av. Central, Oriente Norte 2","Col. Hidalgo","29000","961 617 8800","https://www.conecultachiapas.gob.mx/index.php#","jaimesabines@conecultachiapas.gob.mx",-93.10605,16.75252,"http://sic.gob.mx/ficha.php?table=centro_cultural&table_id=1484","2026-04-23 11:26:46-06"
1023,"Centro Cultural ISSSTE Chiapas","2002-03-01","(ISSSTE), Delegación Chiapas",7,"Chiapas",101,"Tuxtla Gutiérrez",1,"Tuxtla Gutiérrez","Periférico Sur Pte. 1515","Col. Xamaipak","29020","961  602 6351","http://www.issste.gob.mx","elizabeth.moralesp@issste.gob.mx",-93.13038,16.74977,"http://sic.gob.mx/ficha.php?table=centro_cultural&table_id=1023","2026-04-01 13:32:25-06"
838,"Casa de Cultura de Tuxtla Chico","1993-09-19","Consejo Estatal para las Culturas y las Artes de Chiapas (CONECULTA)/Dirección de Promoción Cultural",7,"Chiapas",102,"Tuxtla Chico",1,"Tuxtla Chico","Priv. Heróico Colegio Militar s/n","Centro","30870","962 623 0388","","cctuxtlahico@conecultachiapas.gob.mx",-92.16844,14.94081,"http://sic.gob.mx/ficha.php?table=centro_cultural&table_id=838","2026-04-22 12:56:15-06"
647,"Casa de la Cultura de Tzimol","2000-05-19","Ayuntamiento de Tzimol",7,"Chiapas",104,"Tzimol",1,"Tzimol","Blvd. Dr. Belisario Domínguez","Barrio Santo Domingo","30110","963 631 60 13 y 14","","cp.jesus18@hotmail.com",-92.18476,16.17879,"http://sic.gob.mx/ficha.php?table=centro_cultural&table_id=647","2023-09-21 03:40:41-06"
650,"Casa de Cultura de Unión Juárez","2003-08-21","Ayuntamiento de Unión Juárez",7,"Chiapas",105,"Unión Juárez",1,"Unión Juárez","Av. Francisco Javier Mina s/n","Centro","30880","962 647 20 18","http://www.chiapas.gob.mx/municipio/union-juarez","hermilosm@hotmail.com",0,0,"http://sic.gob.mx/ficha.php?table=centro_cultural&table_id=650","2021-04-24 09:05:33-05"
1459,"Casa de la Cultura de Venustiano Carranza","1980-01-01","Consejo Estatal para las Culturas y las Artes de Chiapas (CONECULTA)/Centro Estatal de Lenguas, Arte y Literatura Indígenas (CELALI)",7,"Chiapas",106,"Venustiano Carranza",1,"Venustiano Carranza","Domicilio conocido","Zona Centro","30230","(992) 687 00 46","","provincia_de_llanos@hotmail.com",-92.56509,16.33884,"http://sic.gob.mx/ficha.php?table=centro_cultural&table_id=1459","2025-12-16 17:12:39-06"
202,"Casa de Cultura Villa Corzo","1993-09-09","Consejo Estatal para las Culturas y las Artes de Chiapas (CONECULTA)/Dirección de Promoción Cultural",7,"Chiapas",107,"Villa Corzo",1,"Villa Corzo","5a. Av. Sur s/n","Barrio Tapachulita II","30520","965 127 3777","","ccvillacorzo@conecultachiapas.gob.mx",-93.26941,16.18175,"http://sic.gob.mx/ficha.php?table=centro_cultural&table_id=202","2023-09-28 08:27:59-06"
214,"Casa de Cultura de Villaflores","1980-03-01","Consejo Estatal para las Culturas y las Artes de Chiapas (CONECULTA)/Dirección de Promoción Cultural",7,"Chiapas",108,"Villaflores",1,"Villaflores","1ra. Oriente 430 entre 2 Y 3 Sur","Centro","30700","(965)  655 36 14","","ccvillaflores@conecultachiapas.gob.mx",-93.26576,16.23371,"http://sic.gob.mx/ficha.php?table=centro_cultural&table_id=214","2017-07-11 10:52:20-05"
1461,"Casa de la Cultura de Yajalón","1992-10-01","Consejo Estatal para las Culturas y las Artes de Chiapas (CONECULTA)/Centro Estatal de Lenguas, Arte y Literatura Indígenas (CELALI)",7,"Chiapas",109,"Yajalón",1,"Yajalón","1ra. Av. Sur Pte.  esq. 2da. Pte. Sur Mzna 24","Centro","29930","(919) 674 01 19","","rosymar27@hotmail.com",-92.33565,17.1737,"http://sic.gob.mx/ficha.php?table=centro_cultural&table_id=1461","2017-07-12 11:41:47-05"
119,"Casa de la Cultura de Zinacantán","1991-08-08","Consejo Estatal para las Culturas y las Artes de Chiapas (CONECULTA)/Centro Estatal de Lenguas, Arte y Literatura Indígenas (CELALI)",7,"Chiapas",111,"Zinacantán",1,"Zinacantán","Av. Cristóbal Colón s/n","Zona Centro","29350","Cel. (961) 253 51 30","","chipi_1500@hotmail.com",-92.72286,16.76096,"http://sic.gob.mx/ficha.php?table=centro_cultural&table_id=119","2025-12-16 17:35:50-06"
1450,"Casa de la Cultura de San Juan Cancuc","1991-12-31","Centro Estatal de Lenguas, Arte y Literatura Indígenas (CELALI)/Consejo Estatal para las Culturas y las Artes de Chiapas (CONECULTA)",7,"Chiapas",112,"San Juan Cancuc",1,"San Juan Cancuc","Patrocinio González Garrido s/n","Zona Centro","29790","919 121 28 96 ","","",-92.37068,16.89259,"http://sic.gob.mx/ficha.php?table=centro_cultural&table_id=1450","2026-01-09 12:15:33-06"
2743,"Casa de la Cultura Arturo Norte García","1980-01-01","Ayuntamiento de Aldama",8,"Chihuahua",2,"Aldama",1,"Juan Aldama","Constitución s/n","Centro","32900","(614) 429 14 85","https://www.facebook.com/pages/CASA-DE-CULTURA-ARTURO-NORTE-GARCIA/129125637168041","casadela_cultura@hotmail.com",-105.91224,28.83728,"http://sic.gob.mx/ficha.php?table=centro_cultural&table_id=2743","2020-02-04 11:27:50-06"
3417,"Museo Regional y Centro Cultural Meteorito de Allende","2012-06-13","Asociación Civil Meteorito de Allende",8,"Chihuahua",3,"Allende",1,"Valle de Ignacio Allende","Independencia 6 esq. Benito Juárez","Col. Nicolás Fernández","33920","636 144 28 45","","museometeoritodeallende@gmail.com",-105.39383,26.93409,"http://sic.gob.mx/ficha.php?table=centro_cultural&table_id=3417","2025-06-30 19:20:02-06"
774,"Casa de Cultura Iyolmacehuayotl","2001-06-06","Ayuntamiento de Ascención",8,"Chihuahua",5,"Ascensión",1,"Ascensión","Av. México 115","Centro","31824","636 692 00 26","","jdcereceres@hotmail.com",-107.9962,31.0923,"http://sic.gob.mx/ficha.php?table=centro_cultural&table_id=774","2025-07-15 19:50:03-06"
2729,"Centro Cultural de Bocoyna","1000-01-01","Ayuntamiento de Bocayna",8,"Chihuahua",9,"Bocoyna",1,"Bocoyna","Hidalgo s/n","Centro","33201","635 456 90 50 ext. 120","","",-107.58985,27.84108,"http://sic.gob.mx/ficha.php?table=centro_cultural&table_id=2729","2024-07-09 11:15:33-06"
896,"Casa de la Cultura Ex Hacienda del Carmen","1980-12-31","Ayuntamiento de Buenaventura",8,"Chihuahua",10,"Buenaventura",1,"San Buenaventura","Domicilio conocido","Col. Ricardo Flores Magón","38880","(636) 696 01 44","","jl4va@yahoo.com.mx; elsaguirre74@hotmail.com",-106.96423,29.94245,"http://sic.gob.mx/ficha.php?table=centro_cultural&table_id=896","2025-10-21 19:41:44-06"
907,"Casa de la Cultura Alfaro Siqueiros de Camargo","1999-10-30","Casa de la Cultura Alfaro Siqueiros de Camargo Chihuahua, A.C.",8,"Chihuahua",11,"Camargo",1,"Santa Rosalía de Camargo","Josefa  Ortiz de  Domínguez 303","Centro","33700","648 462 34 35","","casadelaculturadas@hotmail.com",-105.1708,27.69659,"http://sic.gob.mx/ficha.php?table=centro_cultural&table_id=907","2023-10-19 05:07:06-06"
908,"Casa de Cultura Arte y Cultura","2007-03-01","Ayuntamiento de Cuauhtémoc",8,"Chihuahua",17,"Cuauhtémoc",1,"Cuauhtémoc","Juárez s/n esq. Quinta","Barrio Viejo","31500","625 581 9200 ext. 1117 ","","culturaydeporte@cuauhtemoc-col.gob.mx",-106.85908,28.40514,"http://sic.gob.mx/ficha.php?table=centro_cultural&table_id=908","2024-07-29 14:27:15-06"
2833,"Centro Cultural San Antonio","2007-03-01","Ayuntamiento de Cuauhtémoc",8,"Chihuahua",17,"Cuauhtémoc",1,"Cuauhtémoc","Av. Juárez s/n esq. 5ta.","Barrio Viejo","31500","625 128 01 43","","festivaldelastresculturas@gmail.com; imc.cuauhtemoc@gmail.com",-106.86717,28.41127,"http://sic.gob.mx/ficha.php?table=centro_cultural&table_id=2833","2026-04-23 14:12:35-06"
2154,"Centro Cultural Cuauhtémoc","2007-03-01","Ayuntamiento de Cuauhtémoc/Dirección de Fomento Económico y Turismo",8,"Chihuahua",17,"Cuauhtémoc",1,"Cuauhtémoc","Av. Juárez s/n esq. calle 5ta.","Barrio Viejo","31500","Cels. (625) 122 50 50","","festivaldelastresculturas@gmail.com		",0,0,"http://sic.gob.mx/ficha.php?table=centro_cultural&table_id=2154","2019-11-27 03:44:55-06"
2728,"Museo y Centro Cultural Menonita","2001-01-01","Museo y Centro Cultural Menonita, A.C.",8,"Chihuahua",17,"Cuauhtémoc",743,"Kilómetro 10 Corredor Comercial Manitoba","Carr. Cuauhtémoc-Álvaro Obregón Km. 1024","Col. Manitoba","31500","625 156 56 13","https://www.museomenonita.org/directorio","info@museomenonita.com; reservaciones@museomenonita.co",-106.91128,28.4919,"http://sic.gob.mx/ficha.php?table=centro_cultural&table_id=2728","2022-09-13 02:28:21-05"
3122,"Plaza Cultural Los Laureles","2018-11-17","Secretaría de Cultura del Estado de Chihuahua",8,"Chihuahua",19,"Chihuahua",1,"Chihuahua"," Av. Universidad y Av.División del Norte","Col. Altavista","31320","614 214 48 00","","secretariadeculturacuu@gmail.com",-106.08562,28.65158,"http://sic.gob.mx/ficha.php?table=centro_cultural&table_id=3122","2026-04-27 19:04:52-06"
2855,"Centro Cultural Quinta Carolina","2016-09-29","Gobierno del Estado de Chihuahua/Secretaría de Cultura de Chihuahua",8,"Chihuahua",19,"Chihuahua",1,"Chihuahua","Av. Dostoievski esq. Monte Everest s/n","Col. Quinta Carolina Quinta Etapa","31146","614 499 3442","","centroculturalquintacarolina@gmail.com; museossecretariadecultura@gmail.com ",-106.09529,28.72914,"http://sic.gob.mx/ficha.php?table=centro_cultural&table_id=2855","2026-08-12 13:08:38-06"
3339,"Centro Cultural Casa de la Helguera","1000-01-01","",8,"Chihuahua",19,"Chihuahua",1,"Chihuahua","Francisco Javier Mina 806","Zona Centro","31104","61 4142 4566","http://www.quinaproducciones.com/"," casadelahelguera1910@gmail.com",-106.07258,28.62946,"http://sic.gob.mx/ficha.php?table=centro_cultural&table_id=3339","2021-06-17 07:09:30-05"
1536,"Casa de Cultura Sebastián Casa Siglo XIX","2001-05-07","Ayuntamiento de Chihuahua, Instituto de Cultura del Municipio de Chihuahua",8,"Chihuahua",19,"Chihuahua",1,"Chihuahua","Av. Juárez 601 esq. Calle Sexta","Centro","31000","614 200 48 00 ext. 2424	","https://www.icm.gob.mx/","casasigloXIX@icm.gob.mx; museosicm@gmail.com",-106.07912,28.63577,"http://sic.gob.mx/ficha.php?table=centro_cultural&table_id=1536","2024-12-19 11:12:23-06"
1539,"Centro Cultural Universitario Quinta Gameros","1991-09-01","Universidad Autónoma de Chihuahua",8,"Chihuahua",19,"Chihuahua",1,"Chihuahua","Paseo Bolívar 401","Centro","31000","(614) 410 54 74","","alozano@uacj.mx; rtinajer@uach.mx",-106.07378,28.63243,"http://sic.gob.mx/ficha.php?table=centro_cultural&table_id=1539","2019-07-10 13:58:20-05"
679,"Casa de Cultura Mario Pérez","1999-09-12","Ayuntamiento de Delicias/Dirección de Cultura",8,"Chihuahua",21,"Delicias",1,"Delicias","Decima Norte 310","Fracc. Imperial","33000","639 472 3234, 639 474 2036","","terebazaldua627@gmail.com; centroculturaldelicias1@gmail.com; fervirod2908@gamil.com",0,0,"http://sic.gob.mx/ficha.php?table=centro_cultural&table_id=679","2026-08-17 10:27:01-06"
2731,"Casa de Cultura ","2022-09-01","Ayuntamiento de Guachochi",8,"Chihuahua",27,"Guachochi",1,"Guachochi","Av. 20 de Noviembre s/n","Centro","33180","649 543 01 51","","",-107.06927,26.81991,"http://sic.gob.mx/ficha.php?table=centro_cultural&table_id=2731","2023-02-08 04:19:34-06"
2346,"Centro Cultural La Junta","2007-10-09","Ayuntamiento de Guerrero",8,"Chihuahua",31,"Guerrero",1,"Vicente Guerrero","Galeana 1701","Centro","31680","635 586 02 62 ext. 112, 127","","mpioguerrero@hotmail.com",-107.48093,28.55333,"http://sic.gob.mx/ficha.php?table=centro_cultural&table_id=2346","2021-09-22 11:20:36-05"
1102,"Centro Cultural de Hidalgo del Parral","1969-12-31","Ayuntamiento de Hidalgo del Parral/Dirección de Turismo y Cultura",8,"Chihuahua",32,"Hidalgo del Parral",1,"Hidalgo del Parral","Joaquin Domínguez 1","Centro","33860","627 525 44 00","","tyc.parral@gmail.com; ivonnebarriga.parral@gmail.com",-105.66281,26.93286,"http://sic.gob.mx/ficha.php?table=centro_cultural&table_id=1102","2023-05-02 04:47:50-06"
3027,"Centro Cultural Palacio Alvarado","2003-05-30","Gobierno del Estado de Chihuahua",8,"Chihuahua",32,"Hidalgo del Parral",1,"Hidalgo del Parral","Riva Palacio y Lic. Francisco Primo de Verdad 2","Centro","33800","614 214 4800 Ext. 254","https://www.facebook.com/pg/PalacioPedroAlvarado/about/","centroculturalpalacioalvarado@gmail.com; museossecretariadecultura@gmail.com ",-105.67065,26.93283,"http://sic.gob.mx/ficha.php?table=centro_cultural&table_id=3027","2026-07-06 10:50:47-06"
4006,"Centro Cultural Stallforth","2018-10-28","Gobierno del Estado de Chihuahua/Secretaría de Cultura de Chihuahua ",8,"Chihuahua",32,"Hidalgo del Parral",1,"Hidalgo del Parral","General Maclovio Herrera 82","Centro","33800","614 214 4800 ext. 254","","museossecretariadecultura@gmail.com; centroculturalpalacioalvarado@gmail.com ",-105.66881,26.93403,"http://sic.gob.mx/ficha.php?table=centro_cultural&table_id=4006","2026-08-12 13:06:04-06"
2345,"Centro Cultural Profr. Ernesto Madera Esquer","2002-10-25","Ayuntamiento de Janos",8,"Chihuahua",35,"Janos",1,"Janos","Ojinaga s/n","Centro","31840	","636 693 54 54","","biblioteca_janoschih@hotmail.com	",0,0,"http://sic.gob.mx/ficha.php?table=centro_cultural&table_id=2345","2023-08-15 06:48:35-06"
672,"Casa de la Cultura de Jiménez","1998-09-01","Ayuntamiento de Jiménez/Dirección de Cultura",8,"Chihuahua",36,"Jiménez",1,"José Mariano Jiménez","Mina 407","Centro","33980","629 542 34 19","","mis.lauris@hotmail.com",-104.92432,27.13016,"http://sic.gob.mx/ficha.php?table=centro_cultural&table_id=672","2025-10-27 21:24:48-06"
3343,"Centro Cultural de las Fronteras","2016-06-22","Universidad Autónoma de Ciudad Juárez",8,"Chihuahua",37,"Juárez",1,"Juárez","Anillo Envolvente Jose Reyes Estrada 445 ","Zona Pronaf","32315","656 639 88 72","https://www.uacj.mx/CCF/index.html","ccdelasfronteras@uacj.mx",-106.45494,31.74138,"http://sic.gob.mx/ficha.php?table=centro_cultural&table_id=3343","2025-09-10 13:12:24-06"
1244,"Centro Municipal de las Artes de Juárez","2000-09-12","Instituto para la Cultura del Municipio de Juárez",8,"Chihuahua",37,"Juárez",1,"Juárez","Ignacio Mariscal 105 Sur","Zona Centro","32000","656 611 54 00","https://juarez.gob.mx/noticia/14408/inician-las-inscripciones-en-el-cma#","cma@ipacult.org, info@ipacult.org",-106.48798,31.73867,"http://sic.gob.mx/ficha.php?table=centro_cultural&table_id=1244","2025-09-10 13:30:56-06"
3059,"Centro Cívico S-Mart","2016-12-17","Supermercados Smart, S.A.",8,"Chihuahua",37,"Juárez",1,"Juárez","Gral. José María Monterde 1920","Col. Tres Hermanos Areco","32385","656 639 95 53 ","http://centrocivicosmart.com","Ccentro.Civico@s-martmx.com",-106.4529,31.71604,"http://sic.gob.mx/ficha.php?table=centro_cultural&table_id=3059","2025-09-10 13:24:21-06"
1072,"Centro Cultural Universitario de la UACJ","1991-11-20","Universidad Autónoma de Ciudad Juárez (UACJ)",8,"Chihuahua",37,"Juárez",1,"Juárez","Hermanos Escobar esq. Plutarco Elías Calles","Zona Fovissste Chamizal","32310","656 688 21 00","https://www.uacj.mx/DGSAd/SAI/CentroCulturalUniversitario.html","alozano@uacj.mx; rchavira@uacj.mx",-106.44265,31.7482,"http://sic.gob.mx/ficha.php?table=centro_cultural&table_id=1072","2025-09-10 13:02:11-06"
1667,"Centro Cultural Paso del Norte","2006-12-02","Secretaría de Cultura del Estado de Chihuahua",8,"Chihuahua",37,"Juárez",1,"Juárez","Benjamín Franklin s/n esq. Estocolmo","Zona Pronaf, Delegación Juárez","32320","656 617 10 03","","atencionalclienteccpn@gmail.com",-106.44483,31.74377,"http://sic.gob.mx/ficha.php?table=centro_cultural&table_id=1667","2025-09-10 12:56:34-06"
3948,"Casa de los Saberes Jurídicos en Ciudad Juárez Ministro Andrés Horcasitas ","2004-10-11","Suprema Corte de Justicia de la Nación (SCJN) ",8,"Chihuahua",37,"Juárez",1,"Juárez","Av. de la Raza 4400","Col. Los Nogales","32350","55 4113 100 ext  8617","https://www.sitios.scjn.gob.mx/casascultura/casas-cultura-juridica/ciudad-juarez-chihuahua","ccjjuarez@scjn.gob.mx",-106.44679,31.73026,"http://sic.gob.mx/ficha.php?table=centro_cultural&table_id=3948","2026-09-24 14:16:58-06"
3455,"Centro Cultural Ernesto Ochoa Guillemard","1961-01-01","Instituto para la Cultura del Municipio de Juárez",8,"Chihuahua",37,"Juárez",1,"Juárez","Av. Abraham Lincoln","Zona Pronaf Condominio La Plata","32315","656 611 61 21","https://ipacult.org/ccernesto/","cceochoag@gmail.com",-106.45228,31.74128,"http://sic.gob.mx/ficha.php?table=centro_cultural&table_id=3455","2025-09-10 12:47:06-06"
2733,"Centro Cultural San Pedro","2013-09-01","Ayuntamiento de Madera",8,"Chihuahua",40,"Madera",1,"Madera","Int. Ex-Estación del Ferrocarril, Octava 600","Centro","31940","(652) 572 07 39","","turismo.madera2018-2021@outlook.com",-108.13857,29.19287,"http://sic.gob.mx/ficha.php?table=centro_cultural&table_id=2733","2026-03-04 19:57:02-06"
690,"Casa de Cultura de Meoqui","1969-12-31","Ayuntamiento de Meoqui",8,"Chihuahua",45,"Meoqui",1,"Pedro Meoqui","Hidalgo s/n","Centro","33130","639 473 06 60, 639 473 05 21 ","","el secre_18@hotmail.ex",0,0,"http://sic.gob.mx/ficha.php?table=centro_cultural&table_id=690","2021-07-22 11:43:47-05"
924,"Casa de Cultura de Nuevo Casas Grandes","2003-01-01","Ayuntamiento de Nuevo Casas Grandes",8,"Chihuahua",50,"Nuevo Casas Grandes",1,"Nuevo Casas Grandes","Av. Constitución Oriente 304","Centro","31700","636 694 00 50  ext. 122, 229, 103","https://ncg.gob.mx/landing_page","presidencia@ncg.gob.mx",-107.91297,30.41466,"http://sic.gob.mx/ficha.php?table=centro_cultural&table_id=924","2024-01-22 06:57:54-06"
909,"Casa de Cultura Museo Casa Juárez","2000-04-30","Ayuntamiento de Rosales",8,"Chihuahua",55,"Rosales",1,"Santa Cruz de Rosales","Av. Juárez 329","Santa Cruz Rosales Centro","33120","","","luis.armendariz@chihuahua.gob.mx",-105.55467,28.18728,"http://sic.gob.mx/ficha.php?table=centro_cultural&table_id=909","2025-10-22 14:42:32-06"
2653,"Casa de Cultura Apolinar Frías Prieto","1988-09-16","Ayuntamiento de Rosales",8,"Chihuahua",55,"Rosales",1,"Santa Cruz de Rosales","Av. 5 s/n","Col. El Molino","33120","639 118 8255","","",-105.55507,28.21808,"http://sic.gob.mx/ficha.php?table=centro_cultural&table_id=2653","2024-04-09 11:14:58-06"
2654,"Sala de Cultura Km. 99","1990-03-21","Ayuntamiento de Rosales",8,"Chihuahua",55,"Rosales",8,"Kilómetro Noventa y Nueve","Domicilio conocido Km. 99","Col. Km. 99","33120","639 467 02 94","","isranugi@live.com",0,0,"http://sic.gob.mx/ficha.php?table=centro_cultural&table_id=2654","2021-04-29 10:43:20-05"
685,"Casa de la Cultura Maestro Víctor Hugo Rascón Banda","2004-01-01","Particular",8,"Chihuahua",66,"Uruachi",1,"Uruachi","Víctor Hugo Rascón s/n","Centro Histórico","33300","614 4 27 04 67","","serranita31@hotmail.com",-108.2152,27.86792,"http://sic.gob.mx/ficha.php?table=centro_cultural&table_id=685","2023-02-23 04:08:19-06"
3510,"PILARES San Pedro Xalpa","2019-08-13","Gobierno de la Ciudad de México",9,"Ciudad de México",2,"Azcapotzalco",1,"Azcapotzalco","Av Hidalgo 15 entre Justo Sierra y Santiago Ahuizotla,","Col. San Pedro Xalpa","02710","55 5134 0770 ext 1806","https://pilares.cdmx.gob.mx/pilares/1548/san-pedro-xalpa","coord_comunicacion@pilares.cdmx.gob.mx",-99.20949,19.48414,"http://sic.gob.mx/ficha.php?table=centro_cultural&table_id=3510","2026-01-06 17:14:12-06"
3653,"PILARES Ceylan","1000-01-01","Gobierno de la Ciudad de México",9,"Ciudad de México",2,"Azcapotzalco",1,"Azcapotzalco","Blvd. Ferrocarriles s/n","Industrial Vallejo","02300","55 5134 0770 ext 1806","https://pilares.cdmx.gob.mx/","coord_comunicacion@pilares.cdmx.gob.mx",-99.16307,19.47779,"http://sic.gob.mx/ficha.php?table=centro_cultural&table_id=3653","2024-06-12 11:57:46-06"
3523,"PILARES La Naranja","1000-01-01","Gobierno de la Ciudad de México",9,"Ciudad de México",2,"Azcapotzalco",1,"Azcapotzalco","Calz de la Naranja 1015","San Pedro Xalpa","02710 ","55 5134 0770 ext 1806","https://pilares.cdmx.gob.mx/","coord_comunicacion@pilares.cdmx.gob.mx",-99.21852,19.47447,"http://sic.gob.mx/ficha.php?table=centro_cultural&table_id=3523","2024-06-05 13:44:36-06"
1649,"Casa de la Palabra José Emilio Pacheco","2006-11-26","Alcaldía Azcapotzalco",9,"Ciudad de México",2,"Azcapotzalco",1,"Azcapotzalco","José F. Gutiérrez  351","Barrio de Nextengo","02700","55 5368 4812","https://azcapotzalco.cdmx.gob.mx/cultura-y-mas-cultura-en-azcapotzalco/#1594766547310-32498aa2-1a40","",-99.1883,19.47222,"http://sic.gob.mx/ficha.php?table=centro_cultural&table_id=1649","2026-03-23 12:37:00-06"
1224,"Casa de la Cultura Azcapotzalco","1991-11-18","Alcaldía Azcapotzalco",9,"Ciudad de México",2,"Azcapotzalco",1,"Azcapotzalco","Av. Azcapotzalco 605","Centro","02000","55 5354 9994","https://azcapotzalco.cdmx.gob.mx/","centros.culturales@azcapotzalco.cdmx.gob.mx",-99.18632,19.48056,"http://sic.gob.mx/ficha.php?table=centro_cultural&table_id=1224","2026-05-19 10:23:22-06"
3464,"PILARES Xalli ","1000-01-01","Secretaría de Cultura de la Ciudad de México",9,"Ciudad de México",2,"Azcapotzalco",1,"Azcapotzalco","Aretillo 184","Col. El Arenal ","02980","55 5134 0770 ext 1806","https://pilares.cdmx.gob.mx/","coord_comunicacion@pilares.cdmx.gob.mx",-99.15194,19.46424,"http://sic.gob.mx/ficha.php?table=centro_cultural&table_id=3464","2024-06-11 10:47:43-06"
3618,"PILARES Fábrica de Artes y Oficios (FARO) Azcapotzalco Xochicalli","2018-09-13","Secretaría de Cultura de la Ciudad de México/Dirección General de Vinculación Cultural Comunitaria/Red de Faros",9,"Ciudad de México",2,"Azcapotzalco",1,"Azcapotzalco","Av. Cultura Norte s/n","Unidad Habitacional El Rosario","02100","55 5134 0770 ext 1806","https://pilares.cdmx.gob.mx/","faroazcapotzalcoxochicalli@gmail.com",-99.20013,19.50699,"http://sic.gob.mx/ficha.php?table=centro_cultural&table_id=3618","2026-08-03 14:42:00-06"
3524,"PILARES Xochunahuac","2019-09-01","Secretaría de Cultura de la Ciudad de México",9,"Ciudad de México",2,"Azcapotzalco",1,"Azcapotzalco","Av Benito Juárez","Col. San Martín Xochinahuac","02120 ","55 5134 0770 ext 1806","https://pilares.cdmx.gob.mx/","coord_comunicacion@pilares.cdmx.gob.mx",-99.18923,19.50986,"http://sic.gob.mx/ficha.php?table=centro_cultural&table_id=3524","2025-09-25 18:09:58-06"
3112,"Centro Cultural Xitle","2015-07-22","",9,"Ciudad de México",2,"Azcapotzalco",1,"Azcapotzalco"," Hacienda de Las Carretas 38","Col. Hacienda del Rosario","02420","(55)  6832 9465",""," xitle.ac@gmail.com",-99.21154,19.49687,"http://sic.gob.mx/ficha.php?table=centro_cultural&table_id=3112","2019-07-10 13:58:47-05"
3789,"Artística Academia ","1000-01-01","",9,"Ciudad de México",2,"Azcapotzalco",1,"Azcapotzalco","Norte 89-A No.24","Col. Claveria","02080","","","artistica_fitnesspoint@outlook.com",-99.18257,19.47044,"http://sic.gob.mx/ficha.php?table=centro_cultural&table_id=3789","2024-09-13 13:19:07-06"
3655,"PILARES Electricistas/Virgilio Caballero","2023-07-13","Gobierno de la Ciudad de México",9,"Ciudad de México",2,"Azcapotzalco",1,"Azcapotzalco","Rabaul s/n","Parque Electricistas","02060","55 5134 0770 ext 1806","https://pilares.cdmx.gob.mx/pilares/1693/virgilio-caballero","coord_comunicacion@pilares.cdmx.gob.mx",-99.17979,19.47569,"http://sic.gob.mx/ficha.php?table=centro_cultural&table_id=3655","2025-10-07 19:44:43-06"
3564,"PILARES Pro Hogar","2020-01-01","Secretaría de Cultura de la Ciudad de México",9,"Ciudad de México",2,"Azcapotzalco",1,"Azcapotzalco","Calle 22 17","Col.  Pro Hogar","02600","55 5134 0770 ext 1806","https://pilares.cdmx.gob.mx/","coord_comunicacion@pilares.cdmx.gob.mx",-99.14986,19.47503,"http://sic.gob.mx/ficha.php?table=centro_cultural&table_id=3564","2025-07-07 18:04:12-06"
3498,"PILARES San Miguel Amantla","1000-01-01","Gobierno de la Ciudad de México",9,"Ciudad de México",2,"Azcapotzalco",1,"Azcapotzalco","Democracias s/n","San Miguel Amantla","02700","55 5134 0770 ext 1806","https://pilares.cdmx.gob.mx/","coord_comunicacion@pilares.cdmx.gob.mx",-99.20437,19.47527,"http://sic.gob.mx/ficha.php?table=centro_cultural&table_id=3498","2024-06-12 09:21:20-06"
3656,"PILARES Tepantongo","2020-01-01","Secretaría de Cultura de la Ciudad de México",9,"Ciudad de México",2,"Azcapotzalco",1,"Azcapotzalco","Tepantongo s/n","Col. San Marcos","02020","55 5134 0770 ext 1806","https://pilares.cdmx.gob.mx/","coord_comunicacion@pilares.cdmx.gob.mx",-99.18602,19.48973,"http://sic.gob.mx/ficha.php?table=centro_cultural&table_id=3656","2025-09-12 18:21:43-06"
3497,"PILARES Margarita Maza de Juárez","2019-07-12","Gobierno de la Ciudad de México",9,"Ciudad de México",2,"Azcapotzalco",1,"Azcapotzalco","Amuzgos s/n","Col. Tezozómoc","02459","55 5134 0770 ext 1806","https://pilares.cdmx.gob.mx/","coord_comunicacion@pilares.cdmx.gob.mx",-99.19903,19.48996,"http://sic.gob.mx/ficha.php?table=centro_cultural&table_id=3497","2024-06-13 14:48:44-06"
3722,"PILARES El Rosario","1000-01-01","Gobierno de la Ciudad de México",9,"Ciudad de México",2,"Azcapotzalco",1,"Azcapotzalco","Agricultores s/n esq. Mercaderes","Col. El Rosario","02100","55 5134 0770 ext 1806","https://pilares.cdmx.gob.mx/","coord_comunicacion@pilares.cdmx.gob.mx",-99.20079,19.51287,"http://sic.gob.mx/ficha.php?table=centro_cultural&table_id=3722","2024-06-13 14:15:51-06"
3557,"PILARES Coltongo","1000-01-01","Gobierno de la Ciudad de México",9,"Ciudad de México",2,"Azcapotzalco",1,"Azcapotzalco","Calz. Coltongo esq. Prol. Norte 100 metros","Col. Coltongo","02630","55 5134 0770 ext 1806","https://pilares.cdmx.gob.mx/","coord_comunicacion@pilares.cdmx.gob.mx",-99.15321,19.48157,"http://sic.gob.mx/ficha.php?table=centro_cultural&table_id=3557","2024-06-19 13:29:09-06"
3100,"Faro Poniente Xochikalli Azcapotzalco","2018-12-13","Alcaldía Azcapotzalco",9,"Ciudad de México",2,"Azcapotzalco",1,"Azcapotzalco","Calle Cananea lote 4","Unidad Habitacional El Rosario","02100","","","comunicacion.faroazcapotzalco@gmail.com",-99.20009,19.5069,"http://sic.gob.mx/ficha.php?table=centro_cultural&table_id=3100","2021-07-30 10:57:14-05"
3619,"PILARES Las Salinas ","1000-01-01","Secretaría de Cultura de la Ciudad de México",9,"Ciudad de México",2,"Azcapotzalco",1,"Azcapotzalco","Cahuacaltzingo 10","Col. Las Salinas ","02360","55 5134 0770 ext 1806","https://pilares.cdmx.gob.mx/","coord_comunicacion@pilares.cdmx.gob.mx",-99.16627,19.48902,"http://sic.gob.mx/ficha.php?table=centro_cultural&table_id=3619","2024-06-11 11:24:36-06"
3654,"PILARES Real de San Martín","2023-01-26","Secretaría de Cultura de la Ciudad de México",9,"Ciudad de México",2,"Azcapotzalco",1,"Azcapotzalco","Av. Real de San Martín 270","Col. Reynosa Tamaulipas","02129","55 5134 0770 ext 1806","https://pilares.cdmx.gob.mx/","coord_comunicacion@pilares.cdmx.gob.mx",-99.18782,19.49755,"http://sic.gob.mx/ficha.php?table=centro_cultural&table_id=3654","2025-08-29 18:10:21-06"
2440,"Fonoteca Nacional","2008-12-10","Secretaría de Cultura",9,"Ciudad de México",3,"Coyoacán",1,"Coyoacán","Francisco Sosa 383","Barrio de Santa Catarina","04010","55 4155 0950","https://fonotecanacional.cultura.gob.mx/","informesfonoteca@cultura.gob.mx",-99.17712,19.34972,"http://sic.gob.mx/ficha.php?table=centro_cultural&table_id=2440","2026-01-13 12:08:48-06"
3558,"PILARES Taxqueña","1000-01-01","Gobierno de la Ciudad de México",9,"Ciudad de México",3,"Coyoacán",1,"Coyoacán","Calzada de Tlalpan 2130","Campestre Churubusco","04200","55 5134 0770 ext 1806","https://pilares.cdmx.gob.mx/","coord_comunicacion@pilares.cdmx.gob.mx",-99.14336,19.34213,"http://sic.gob.mx/ficha.php?table=centro_cultural&table_id=3558","2025-07-29 13:40:05-06"
2665,"Centro Cultural Elena Garro","2012-10-05","Secretaría de Cultura/Educal, S.A. de C.V.",9,"Ciudad de México",3,"Coyoacán",1,"Coyoacán","Fernández Leal 43","Barrio de la Concepción","04020","55 5354 4000 exts. 4080, 4014 ","https://www.educal.com.mx/elenagarro/centro_cultural.html","informes.elenagarro@educal.com.mx",-99.15847,19.34854,"http://sic.gob.mx/ficha.php?table=centro_cultural&table_id=2665","2026-01-15 12:45:32-06"
3658,"PILARES Familia Maza de Juárez","1000-01-01","Gobierno de la Ciudad de México",9,"Ciudad de México",3,"Coyoacán",1,"Coyoacán","Av. Anacahuita s/n","Pedregal de Santo Domingo","04369","55 5134 0770 ext 1806","https://pilares.cdmx.gob.mx/","coord_comunicacion@pilares.cdmx.gob.mx",-99.17113,19.33215,"http://sic.gob.mx/ficha.php?table=centro_cultural&table_id=3658","2024-06-10 13:36:37-06"
1646,"Casa Centenario","2011-09-01","Alcaldía Coyoacán",9,"Ciudad de México",3,"Coyoacán",1,"Coyoacán","Jardín Centenario 16","Col. Villa Coyoacán","04000","","https://coyoacan.cdmx.gob.mx/mapas/ForosCasasDeCultura/indexbicentenario.php","centrobenemerito@gmail.com",-99.16401,19.34887,"http://sic.gob.mx/ficha.php?table=centro_cultural&table_id=1646","2025-08-06 14:42:11-06"
2676,"Centro Cultural La Titería Casa de las Marionetas","2014-04-30","Fundación La Titería, A.C.",9,"Ciudad de México",3,"Coyoacán",1,"Coyoacán","Vicente Guerrero 7","Col. El Carmen","04100","55 5662 6952","http://www.latiteria.mx/","marionetas.esquina@gmail.com; amigoslatiteria@gmail.com",-99.16505,19.35225,"http://sic.gob.mx/ficha.php?table=centro_cultural&table_id=2676","2021-09-27 08:38:32-05"
1435,"Casa de Cultura Jesús Reyes Heroles","1985-09-02","Alcaldía Coyoacán/Dirección General de Cultura",9,"Ciudad de México",3,"Coyoacán",1,"Coyoacán","Francisco Sosa  202","Barrio Santa Catarina","04010","55 5659 3937","","ccjesusreyesheroles1985@gmail.com",-99.17101,19.34929,"http://sic.gob.mx/ficha.php?table=centro_cultural&table_id=1435","2026-09-01 09:00:22-06"
3568,"PILARES Topiltzin","2022-01-14","Gobierno de la Ciudad de México",9,"Ciudad de México",3,"Coyoacán",1,"Coyoacán","Mixtecas s/n","Ajusco","04300","55 5134 0770 ext 1806","https://pilares.cdmx.gob.mx/","coord_comunicacion@pilares.cdmx.gob.mx",-99.15816,19.32259,"http://sic.gob.mx/ficha.php?table=centro_cultural&table_id=3568","2025-10-23 19:14:32-06"
2804,"Centro Cultural Los Talleresl Miguel Ángel de Quevedo","1000-01-01","Centro Cultural Los Talleres, A.C.",9,"Ciudad de México",3,"Coyoacán",1,"Coyoacán","Miguel Ángel de Quevedo 842","Col. La Concepción","04000","55 5659 4587","http://www.lostalleres.com.mx","talleres@prodigy.net.mx; difusion@forolostalleres.com",-99.15757,19.344,"http://sic.gob.mx/ficha.php?table=centro_cultural&table_id=2804","2025-04-21 13:25:28-06"
3546,"PILARES El Reloj","1000-01-01","Secretaría de Cultura de la Ciudad de México",9,"Ciudad de México",3,"Coyoacán",1,"Coyoacán","Corola s/n","Col. El Reloj","04640","55 5134 0770 ext 1806","https://pilares.cdmx.gob.mx/","coord_comunicacion@pilares.cdmx.gob.mx",-99.14154,19.31748,"http://sic.gob.mx/ficha.php?table=centro_cultural&table_id=3546","2024-06-10 12:28:05-06"
2899,"Centro Cultural Tauro Flamenco","2006-03-09","Tauro Flamenco, A.C.",9,"Ciudad de México",3,"Coyoacán",1,"Coyoacán","Av.  División del Norte 2915-piso 3","Parque San Andrés, Coyoacán","04040","(56) 2166 6884","https://www.tauroflamenco.org/","tauroflamenco@yahoo.com; cursos@tauroflamenco.org",-99.14935,19.34385,"http://sic.gob.mx/ficha.php?table=centro_cultural&table_id=2899","2026-01-08 18:27:08-06"
3509,"PILARES Santa Úrsula","1000-01-01","Secretaría de Cultura de la Ciudad de México",9,"Ciudad de México",3,"Coyoacán",1,"Coyoacán","Sta. Úrsula y San Ricardo","Col.  Pedregal de Sta Úrsula ","04600 ","55 5134 0770 ext 1806","https://pilares.cdmx.gob.mx/","coord_comunicacion@pilares.cdmx.gob.mx",-99.15699,19.30982,"http://sic.gob.mx/ficha.php?table=centro_cultural&table_id=3509","2024-06-11 11:52:52-06"
1170,"Centro Cultural Los Talleres","1981-11-10","Centro Cultural Los Talleres, A.C.",9,"Ciudad de México",3,"Coyoacán",1,"Coyoacán","Francisco Sosa 29 ","Col. Del Carmen Coyoacán","04000","55 5658 7288","http://www.lostalleres.com.mx","talleres@prodigy.net.mx;  difusion@forolostalleres.com",-99.1652,19.34933,"http://sic.gob.mx/ficha.php?table=centro_cultural&table_id=1170","2026-09-17 11:53:09-06"
3591,"PILARES Francisco J. Mujica","2021-01-01","Secretaría de Cultura de la Ciudad de México",9,"Ciudad de México",3,"Coyoacán",1,"Coyoacán","Deportivo Francisco. Canal Nacional J. Múgica 17-B anexo B","Col. Canal Nacional","","55 5134 0770 ext 1806","https://pilares.cdmx.gob.mx/","coord_comunicacion@pilares.cdmx.gob.mx",-99.10559,19.32566,"http://sic.gob.mx/ficha.php?table=centro_cultural&table_id=3591","2025-06-10 18:21:29-06"
3508,"PILARES Villa Panamericana","2019-08-12","Gobierno de la Ciudad de México",9,"Ciudad de México",3,"Coyoacán",1,"Coyoacán","Av. Panamericana s/n","Pedregal de Carrasco","04700","55 5134 0770 ext 1806","https://pilares.cdmx.gob.mx/","coord_comunicacion@pilares.cdmx.gob.mx",-99.1737,19.30777,"http://sic.gob.mx/ficha.php?table=centro_cultural&table_id=3508","2025-08-21 17:45:54-06"
2660,"Albergue del Arte","2009-01-01","Asociación Civil",9,"Ciudad de México",3,"Coyoacán",1,"Coyoacán","Alberto Zamora 32","Villa Coyoacán","40000","(55) 5610 1746","","jorge_esnaj@hotmail.com; tadecos08@hotmail.com",-99.16328,19.34598,"http://sic.gob.mx/ficha.php?table=centro_cultural&table_id=2660","2024-10-21 14:33:43-06"
550,"Centro Nacional de las Artes (CENART)","1994-11-22","Secretaría de Cultura",9,"Ciudad de México",3,"Coyoacán",1,"Coyoacán","Río Churubusco 79 esq. Calz. de Tlalpan","Col. Country Club","04220","55 4155 0000","http://www.cenart.gob.mx","contacto@conaculta.gob.mx	",-99.143,19.35533,"http://sic.gob.mx/ficha.php?table=centro_cultural&table_id=550","2026-04-20 17:30:38-06"
1109,"Centro Universitario Cultural CUC","1968-01-01","Centro Universitario Cultural, A.C.",9,"Ciudad de México",3,"Coyoacán",1,"Coyoacán","Odontología 35","Col. Copilco Universidad","04360","55 5659 6797","http://www.cuc.org.mx","dircultura@cuc.org.mx",-99.18193,19.33556,"http://sic.gob.mx/ficha.php?table=centro_cultural&table_id=1109","2024-10-07 14:36:18-06"
3723,"PILARES Carmen Serdán","2024-07-01","Gobierno de la Ciudad de México",9,"Ciudad de México",3,"Coyoacán",1,"Coyoacán","Calzada de la virgen s/n","Carmen Serdán","04480","55 5134 0770 ext 1806","https://pilares.cdmx.gob.mx/","coord_comunicacion@pilares.cdmx.gob.mx",-99.11299,19.32068,"http://sic.gob.mx/ficha.php?table=centro_cultural&table_id=3723","2025-10-10 18:48:54-06"
3975,"Espacio Cultural Jardín","1000-01-01","",9,"Ciudad de México",3,"Coyoacán",1,"Coyoacán","Rafael Oliva 129","Col. San Diego Churubusco","04120","",""," info.jardinn@gmail.com",-99.14756,19.35565,"http://sic.gob.mx/ficha.php?table=centro_cultural&table_id=3975","2026-01-22 18:19:51-06"
2352,"Casa de la Cultura El Reloj","1994-11-12","Alcaldía Coyoacán",9,"Ciudad de México",3,"Coyoacán",1,"Coyoacán","Corola s/n esq. Tallo y Polen","Col. El Reloj","04640","55 8984 2614","https://coyoacan.cdmx.gob.mx/mapas/ForosCasasDeCultura/indexelreloj.php","culturareloj@hotmail.com",-99.14157,19.31738,"http://sic.gob.mx/ficha.php?table=centro_cultural&table_id=2352","2025-08-07 14:04:09-06"
3483,"PILARES Emiliano Zapata","2019-03-29","Gobierno de la Ciudad de México",9,"Ciudad de México",3,"Coyoacán",1,"Coyoacán","José María Morelos 40","Emiliano Zapata","04460","55 5134 0770 ext 1806","https://pilares.cdmx.gob.mx/","coord_comunicacion@pilares.cdmx.gob.mx",-99.13788,19.32692,"http://sic.gob.mx/ficha.php?table=centro_cultural&table_id=3483","2025-10-20 17:06:00-06"
3563,"PILARES La Escuelita","1000-01-01","Gobierno de la Ciudad de México",9,"Ciudad de México",3,"Coyoacán",1,"Coyoacán","Canacuate s/n","Santo Domingo","04369","55 5134 0770 ext 1806","https://pilares.cdmx.gob.mx/","coord_comunicacion@pilares.cdmx.gob.mx",-99.16486,19.326,"http://sic.gob.mx/ficha.php?table=centro_cultural&table_id=3563","2024-06-13 13:07:50-06"
976,"Casa de las Humanidades","2000-02-01","UNAM",9,"Ciudad de México",3,"Coyoacán",1,"Coyoacán","Av. Pdte. Carranza 162 esq. Tres Cruces","Col. Sta. Catarina","04000","55 5554 5579, 55 5658 1121","https://www.cashum.unam.mx/","difhum@unam.mx; pichardi@servidor.unam.mx; casadelashumanidades@humanidades.unam.mx",-99.16501,19.34758,"http://sic.gob.mx/ficha.php?table=centro_cultural&table_id=976","2024-10-07 13:10:46-06"
3541,"PILARES Santa Ana","1000-01-01","Secretaría de Cultura de la Ciudad de México",9,"Ciudad de México",3,"Coyoacán",1,"Coyoacán","Carlota Armero s/n esq. Av. Santa","Col. CTM VI Culhuacán","04480","55 5134 0770 ext 1806","https://pilares.cdmx.gob.mx/","coord_comunicacion@pilares.cdmx.gob.mx",-99.11412,19.32846,"http://sic.gob.mx/ficha.php?table=centro_cultural&table_id=3541","2024-06-11 08:53:58-06"
2351,"Centro de las Artes Santa Úrsula","2009-06-21","Alcaldía Coyoacán/Dirección General de Cultura",9,"Ciudad de México",3,"Coyoacán",1,"Coyoacán","Av. Santa Úrsula 191 esq. San Ricardo","Col. Pedregal de Santa Úrsula","04600","55 5610 6176","https://www.mexicoescultura.com/recinto/66348/centro-de-las-artes-santa-ursula.html","casu_info@yahoo.com.mx",-99.15687,19.30981,"http://sic.gob.mx/ficha.php?table=centro_cultural&table_id=2351","2023-11-06 09:09:26-06"
1237,"Centro Cultural Universitario (UNAM)","1976-12-31","UNAM",9,"Ciudad de México",3,"Coyoacán",1,"Coyoacán","Av. Insurgentes Sur 3000","Ciudad Universitaria","04510","55 5622 7029","","montano.unam@gmail.com",-99.18492,19.31393,"http://sic.gob.mx/ficha.php?table=centro_cultural&table_id=1237","2026-01-21 14:03:56-06"
1190,"Casa de Cultura Ricardo Flores Magón","1986-04-30","Alcaldía Coyoacán",9,"Ciudad de México",3,"Coyoacán",1,"Coyoacán","Calz. de la Virgen s/n esq. Canal Nacional","Col. Carmen Serdán","04910","(55) 5607 0888","http://www.coyoacan.df.gob.mx/Cultura/centros.php","casadelacultura.floresmagon@gmail.com",-99.10258,19.32313,"http://sic.gob.mx/ficha.php?table=centro_cultural&table_id=1190","2019-11-27 03:32:05-06"
1107,"Centro Cultural y Social Veracruzano","1993-10-11","Centro Cultural y Social Veracruzano, A.C.",9,"Ciudad de México",3,"Coyoacán",1,"Coyoacán","Av. Miguel Ángel de Quevedo 687 ","Col. Cuadrante de San Francisco","04320","55 5554 1633","http://centroveracruzano.blogspot.com/p/eventos_11.html","contacto@centroveracruzano.mx",-99.163,19.34412,"http://sic.gob.mx/ficha.php?table=centro_cultural&table_id=1107","2022-07-28 07:56:10-05"
3724,"PILARES Huayamilpas","2022-08-13","Secretaría de Cultura de la Ciudad de México",9,"Ciudad de México",3,"Coyoacán",1,"Coyoacán","Prol. Huayamilpas s/n","Col. Ajusto ","04390","55 5134 0770 ext 1806","https://pilares.cdmx.gob.mx/","coord_comunicacion@pilares.cdmx.gob.mx",-99.14833,19.3249,"http://sic.gob.mx/ficha.php?table=centro_cultural&table_id=3724","2025-10-07 19:08:48-06"
2829,"Casa de Pueblos y Barrios de Coyoacán Dr. Miguel León Portilla","2014-05-08","Consejo Delegacional de Pueblos y Barrios Originarios de Coyoacán/Delegación Coyoacán",9,"Ciudad de México",3,"Coyoacán",1,"Coyoacán","Real de los Reyes esq. Plazuela de los Reyes","Pueblo de los Reyes","04331"," 55 2120 5569","https://culturacoyoacan.com/houses-of-culture/","pueblosybarrioscoyoacan@gmail.com",-99.15305,19.33811,"http://sic.gob.mx/ficha.php?table=centro_cultural&table_id=2829","2025-12-18 19:38:47-06"
3745,"PILARES Cantera Papatzin","2023-06-01","Gobierno de la Ciudad de México",9,"Ciudad de México",3,"Coyoacán",1,"Coyoacán","Rey Papatzin 73 A","Col. Ajusco","04300","55 5134 0770 ext 1806","https://pilares.cdmx.gob.mx/pilares/1783/cantera-papatzin","coord_comunicacion@pilares.cdmx.gob.mx",-99.16539,19.31227,"http://sic.gob.mx/ficha.php?table=centro_cultural&table_id=3745","2024-06-20 17:27:37-06"
1156,"Instituto Italiano de Cultura Ciudad de México","2001-03-01","Ministerio de Asuntos Exteriores y de Cooperación Internacional",9,"Ciudad de México",3,"Coyoacán",1,"Coyoacán","Av. Francisco Sosa 77","Col. Villa Coyoacán","04000","55 5554 0044","http://www.iicmessico.esteri.it/IIC_Messico","iicmessico@esteri.it",-99.16684,19.34957,"http://sic.gob.mx/ficha.php?table=centro_cultural&table_id=1156","2024-06-20 10:13:21-06"
2626,"Centro Cultural y Artístico Danzite","2013-03-01","",9,"Ciudad de México",3,"Coyoacán",1,"Coyoacán","Malintzin 11-bis","Del Carmen Coyoacán","04300","55 18089457","https://www.danzite.com.mx/?fbclid=IwY2xjawFxGO1leHRuA2FlbQIxMAABHWnWkph-Ii5Svcs85uNLqYXic-tM_ZJVaCXoQtIYKxBrt-88mUqyOXOXHQ_aem_RhhHblUPg43_HvEnB9cIBw","mk.munguia@gmail.com; espacioculturaldanzite@gmail.com",-99.15775,19.35328,"http://sic.gob.mx/ficha.php?table=centro_cultural&table_id=2626","2024-10-21 14:12:06-06"
3309,"ArteFactum Espacio de Encuentro","2019-02-01","",9,"Ciudad de México",3,"Coyoacán",1,"Coyoacán","Canahutli 177","Col. Pedregal de Santo Domingo","04369","55 5908 4790","","mx.artefactum@gmail.com",-99.16194,19.35021,"http://sic.gob.mx/ficha.php?table=centro_cultural&table_id=3309","2020-05-21 12:44:40-05"
3484,"PILARES Cantera ","2019-01-01","Secretaría de Cultura de la Ciudad de México",9,"Ciudad de México",3,"Coyoacán",1,"Coyoacán","Av. Antonio Delfín Madrigal ","Col. Pedregal de Santo Domingo","04369","55 5134 0770 ext 1806","https://pilares.cdmx.gob.mx/","coord_comunicacion@pilares.cdmx.gob.mx",-99.17221,19.31793,"http://sic.gob.mx/ficha.php?table=centro_cultural&table_id=3484","2026-03-24 14:35:00-06"
3306,"Cirkóptero","2018-01-01","Privado",9,"Ciudad de México",3,"Coyoacán",1,"Coyoacán","Xicoténcatl 110","Col. Del Carmen","04100","55 8969 2476","https://www.cirkoptero.com.mx/contacto","cirkoptero@gmail.com",-99.15343,19.35474,"http://sic.gob.mx/ficha.php?table=centro_cultural&table_id=3306","2024-10-21 18:02:37-06"
3281,"La Mano Jardín Cultural","2019-03-26","",9,"Ciudad de México",3,"Coyoacán",1,"Coyoacán","Av. Francisco Sosa 363","Col. Santa Catarina","04100","55 8376 8642","https://www.culturalamano.com/","info@culturalamano.com",-99.17648,19.34927,"http://sic.gob.mx/ficha.php?table=centro_cultural&table_id=3281","2026-01-22 17:31:11-06"
1162,"Casa de Cultura Raúl Anguiano","1994-11-23","Alcaldía Coyoacán",9,"Ciudad de México",3,"Coyoacán",1,"Coyoacán","Parque Ecológico Huayamilpas<br>Rey Nezahualcóyotl s/n esq. Yaquis","Col. Ajusco Huayamilpas","04730","55 5617 1629","","ccultura.raulanguiano1994@gmail.com",-99.15009,19.32301,"http://sic.gob.mx/ficha.php?table=centro_cultural&table_id=1162","2023-09-28 10:53:46-06"
3753,"PILARES Cuajimalpa","1000-01-01","Gobierno de la Ciudad de México",9,"Ciudad de México",4,"Cuajimalpa de Morelos",1,"Cuajimalpa de Morelos","Guillermo Prieto s/n","Cuajimalpa","05000","55 5134 0770 ext 1806","https://pilares.cdmx.gob.mx/","coord_comunicacion@pilares.cdmx.gob.mx",-99.29938,19.35781,"http://sic.gob.mx/ficha.php?table=centro_cultural&table_id=3753","2024-06-18 14:24:32-06"
1111,"Centro Cultural Cuajimalpa Morelos","1982-06-29","Alcaldía Cuajimalpa",9,"Ciudad de México",4,"Cuajimalpa de Morelos",1,"Cuajimalpa de Morelos","Av. Juárez s/n esq. Av. México","Col. Cuajimalpa","05050","55 5814 1100 ext. 2250","https://cuajimalpa.gob.mx/","jpc@cuajimalpa.cdmx.gob",-99.29839,19.3583,"http://sic.gob.mx/ficha.php?table=centro_cultural&table_id=1111","2025-04-03 13:31:06-06"
3571,"PILARES Zentlapatl","1000-01-01","Secretaría de Cultura de la Ciudad de México",9,"Ciudad de México",4,"Cuajimalpa de Morelos",1,"Cuajimalpa de Morelos","Puerto Escondido 8","Col. Zentlapatl","05010","55 5134 0770 ext 1806","https://pilares.cdmx.gob.mx/","coord_comunicacion@pilares.cdmx.gob.mx",-99.30952,19.35534,"http://sic.gob.mx/ficha.php?table=centro_cultural&table_id=3571","2024-06-13 07:48:21-06"
1546,"Centro Cultural Sor Juana Inés de la Cruz","1985-10-13","Alcaldía Cuajimalpa de Morelos",9,"Ciudad de México",4,"Cuajimalpa de Morelos",1,"Cuajimalpa de Morelos","Av. Jesús del Monte 334","Jesús del Monte","05260","(55) 5814 1128 ext. 2177","","jpc@cuajimalpa.cdmx.gob",-99.29345,19.36927,"http://sic.gob.mx/ficha.php?table=centro_cultural&table_id=1546","2025-04-03 13:34:45-06"
1545,"Centro Cultural Ex Convento Carmelita del Desierto de los Leones","2000-01-01","Alcaldía Cuajimalpa",9,"Ciudad de México",4,"Cuajimalpa de Morelos",1,"Cuajimalpa de Morelos","Carr. a Desierto de los Leones s/n","Col. Cuajimalpa La Venta","05000","55 9131 9542","","egarcia@cuajimalpa.df.gob.mx",-99.31061,19.3133,"http://sic.gob.mx/ficha.php?table=centro_cultural&table_id=1545","2024-11-28 11:03:00-06"
3620,"PILARES Contadero","2022-01-01","Gobierno de la Ciudad de México",9,"Ciudad de México",4,"Cuajimalpa de Morelos",60,"La Bolsa (El Encinal)","Prolongación 16 de Septiembre s/n","Col. Contadero","05500","56 3017 3340","https://pilares.cdmx.gob.mx/pilares/1658/contadero","coord_comunicacion@pilares.cdmx.gob.mx;comunidadpilarescontadero@gmail.com",-99.30269,19.34811,"http://sic.gob.mx/ficha.php?table=centro_cultural&table_id=3620","2025-09-08 19:13:43-06"
3540,"PILARES Benito Juárez García","2019-11-01","Gobierno de la Ciudad de México",9,"Ciudad de México",4,"Cuajimalpa de Morelos",67,"La Papa [Escuela Niños Héroes]","Andador Chamixto 174","Col. Loma del Padre","05010","55 5134 0770 ext 1806","https://pilares.cdmx.gob.mx/pilares/1578/benito-juarez","coord_comunicacion@pilares.cdmx.gob.mx",-99.30941,19.3482,"http://sic.gob.mx/ficha.php?table=centro_cultural&table_id=3540","2025-10-10 19:39:29-06"
3468,"PILARES Chimalpa","2019-02-15","Gobierno de la Ciudad de México",9,"Ciudad de México",4,"Cuajimalpa de Morelos",77,"Coatzehuaya","Porfirio Díaz s/n","San Pablo Chimalpa","05050","55 5134 0770 ext 1806","https://pilares.cdmx.gob.mx/","coord_comunicacion@pilares.cdmx.gob.mx",-99.31757,19.35306,"http://sic.gob.mx/ficha.php?table=centro_cultural&table_id=3468","2025-08-19 18:10:54-06"
3663,"PILARES Castillo Chico","2022-01-01","Gobierno de la Ciudad de México",9,"Ciudad de México",5,"Gustavo A. Madero",1,"Gustavo A. Madero","1era Cda. Chimalpopoca 7 MZ. 35 LT. 23","Castillo Grande","07220","55 5134 0770 ext 1806","https://pilares.cdmx.gob.mx/","coord_comunicacion@pilares.cdmx.gob.mx",-99.13417,19.53992,"http://sic.gob.mx/ficha.php?table=centro_cultural&table_id=3663","2025-07-21 18:58:06-06"
3672,"PILARES Progreso Nacional","2022-01-01","Gobierno de la Ciudad de México",9,"Ciudad de México",5,"Gustavo A. Madero",1,"Gustavo A. Madero","Av. Río de Los Remedios 330-326","Col. Progreso Nacional","07700","55 5134 0770 ext 1806","https://pilares.cdmx.gob.mx/","coord_comunicacion@pilares.cdmx.gob.mx",-99.15258,19.51647,"http://sic.gob.mx/ficha.php?table=centro_cultural&table_id=3672","2025-07-04 17:06:59-06"
3565,"PILARES Benemérito de las Américas","1000-01-01","Gobierno de la Ciudad de México",9,"Ciudad de México",5,"Gustavo A. Madero",1,"Gustavo A. Madero","Vicente Riva Palacio, esq. Melchor Ocampo","Col. Zona de Conservación Ecológica","07259","55 5134 0770 ext 1806","https://pilares.cdmx.gob.mx/pilares/1603/benemerito-de-las-americas","coord_comunicacion@pilares.cdmx.gob.mx",-99.13845,19.53501,"http://sic.gob.mx/ficha.php?table=centro_cultural&table_id=3565","2024-06-20 13:21:59-06"
3569,"PILARES Magdalena de las Salinas","1000-01-01","Secretaría de Cultura de la Ciudad de México",9,"Ciudad de México",5,"Gustavo A. Madero",1,"Gustavo A. Madero","Pte. 114","Col. Magdalena de las Salinas","07760","55 5134 0770 ext 1806","https://pilares.cdmx.gob.mx/","coord_comunicacion@pilares.cdmx.gob.mx",-99.14622,19.47906,"http://sic.gob.mx/ficha.php?table=centro_cultural&table_id=3569","2024-06-11 11:46:40-06"
3575,"PILARES La Muela","2020-02-24","Gobierno de la Ciudad de México",9,"Ciudad de México",5,"Gustavo A. Madero",1,"Gustavo A. Madero","Virginia Fábregas s/n","Col. Arbolillo II","07420","55 5134 0770 ext 1806","https://pilares.cdmx.gob.mx/pilares/1613/la-muela","coord_comunicacion@pilares.cdmx.gob.mx",-99.14398,19.53273,"http://sic.gob.mx/ficha.php?table=centro_cultural&table_id=3575","2025-09-29 15:52:44-06"
1069,"Centro Cultural Rafael Solana del IMSS","1990-10-24","IMSS",9,"Ciudad de México",5,"Gustavo A. Madero",1,"Gustavo A. Madero","Av. Instituto Politécnico Nacional s/n esq. Eje Fortuna","Col. Magdalena de las Salinas","07760","55 5747 3500 ext. 25320","http://www.imss.gob.mx","victor-manuel58@hotmail.com",-99.13397,19.48622,"http://sic.gob.mx/ficha.php?table=centro_cultural&table_id=1069","2026-04-13 12:02:42-06"
3661,"PILARES Bosque de Aragón","1000-01-01","Secretaría de Cultura de la Ciudad de México",9,"Ciudad de México",5,"Gustavo A. Madero",1,"Gustavo A. Madero","Int. Bosque de Aragón, Av. 510","Pueblo de San Juan de Aragón","07920","55 5134 0770 ext 1806","https://pilares.cdmx.gob.mx/","coord_comunicacion@pilares.cdmx.gob.mx",-99.07764,19.46336,"http://sic.gob.mx/ficha.php?table=centro_cultural&table_id=3661","2024-06-10 11:16:38-06"
3597,"PILARES Vasco de Quiroga","2021-07-01","Gobierno de la Ciudad de México",9,"Ciudad de México",5,"Gustavo A. Madero",1,"Gustavo A. Madero","Av. Ing. Eduardo Molina s/n","Col. Vasco de Quiroga","07440","55 5134 0770 ext 1806","https://pilares.cdmx.gob.mx/","coord_comunicacion@pilares.cdmx.gob.mx",-99.09076,19.4961,"http://sic.gob.mx/ficha.php?table=centro_cultural&table_id=3597","2025-07-04 17:02:45-06"
3623,"PILARES Cuchilla del Tesoro","2019-11-07","Gobierno de la Ciudad de México",9,"Ciudad de México",5,"Gustavo A. Madero",1,"Gustavo A. Madero","Norte 1 y Oriente 9","Cuchilla del Tesoro","07900","55 5134 0770 ext 1806","https://pilares.cdmx.gob.mx/","coord_comunicacion@pilares.cdmx.gob.mx",-99.05278,19.44844,"http://sic.gob.mx/ficha.php?table=centro_cultural&table_id=3623","2025-10-06 18:03:05-06"
3671,"PILARES Santa María Ticomán","2023-01-01","Secretaría de Cultura de la Ciudad de México",9,"Ciudad de México",5,"Gustavo A. Madero",1,"Gustavo A. Madero","Calle 18 de marzo s/n","Col. La Laguna Ticomán","07340","55 5134 0770 ext 1806","https://pilares.cdmx.gob.mx/","coord_comunicacion@pilares.cdmx.gob.mx",-99.13318,19.51651,"http://sic.gob.mx/ficha.php?table=centro_cultural&table_id=3671","2025-10-31 17:20:50-06"
3626,"PILARES Gran Canal","1000-01-01","Secretaría de Cultura de la Ciudad de México",9,"Ciudad de México",5,"Gustavo A. Madero",1,"Gustavo A. Madero","Av. Gran Canal del Desagüe 6828","Col. Casas Alemán","07580","55 5134 0770 ext 1806","https://pilares.cdmx.gob.mx/","coord_comunicacion@pilares.cdmx.gob.mx",-99.08934,19.48057,"http://sic.gob.mx/ficha.php?table=centro_cultural&table_id=3626","2024-06-07 07:36:41-06"
3634,"PILARES Tres Estrellas ","2021-11-17","Secretaría de Cultura de la Ciudad de México",9,"Ciudad de México",5,"Gustavo A. Madero",1,"Gustavo A. Madero","Av. Tesoro","Col. 3 Estrellas ","07820","55 5134 0770 ext 1806","https://pilares.cdmx.gob.mx/","coord_comunicacion@pilares.cdmx.gob.mx",-99.11102,19.47133,"http://sic.gob.mx/ficha.php?table=centro_cultural&table_id=3634","2025-06-06 16:00:23-06"
3071,"Casa de Cultura Carmen Aristegui","2011-05-27","Alcaldía Guatavo A. Madero",9,"Ciudad de México",5,"Gustavo A. Madero",1,"Gustavo A. Madero","Av. 604 s/n","Col. San Juan de Aragón IV Sección","07918","55 5212 9704","","casadeculturacarmenaristegui@gmail.com",-99.06379,19.4517,"http://sic.gob.mx/ficha.php?table=centro_cultural&table_id=3071","2026-04-13 08:29:14-06"
3628,"PILARES Joya de Nieves","2020-01-01","Gobierno de la Ciudad de México",9,"Ciudad de México",5,"Gustavo A. Madero",1,"Gustavo A. Madero","Área Natural Protegida Sierra de Guadalupe s/n","Zona de Conservación Ecológica","07145","55 5134 0770 ext 1806","https://pilares.cdmx.gob.mx/","coord_comunicacion@pilares.cdmx.gob.mx",-99.118,19.5592,"http://sic.gob.mx/ficha.php?table=centro_cultural&table_id=3628","2025-09-25 19:57:35-06"
2179,"Centro de Arte Bicentenario Poeta Hugo Gutiérrez Vega","2010-10-14","Alcaldía Gustavo A. Madero",9,"Ciudad de México",5,"Gustavo A. Madero",1,"Gustavo A. Madero","Av. Sur de los Cien Metros s/n esq. Poniente 122","Col. Nueva Vallejo","07750","56 1686 1861","","centrodeartehugogv@gmail.com",-99.14671,19.48405,"http://sic.gob.mx/ficha.php?table=centro_cultural&table_id=2179","2026-04-13 12:06:57-06"
3665,"PILARES Tixtla","1000-01-01","Gobierno de la Ciudad de México",9,"Ciudad de México",5,"Gustavo A. Madero",1,"Gustavo A. Madero","Cabo San Lucas Mz.14B Lt. 5","Col. Gabriel Hernández","07080","55 5134 0770 ext 1806","https://pilares.cdmx.gob.mx/","coord_comunicacion@pilares.cdmx.gob.mx",-99.10044,19.50086,"http://sic.gob.mx/ficha.php?table=centro_cultural&table_id=3665","2024-06-12 12:05:58-06"
3625,"PILARES Gertrudis Sánchez","1000-01-01","Gobierno de la Ciudad de México",9,"Ciudad de México",5,"Gustavo A. Madero",1,"Gustavo A. Madero","Av. Henry Ford S/N","Col. Gertrudis Sánchez II Secc.","07839","55 5134 0770 ext 1806","https://pilares.cdmx.gob.mx/","coord_comunicacion@pilares.cdmx.gob.mx",-99.1014,19.46405,"http://sic.gob.mx/ficha.php?table=centro_cultural&table_id=3625","2024-06-10 17:12:59-06"
3669,"PILARES Salvador Díaz Mirón","1000-01-01","Secretaría de Cultura de la Ciudad de México",9,"Ciudad de México",5,"Gustavo A. Madero",1,"Gustavo A. Madero","Ote. 155-B 3418","Col. Salvador Díaz Mirón","07400","55 5134 0770 ext 1806","https://pilares.cdmx.gob.mx/","coord_comunicacion@pilares.cdmx.gob.mx",-99.09921,19.488,"http://sic.gob.mx/ficha.php?table=centro_cultural&table_id=3669","2024-06-11 12:01:54-06"
3554,"PILARES Ejidos de San Juan de Aragón ","1000-01-01","Secretaría de Cultura de la Ciudad de México",9,"Ciudad de México",5,"Gustavo A. Madero",1,"Gustavo A. Madero","Av. Puerto de Palos  ","Col. Ejidos de San Juan de Aragón ","07940 ","55 5134 0770 ext 1806","https://pilares.cdmx.gob.mx/","coord_comunicacion@pilares.cdmx.gob.mx",-99.09131,19.46953,"http://sic.gob.mx/ficha.php?table=centro_cultural&table_id=3554","2024-06-11 11:29:19-06"
3624,"PILARES Estrella ","1000-01-01","Secretaría de Cultura de la Ciudad de México",9,"Ciudad de México",5,"Gustavo A. Madero",1,"Gustavo A. Madero","Escuela s/n","Col. Estrella ","07810 ","55 5134 0770 ext 1806","https://pilares.cdmx.gob.mx/","coord_comunicacion@pilares.cdmx.gob.mx",-99.11571,19.47593,"http://sic.gob.mx/ficha.php?table=centro_cultural&table_id=3624","2024-06-11 10:48:33-06"
3758,"PILARES San Felipe de Jesús II","1000-01-01","Gobierno de la Ciudad de México",9,"Ciudad de México",5,"Gustavo A. Madero",1,"Gustavo A. Madero","Tamazula s/n","San Felipe de Jesús","07510","55 5134 0770 ext 1806","https://pilares.cdmx.gob.mx/","coord_comunicacion@pilares.cdmx.gob.mx",-99.07674,19.49312,"http://sic.gob.mx/ficha.php?table=centro_cultural&table_id=3758","2024-06-06 13:23:52-06"
1099,"Casa de Cultura José María Velasco","1996-10-19","Alcaldía Gustavo A. Madero",9,"Ciudad de México",5,"Gustavo A. Madero",1,"Gustavo A. Madero","Roberto Gayol s/n esq. Excelsior","Col. Guadalupe Insurgentes","07870","55 5517 1051","","judccjosemaria@gmail.com",-99.13141,19.47446,"http://sic.gob.mx/ficha.php?table=centro_cultural&table_id=1099","2026-04-13 08:57:41-06"
3578,"PILARES El Vivero","2020-09-27","Gobierno de la Ciudad de México",9,"Ciudad de México",5,"Gustavo A. Madero",1,"Gustavo A. Madero","Blanca Estela Pavon s/n ","Poblado Cuautepec I y II","07140","55 5134 0770 ext 1806","https://pilares.cdmx.gob.mx/","coord_comunicacion@pilares.cdmx.gob.mx",-99.1283,19.56211,"http://sic.gob.mx/ficha.php?table=centro_cultural&table_id=3578","2025-10-08 19:41:53-06"
2174,"Centro de Desarrollo Social y Cultural Cuchilla del Tesoro","2009-01-01","Alcaldía Gustavo A. Madero",9,"Ciudad de México",5,"Gustavo A. Madero",1,"Gustavo A. Madero","Norte 1 entre Ote. 1 y Ote. 2","Col. Cuchilla del Tesoro","07900","55 2967 2912","","cdscuchilla@gmail.com",-99.05631,19.44723,"http://sic.gob.mx/ficha.php?table=centro_cultural&table_id=2174","2026-04-13 12:50:11-06"
3664,"PILARES Girasol","2022-01-01","Secretaría de Cultura de la Ciudad de México",9,"Ciudad de México",5,"Gustavo A. Madero",1,"Gustavo A. Madero","Arroyo La Armella 2748","Col. Luis Donaldo Colosio","51003","55 5134 0770 ext 1806","https://pilares.cdmx.gob.mx/","coord_comunicacion@pilares.cdmx.gob.mx",-99.14733,19.56009,"http://sic.gob.mx/ficha.php?table=centro_cultural&table_id=3664","2025-10-28 18:06:50-06"
2169,"Centro de Desarrollo Social y Cultural Alí Chumacero","2009-01-01","Alcaldía Gustavo A. Madero",9,"Ciudad de México",5,"Gustavo A. Madero",1,"Gustavo A. Madero","Norte 60 s/n esq. Oriente 95","Col. Mártires de Río Blanco","07880","55 2603 2836","","",-99.11361,19.46264,"http://sic.gob.mx/ficha.php?table=centro_cultural&table_id=2169","2026-04-13 12:36:29-06"
3463,"PILARES Richard Wagner","2019-01-28","Gobierno de la Ciudad de México",9,"Ciudad de México",5,"Gustavo A. Madero",1,"Gustavo A. Madero","Carril 23 4A 301","San Juan Xalpa","07870","55 5134 0770 ext 1806","https://pilares.cdmx.gob.mx/","coord_comunicacion@pilares.cdmx.gob.mx",-99.12918,19.46552,"http://sic.gob.mx/ficha.php?table=centro_cultural&table_id=3463","2025-10-23 19:51:41-06"
3392,"Casa de Cultura Quetzalcóatl III","2022-09-10","Alcaldía Gustavo A. Madero/Dirección Ejecutiva de Cultura, Recreación y Deporte",9,"Ciudad de México",5,"Gustavo A. Madero",1,"Gustavo A. Madero","Santiago Jarillo Mz. 1","Col. Quetzalcóatl ","07130"," 55 9318 7250","","cdcquetzalcoatl3@gmail.com",-99.14153,19.55919,"http://sic.gob.mx/ficha.php?table=centro_cultural&table_id=3392","2024-12-09 13:03:15-06"
3573,"PILARES Puerto Mazatlán","1000-01-01","Gobierno de la Ciudad de México",9,"Ciudad de México",5,"Gustavo A. Madero",1,"Gustavo A. Madero","Av. Ticoman y Av. Cuautepec s/n","Jorge Negrete","07310","55 5134 0770 ext 1806","https://pilares.cdmx.gob.mx/","coord_comunicacion@pilares.cdmx.gob.mx",-99.14195,19.52141,"http://sic.gob.mx/ficha.php?table=centro_cultural&table_id=3573","2024-06-10 09:38:45-06"
3662,"PILARES Santiago Atzacoalco","1000-01-01","Gobierno de la Ciudad de México",9,"Ciudad de México",5,"Gustavo A. Madero",1,"Gustavo A. Madero","Cabo Finisterre 1","Col. Pueblo Santiago Atzacoalco","","55 5134 0770 ext 1806","https://pilares.cdmx.gob.mx/","coord_comunicacion@pilares.cdmx.gob.mx",-99.09743,19.49846,"http://sic.gob.mx/ficha.php?table=centro_cultural&table_id=3662","2024-07-01 14:35:37-06"
2178,"Centro de Desarrollo Social y Cultural Primavera","2009-01-01","Dirección de Cultura y Deportes",9,"Ciudad de México",5,"Gustavo A. Madero",1,"Gustavo A. Madero","Primavera","Col. Candelaria Ticoman","07310","55 5118 2800","","",-99.13714,19.52256,"http://sic.gob.mx/ficha.php?table=centro_cultural&table_id=2178","2026-04-13 13:43:54-06"
2969,"Fábrica de Artes y Oficios (FARO) Aragón ","2016-06-17","Secretaría de Cultura de la Ciudad de México/Dirección General de Vinculación Cultural Comunitaria/Red de Faros",9,"Ciudad de México",5,"Gustavo A. Madero",1,"Gustavo A. Madero","Av. 517 s/n","Col. San Juan de Aragón, I Secc.","07969","55 5751 7923","https://www.cultura.cdmx.gob.mx/recintos/faro-aragon","difusion.faroaragon@gmail.com; culturacomunitariaweb@gmail.com",-99.09116,19.46129,"http://sic.gob.mx/ficha.php?table=centro_cultural&table_id=2969","2026-04-13 14:05:55-06"
3598,"PILARES San Felipe de Jesús","2021-01-01","Gobierno de la Ciudad de México",9,"Ciudad de México",5,"Gustavo A. Madero",1,"Gustavo A. Madero","Av. León de los Aldamas s/n","San Felipe de Jesús","07510 ","55 5134 0770 ext 1806","https://pilares.cdmx.gob.mx/","coord_comunicacion@pilares.cdmx.gob.mx",-99.07427,19.50088,"http://sic.gob.mx/ficha.php?table=centro_cultural&table_id=3598","2025-07-22 19:25:02-06"
2181,"Centro de Arte y Cultura Futurama","2009-12-01","Alcaldía Gustavo A. Madero/Dirección de Cultura y Deportes",9,"Ciudad de México",5,"Gustavo A. Madero",1,"Gustavo A. Madero","Otavalo 7, esq. Av. Instituto Politécnico Nacional","Col. Lindavista","07708","","","juventudfuturama@gmail.com; futuramalatefuerte@gmail.com",-99.13335,19.49332,"http://sic.gob.mx/ficha.php?table=centro_cultural&table_id=2181","2026-04-13 12:11:28-06"
1066,"Casa de Cultura Juventino Rosas","1989-01-01","Alcaldía Gustavo A. Madero/Dirección de Cultura y Deportes",9,"Ciudad de México",5,"Gustavo A. Madero",1,"Gustavo A. Madero","Plan de San Luis 50","Col. Residencial La Escalera ","07320","55 5586 6160","","casaculturajuventinorosas@gmail.com",-99.13964,19.51244,"http://sic.gob.mx/ficha.php?table=centro_cultural&table_id=1066","2026-04-13 09:02:33-06"
3667,"PILARES Malacates","2023-01-01","Gobierno de la Ciudad de México",9,"Ciudad de México",5,"Gustavo A. Madero",1,"Gustavo A. Madero","Aquiles Serdán s/n","Col. Malacates","07144","55 5134 0770 ext 1806","https://pilares.cdmx.gob.mx/","coord_comunicacion@pilares.cdmx.gob.mx",-99.12863,19.57502,"http://sic.gob.mx/ficha.php?table=centro_cultural&table_id=3667","2025-11-04 16:36:35-06"
2168,"Centro de Desarrollo Social y Cultural Aarón Gordián Martínez","2009-01-01","Alcalía Gustavo A. Madero",9,"Ciudad de México",5,"Gustavo A. Madero",1,"Gustavo A. Madero","Puerto Papantla entre Salina Cruz y Camino de la Liga","Col. Ampliación Casas Alemán ","","55 5118 2800 exts. 7220, 7221","","",-99.08131,19.48031,"http://sic.gob.mx/ficha.php?table=centro_cultural&table_id=2168","2026-04-13 12:22:38-06"
2173,"Centro de Desarrollo Social y Cultural La Casilda","2009-01-01","Alcaldía Gustavo A. Madero/Dirección de Cultura y Deportes",9,"Ciudad de México",5,"Gustavo A. Madero",1,"Gustavo A. Madero","Adolfo López Mateos s/n","Col. La Casilda","07150","55 1366 40 45","","",-99.12585,19.55592,"http://sic.gob.mx/ficha.php?table=centro_cultural&table_id=2173","2026-04-13 13:29:07-06"
2175,"Centro Cultural Gertrudis Sanchez","2009-01-01","",9,"Ciudad de México",5,"Gustavo A. Madero",1,"Gustavo A. Madero","Norte 94 esq. Victoria","Col. Gertrudis Sánchez 2da. sección","07839","","","",-99.09701,19.46448,"http://sic.gob.mx/ficha.php?table=centro_cultural&table_id=2175","2026-04-13 13:04:23-06"
3393,"Casa de Cultura Santa Rosa GAM","2017-01-01","Alcaldía Gustavo A. Madero/Dirección Ejecutiva de Cultura, Recreación y Deporte",9,"Ciudad de México",5,"Gustavo A. Madero",1,"Gustavo A. Madero","C. 6-A núm. 3","Col. Santa Rosa","07620","55 2697 0419, 55 2279 9295","","casadeculturasantarosa@gmail.com",-99.16461,19.5209,"http://sic.gob.mx/ficha.php?table=centro_cultural&table_id=3393","2026-04-13 10:55:19-06"
3757,"PILARES Loma La Palma","1000-01-01","Gobierno de la Ciudad de México",9,"Ciudad de México",5,"Gustavo A. Madero",1,"Gustavo A. Madero","18 de Marzo esq. 5 de Mayo","Col. Loma la Palma","07160","55 5134 0770 ext 1806","https://pilares.cdmx.gob.mx/","coord_comunicacion@pilares.cdmx.gob.mx",-99.14282,19.54957,"http://sic.gob.mx/ficha.php?table=centro_cultural&table_id=3757","2024-06-25 11:51:04-06"
2182,"Centro de Desarrollo Social y Cultural Carlos Montemayor","2009-01-01","Gobierno dela Ciudad de México",9,"Ciudad de México",5,"Gustavo A. Madero",1,"Gustavo A. Madero","Cda. Gabriel Guerra s/n esq. Emiliano Zapata<br> U.H. El Arbolillo","Zona Escolar Oriente","07239","55 1365 4658","","",-99.14375,19.53849,"http://sic.gob.mx/ficha.php?table=centro_cultural&table_id=2182","2026-04-13 12:46:28-06"
2177,"Centro Cultural Paco Ignacio Taibo ll","2009-08-13","Alcaldía Gustavo A. Madero",9,"Ciudad de México",5,"Gustavo A. Madero",1,"Gustavo A. Madero","Av. 414 s/n entre Av. 483 y Av. 481","Col. San Juan de Aragón, 7a. Sección","07920","55 5794 6634","https://www.facebook.com/pages/Centro-de-Desarrollo-Social-y-Cultural-Paco-Ignacio-Taibo-/367254176671907","CCpacoignaciotaiboii@hotmail.com",-99.07598,19.46934,"http://sic.gob.mx/ficha.php?table=centro_cultural&table_id=2177","2026-04-13 13:31:02-06"
3668,"PILARES Martín Carrera","1000-01-01","Gobierno de la Ciudad de México",9,"Ciudad de México",5,"Gustavo A. Madero",1,"Gustavo A. Madero","Francisco Echeverría 315","Martín Carrera","07070","55 5134 0770 ext 1806","https://pilares.cdmx.gob.mx/","coord_comunicacion@pilares.cdmx.gob.mx",-99.11315,19.4856,"http://sic.gob.mx/ficha.php?table=centro_cultural&table_id=3668","2024-06-19 11:12:51-06"
3627,"PILARES Héroes de Cerro Prieto","1000-01-01","Gobierno de la Ciudad de México",9,"Ciudad de México",5,"Gustavo A. Madero",1,"Gustavo A. Madero","Rublos 57","Col. Héroes de Cerro Prieto","07960","55 5134 0770 ext 1806","https://cartelera.cdmx.gob.mx/5663/30-10-2022/casita-del-terror-pilares-heroes-de-cerro-prieto","coord_comunicacion@pilares.cdmx.gob.mx",-99.09699,19.45256,"http://sic.gob.mx/ficha.php?table=centro_cultural&table_id=3627","2024-06-12 12:33:08-06"
3629,"PILARES Revolución ","1000-01-01","Secretaría de Cultura de la Ciudad de México",9,"Ciudad de México",5,"Gustavo A. Madero",1,"Gustavo A. Madero","Río Rivera s/n","Col. Zona Escolar Oriente","07239","55 5134 0770 ext 1806","https://pilares.cdmx.gob.mx/","coord_comunicacion@pilares.cdmx.gob.mx",-99.14198,19.54092,"http://sic.gob.mx/ficha.php?table=centro_cultural&table_id=3629","2024-06-11 11:58:23-06"
3631,"PILARES Aragón VII","1000-01-01","Secretaría de Cultura de la Ciudad de México",9,"Ciudad de México",5,"Gustavo A. Madero",1,"Gustavo A. Madero","Av. 414 s/n","Col. San Juan de Aragón VII Secc.","07910","55 5134 0770 ext 1806","https://pilares.cdmx.gob.mx/","coord_comunicacion@pilares.cdmx.gob.mx",-99.07514,19.47136,"http://sic.gob.mx/ficha.php?table=centro_cultural&table_id=3631","2024-06-10 12:15:01-06"
2165,"Casa de Cultura Estrella José Martí","2000-07-19","Alcaldía Gustavo A. Madero",9,"Ciudad de México",5,"Gustavo A. Madero",1,"Gustavo A. Madero","Joyas s/n esq. Turquesa","Col. Estrella ","07810","55 5750 3231","","casadeculturaestrella@gmail.com",-99.1153,19.47487,"http://sic.gob.mx/ficha.php?table=centro_cultural&table_id=2165","2026-04-13 08:32:52-06"
3630,"PILARES Aragón VI","1000-01-01","Gobierno de la Ciudad de México",9,"Ciudad de México",5,"Gustavo A. Madero",1,"Gustavo A. Madero","Avenida 414 s/n","San Juan de Aragón VI Secc.","07918","55 5134 0770 ext 1806","https://pilares.cdmx.gob.mx/","coord_comunicacion@pilares.cdmx.gob.mx",-99.06572,19.46666,"http://sic.gob.mx/ficha.php?table=centro_cultural&table_id=3630","2024-12-04 12:59:54-06"
3632,"PILARES Tablas de San Agustín","2021-01-01","Gobierno de la Ciudad de México",9,"Ciudad de México",5,"Gustavo A. Madero",1,"Gustavo A. Madero","Oriente 97 s/n esq. Norte 60","Col. Tablas de San Agustín","07860","55 5134 0770 ext 1806","https://pilares.cdmx.gob.mx/pilares/1670/tablas-de-san-agustin","pilares.sanagustin@gmail.com",-99.11367,19.4634,"http://sic.gob.mx/ficha.php?table=centro_cultural&table_id=3632","2025-08-27 19:21:55-06"
3559,"PILARES Nueva Atzacoalco","1000-01-01","Secretaría de Cultura de la Ciudad de México",9,"Ciudad de México",5,"Gustavo A. Madero",1,"Gustavo A. Madero","Av. 314 "," Col. Nueva Atzacoalco","07420","55 5134 0770 ext 1806","https://pilares.cdmx.gob.mx/","coord_comunicacion@pilares.cdmx.gob.mx",-99.08465,19.50066,"http://sic.gob.mx/ficha.php?table=centro_cultural&table_id=3559","2024-06-11 11:50:10-06"
3531,"PILARES 100 Metros","2019-10-21","Secretaría de Cultura de la Ciudad de México",9,"Ciudad de México",5,"Gustavo A. Madero",1,"Gustavo A. Madero","Anillo Periferico s/n esq. Av Cien Metros","Col. Santiago Atepetlac","07640","55 5134 0770 ext 1806","https://pilares.cdmx.gob.mx/","coord_comunicacion@pilares.cdmx.gob.mx",-99.15881,19.52648,"http://sic.gob.mx/ficha.php?table=centro_cultural&table_id=3531","2025-11-05 17:31:44-06"
3727,"PILARES Chalma de Guadalupe","1000-01-01","Gobierno de la Ciudad de México",9,"Ciudad de México",5,"Gustavo A. Madero",1,"Gustavo A. Madero","Cda. Morelos 108","Col. Chalma de Guadalupe","07160","55 5134 0770 ext 1806","https://pilares.cdmx.gob.mx/","coord_comunicacion@pilares.cdmx.gob.mx",-99.15251,19.54586,"http://sic.gob.mx/ficha.php?table=centro_cultural&table_id=3727","2024-06-25 14:08:00-06"
2167,"Casa de la Cultura Palmatitla","2003-03-13","Dirección de Cultura y Deportes",9,"Ciudad de México",5,"Gustavo A. Madero",1,"Gustavo A. Madero","Rubén Leñero Mza. 03, Lote 06","Col. Palmatitla ","07170","55 5306 2824","","centrogenerador510@gmail.com",-99.13404,19.55309,"http://sic.gob.mx/ficha.php?table=centro_cultural&table_id=2167","2026-04-13 11:45:34-06"
3469,"PILARES Benita Galeana","1000-01-01","Secretaría de Cultura de la Ciudad de México",9,"Ciudad de México",5,"Gustavo A. Madero",1,"Gustavo A. Madero","Av. Canal del Desagüe ","Col. Nueva Tenochtitlan ","07890","55 5134 0770 ext 1806","https://pilares.cdmx.gob.mx/","coord_comunicacion@pilares.cdmx.gob.mx",-99.10051,19.45529,"http://sic.gob.mx/ficha.php?table=centro_cultural&table_id=3469","2024-06-11 11:44:10-06"
3666,"PILARES Ixhuatepec","2022-09-20","Secretaría de Cultura de la Ciudad de México",9,"Ciudad de México",5,"Gustavo A. Madero",1,"Gustavo A. Madero","Parque Nacional 1","Col. Lomas de San Juan Ixhuatepec","07360","55 5134 0770 ext 1806","https://pilares.cdmx.gob.mx/","coord_comunicacion@pilares.cdmx.gob.mx",-99.10854,19.50884,"http://sic.gob.mx/ficha.php?table=centro_cultural&table_id=3666","2025-10-09 18:59:03-06"
3670,"PILARES Aragón II","2021-09-01","Gobierno de la Ciudad de México",9,"Ciudad de México",5,"Gustavo A. Madero",1,"Gustavo A. Madero","Av. 506 núm. 3914","Col. San Juan de Aragón II","07969","55 5134 0770 ext 1806","https://pilares.cdmx.gob.mx/pilares/1708/aragon-ii","coord_comunicacion@pilares.cdmx.gob.mx",-99.08552,19.45441,"http://sic.gob.mx/ficha.php?table=centro_cultural&table_id=3670","2025-10-21 17:22:26-06"
3470,"PILARES Tlalpexco","2019-02-17","Gobierno de la Ciudad de México",9,"Ciudad de México",5,"Gustavo A. Madero",1,"Gustavo A. Madero","Cda. Sauces s/n","Col. Tlalpexco","07188","55 5134 0770 ext 1806","https://pilares.cdmx.gob.mx/","coord_comunicacion@pilares.cdmx.gob.mx",-99.1257,19.54482,"http://sic.gob.mx/ficha.php?table=centro_cultural&table_id=3470","2025-09-02 16:16:45-06"
3673,"PILARES Providencia","1000-01-01","Gobierno de la Ciudad de México",9,"Ciudad de México",5,"Gustavo A. Madero",1,"Gustavo A. Madero","Estado de Zacatecas esq. Estado de Morelos (Mercado 136 Providencia)","Providencia","07550","55 5134 0770 ext 1806","https://pilares.cdmx.gob.mx/","coord_comunicacion@pilares.cdmx.gob.mx",-99.07062,19.48466,"http://sic.gob.mx/ficha.php?table=centro_cultural&table_id=3673","2024-06-05 13:44:02-06"
1060,"Centro Cultural Jaime Torres Bodet (IPN)","1964-08-17","IPN/Difusión y Fomento a la Cultura",9,"Ciudad de México",5,"Gustavo A. Madero",1,"Gustavo A. Madero","Av. Wilfrido Massieu s/n esq. Av. Instituto Politécnico Nacional","Col. Lindavista","07738","55 5729 6000 exts. 53623 y 46190","http://www.cultura.ipn.mx/Paginas/inicio.aspx","dleyvas@ipn.mx,  culturaipn@ipn.mx",-99.13529,19.49616,"http://sic.gob.mx/ficha.php?table=centro_cultural&table_id=1060","2026-05-28 10:58:46-06"
3726,"PILARES Candelaria Ticomán","1000-01-01","Secretaría de Cultura de la Ciudad de México",9,"Ciudad de México",5,"Gustavo A. Madero",1,"Gustavo A. Madero","Inspectores de la Luz 7","Col. Candelaria Ticomán","07310","55 5134 0770 ext 1806","https://pilares.cdmx.gob.mx/","coord_comunicacion@pilares.cdmx.gob.mx",-99.13248,19.52263,"http://sic.gob.mx/ficha.php?table=centro_cultural&table_id=3726","2024-06-11 07:49:42-06"
3980,"Casa de Cultura La Villa","2018-08-09","Alcaldía Gustavo A. Madero ",9,"Ciudad de México",5,"Gustavo A. Madero",1,"Gustavo A. Madero","Calle 5 de febrero s/n, entre Garrido y Alberto Herrera","Col. Aragón la Villa","07000","","","casadeculturalavilla@gmail.com",-99.11311,19.48217,"http://sic.gob.mx/ficha.php?table=centro_cultural&table_id=3980","2026-04-13 09:13:59-06"
2170,"Centro de Desarrollo Social Comunitario Carlos Monsiváis","2009-01-01","Alcaldía Gustavo A. Madero/Dirección de Cultura y Recreación",9,"Ciudad de México",5,"Gustavo A. Madero",1,"Gustavo A. Madero","Camino del Triunfo, esq. Camino de la Enseñanza s/n","Campestre Aragón","07530","","","cdsccarlosmonsivais201@gmail.com",-99.08023,19.48435,"http://sic.gob.mx/ficha.php?table=centro_cultural&table_id=2170","2026-04-13 12:19:36-06"
3674,"PILARES Villa de Aragón","2022-01-15","Secretaría de Cultura de la Ciudad de México",9,"Ciudad de México",5,"Gustavo A. Madero",1,"Gustavo A. Madero","Av. Carlos Hank González","Col. Villa de Aragón","07570","55 5134 0770 ext 1806","https://pilares.cdmx.gob.mx/","coord_comunicacion@pilares.cdmx.gob.mx",-99.05823,19.46283,"http://sic.gob.mx/ficha.php?table=centro_cultural&table_id=3674","2025-09-02 18:20:12-06"
3622,"PILARES Compositores Mexicanos","1000-01-01","Gobierno de la Ciudad de México",9,"Ciudad de México",5,"Gustavo A. Madero",1,"Gustavo A. Madero","Folklóricos Mexicanos s/n","Col. Compositores Mexicanos","07130","55 5134 0770 ext 1806","https://pilares.cdmx.gob.mx/","coord_comunicacion@pilares.cdmx.gob.mx",-99.13942,19.56687,"http://sic.gob.mx/ficha.php?table=centro_cultural&table_id=3622","2024-06-13 12:29:12-06"
3596,"PILARES Alí Chumacero","2021-01-01","Secretaría de Cultura de la Ciudad de México",9,"Ciudad de México",5,"Gustavo A. Madero",1,"Gustavo A. Madero","Guillermo Massieu Helguera 150","Col. La Purísima","07320","55 5134 0770 ext 1806","https://pilares.cdmx.gob.mx/","coord_comunicacion@pilares.cdmx.gob.mx",-99.13984,19.51214,"http://sic.gob.mx/ficha.php?table=centro_cultural&table_id=3596","2025-10-21 17:38:52-06"
3746,"PILARES Ramón Corona","1000-01-01","Secretaría de Cultura de la Ciudad de México",9,"Ciudad de México",5,"Gustavo A. Madero",1,"Gustavo A. Madero","La Esperanza s/n","Col. Industrial","07800","55 5134 0770 ext 1806","https://pilares.cdmx.gob.mx/","coord_comunicacion@pilares.cdmx.gob.mx",-99.12402,19.47706,"http://sic.gob.mx/ficha.php?table=centro_cultural&table_id=3746","2024-06-11 09:19:28-06"
3517,"PILARES Centenario","2019-09-02","Gobierno de la Ciudad de México",9,"Ciudad de México",5,"Gustavo A. Madero",1,"Gustavo A. Madero","Av. Centenario esq. Av. Río de los Remedios","Col. Juan González Romero","07410","55 5134 0770 ext 1806","https://www.jefaturadegobierno.cdmx.gob.mx/comunicacion/nota/inaugura-gobierno-de-la-ciudad-de-mexico-pilares-centenario-en-la-alcaldia-gustavo-madero","coord_comunicacion@pilares.cdmx.gob.mx",-99.09059,19.50892,"http://sic.gob.mx/ficha.php?table=centro_cultural&table_id=3517","2024-06-12 12:29:23-06"
2690,"Fábrica de Artes y Oficios (FARO) Indios Verdes","2006-06-20","Secretaría de Cultura de la Ciudad de México/Dirección General de Vinculación Cultural Comunitaria/Red de Faros",9,"Ciudad de México",5,"Gustavo A. Madero",1,"Gustavo A. Madero","Av Huitzilihuitl 51","Col. Santa Isabel Tola","07010","55 5781 6900","https://culturacomunitaria.cdmx.gob.mx/red-de-faros/faro-indios-verdes","elfaroindiosverdes@gmail.com",-99.11147,19.50327,"http://sic.gob.mx/ficha.php?table=centro_cultural&table_id=2690","2026-08-04 08:24:28-06"
3660,"PILARES Ampliación Providencia","2021-11-06","Gobierno de la Ciudad de México",9,"Ciudad de México",5,"Gustavo A. Madero",1,"Gustavo A. Madero","Volcán San Andrés Tuxtla 63","Colonia Ampliación Providencia","","55 5134 0770 ext 1806","https://pilares.cdmx.gob.mx/","coord_comunicacion@pilares.cdmx.gob.mx",-99.07021,19.4779,"http://sic.gob.mx/ficha.php?table=centro_cultural&table_id=3660","2025-06-09 17:27:07-06"
3633,"PILARES Tokio","1000-01-01","Gobierno de la Ciudad de México",9,"Ciudad de México",5,"Gustavo A. Madero",1,"Gustavo A. Madero","Tokio s/n ","Malacates","07119","55 5134 0770 ext 1806","https://pilares.cdmx.gob.mx/","coord_comunicacion@pilares.cdmx.gob.mx",-99.13498,19.5765,"http://sic.gob.mx/ficha.php?table=centro_cultural&table_id=3633","2024-06-14 14:26:26-06"
2333,"Foro Cristina Payán","2009-01-01","Dirección de Cultura y Deportes",9,"Ciudad de México",5,"Gustavo A. Madero",1,"Gustavo A. Madero","Av. Ing. Eduardo Molina","Col. Nueva Atzacoalco","07040","55 3973 4605","","foroalairelibrecristinapayan@gmail.com",-99.08823,19.50167,"http://sic.gob.mx/ficha.php?table=centro_cultural&table_id=2333","2026-04-13 14:04:12-06"
1511,"Casa de Cultura Inpi Picos (Las Abejas)","2002-10-05","Alcaldía Iztacalco",9,"Ciudad de México",6,"Iztacalco",1,"Iztacalco","Federico G. Bating s/n","Col. Inpi Picos","08770","55 5648 4678","","",-99.10284,19.38782,"http://sic.gob.mx/ficha.php?table=centro_cultural&table_id=1511","2026-03-05 14:54:47-06"
3471,"PILARES José Marti","2019-02-22","Secretaría de Cultura de la Ciudad de México",9,"Ciudad de México",6,"Iztacalco",1,"Iztacalco","Juárez 2","Col. La Asunción","08600","55 5134 0770 ext 1806","https://pilares.cdmx.gob.mx/","coord_comunicacion@pilares.cdmx.gob.mx",-99.12122,19.39048,"http://sic.gob.mx/ficha.php?table=centro_cultural&table_id=3471","2025-10-22 16:40:54-06"
1508,"Centro de Arte y Oficios de Iztacalco","1000-01-01","Alcaldía Iztacalco",9,"Ciudad de México",6,"Iztacalco",1,"Iztacalco","Julio García s/n esq. Anastasio Bustamante","Barrio Los Reyes","08650","55 5657 0007 ext. 2331","http://www.iztacalco.df.gob.mx/portal/index.php/cultura/casas-de-cultura","mail.iztacalco.df.gob.mx/horde",-99.11485,19.39385,"http://sic.gob.mx/ficha.php?table=centro_cultural&table_id=1508","2026-03-05 14:55:11-06"
3675,"PILARES Agrícola Oriental","2022-06-24","Gobierno de la Ciudad de México",9,"Ciudad de México",6,"Iztacalco",1,"Iztacalco","Sur 28 s/n entre oriente 255 y oriente 259","Col. Agrícola Oriental","08500","55 5134 0770 ext 1806","https://pilares.cdmx.gob.mx/","coord_comunicacion@pilares.cdmx.gob.mx",-99.06519,19.38499,"http://sic.gob.mx/ficha.php?table=centro_cultural&table_id=3675","2024-06-11 13:58:21-06"
1080,"Casa de la Cultura Las Jarillas","2002-04-22","Casa de la Cultura Las Jarillas, S.C. de R.L. de C.V.",9,"Ciudad de México",6,"Iztacalco",1,"Iztacalco","Lateral de Plutarco Elías Calles s/n esq. Sur 109","Col. Gabriel Ramos Millán","08720","55 1487 8782","","miguelitos2526@gmail.com; miguelitos2526@hotmail.com",-99.10989,19.39739,"http://sic.gob.mx/ficha.php?table=centro_cultural&table_id=1080","2023-09-07 07:49:05-06"
3472,"PILARES Agrícola Pantitlán","2019-01-01","Gobierno de la Ciudad de México",9,"Ciudad de México",6,"Iztacalco",1,"Iztacalco","Calle 1 s/n esq. Av. Guadalupe ","Col. Agrícola Pantitlán","08100","55 5134 0770 ext 1806","https://pilares.cdmx.gob.mx/","coord_comunicacion@pilares.cdmx.gob.mx",-99.06827,19.4152,"http://sic.gob.mx/ficha.php?table=centro_cultural&table_id=3472","2025-09-24 19:23:55-06"
3512,"PILARES La Fortaleza","2019-08-13","Gobierno de la Ciudad de México",9,"Ciudad de México",6,"Iztacalco",1,"Iztacalco","Oriente 116","Col. Gabriel Ramos Millán secc. Cuchilla","08030","55 5134 0770 ext 1806","https://pilares.cdmx.gob.mx/","coord_comunicacion@pilares.cdmx.gob.mx",-99.09174,19.38794,"http://sic.gob.mx/ficha.php?table=centro_cultural&table_id=3512","2024-06-19 10:32:32-06"
1086,"Casa de Cultura Mariano Matamoros","1996-03-21","Alcaldía Iztacalco",9,"Ciudad de México",6,"Iztacalco",1,"Iztacalco","Playa Erizo s/n esq. Playa Caleta  (parque de los patos)","Col. Reforma Iztaccíhuatl Norte","08840","55 5657 9482","","eliza091072@yahoo.com",-99.13048,19.38601,"http://sic.gob.mx/ficha.php?table=centro_cultural&table_id=1086","2026-03-05 14:54:14-06"
1081,"Casa de Cultura Sur 20","1000-01-01","Alcaldía Iztacalco",9,"Ciudad de México",6,"Iztacalco",1,"Iztacalco","Oriente 229 s/n esq. Av. Sur 20","Col. Agrícola Oriental","08500","55 5803 0000, 5654 3133","","",-99.08165,19.39328,"http://sic.gob.mx/ficha.php?table=centro_cultural&table_id=1081","2026-03-05 14:52:08-06"
1509,"Casa de Cultura Siete Barrios","1974-10-30","Alcaldía Iztacalco",9,"Ciudad de México",6,"Iztacalco",1,"Iztacalco","San Miguel s/n esq. Juárez","Barrio la Asunción","08600","55 5634 7396","","salvil77@hotmail.com",-99.12124,19.3904,"http://sic.gob.mx/ficha.php?table=centro_cultural&table_id=1509","2026-03-05 14:53:10-06"
3647,"PILARES Santa Anita","1000-01-01","Gobierno de la Ciudad de México",9,"Ciudad de México",6,"Iztacalco",1,"Iztacalco","H. Congreso de la Unión","Col. Santa Anita","08300","55 5134 0770 ext 1806","https://pilares.cdmx.gob.mx/","coord_comunicacion@pilares.cdmx.gob.mx",-99.12155,19.4038,"http://sic.gob.mx/ficha.php?table=centro_cultural&table_id=3647","2024-07-01 13:58:30-06"
3521,"PILARES Rojo Gómez","1000-01-01","Secretaría de Cultura de la Ciudad de México",9,"Ciudad de México",6,"Iztacalco",1,"Iztacalco","Eje 5 Ote. Javier Rojo Gómez 33 esq. Calz. Ignacio Zaragoza","Col. Agricola Oriental","08500","55 5134 0770 ext 1806","https://pilares.cdmx.gob.mx/","coord_comunicacion@pilares.cdmx.gob.mx",-99.07087,19.40473,"http://sic.gob.mx/ficha.php?table=centro_cultural&table_id=3521","2024-06-07 10:34:22-06"
1053,"Casa de Cultura Flamingos","2003-03-07","Alcaldía Iztacalco",9,"Ciudad de México",6,"Iztacalco",1,"Iztacalco","And. Sur 7 s/n esq. Playa Flamingos","Col. Militar Marte","08830","55 5633 4029","","flamingos1821@hotmail.com",-99.12579,19.37938,"http://sic.gob.mx/ficha.php?table=centro_cultural&table_id=1053","2026-03-05 14:55:34-06"
3408,"Centro Cultural de las Artes de Iztacalco","2019-05-31","Alcaldía Iztacalco ",9,"Ciudad de México",6,"Iztacalco",1,"Iztacalco","Ote. 120","Col. Cuchilla Ramos Millán","08020 ","55 5700 3464","http://www.iztacalco.cdmx.gob.mx/inicio/index.php/notasportada/cultura","centroculturalartesiz@gmail.com",-99.09387,19.38678,"http://sic.gob.mx/ficha.php?table=centro_cultural&table_id=3408","2026-03-05 14:51:16-06"
1513,"Casa de Cultura Benito Juárez","2000-02-24","Alcaldía Iztacalco",9,"Ciudad de México",6,"Iztacalco",1,"Iztacalco","Av. Té s/n, Plaza Benito Juárez","Col. Gabriel Ramos Millán","08000","55 5654 3333 ","","",-99.09722,19.39572,"http://sic.gob.mx/ficha.php?table=centro_cultural&table_id=1513","2026-03-05 14:51:39-06"
3493,"PILARES Paquita Calvo Zapata","1000-01-01","Gobierno de la Ciudad de México",9,"Ciudad de México",6,"Iztacalco",1,"Iztacalco","Calle lenguas indígenas 31","Carlos Zapata Vela","08040","55 5134 0770 ext 1806","https://pilares.cdmx.gob.mx/","coord_comunicacion@pilares.cdmx.gob.mx",-99.09672,19.38245,"http://sic.gob.mx/ficha.php?table=centro_cultural&table_id=3493","2024-06-10 11:57:36-06"
3599,"PILARES Tezontle","1000-01-01","Secretaría de Cultura de la Ciudad de México",9,"Ciudad de México",6,"Iztacalco",1,"Iztacalco","Av. Canal Tezontle y Eje 3 Oriente ","Col. Picos Iztacalco 1b ","08930","55 5134 0770 ext 1806","https://pilares.cdmx.gob.mx/","coord_comunicacion@pilares.cdmx.gob.mx",-99.11238,19.38834,"http://sic.gob.mx/ficha.php?table=centro_cultural&table_id=3599","2024-06-11 11:21:03-06"
1052,"Foro Cultural 2 de Octubre","1998-03-04","Alcaldía Iztacalco",9,"Ciudad de México",6,"Iztacalco",1,"Iztacalco","Valentín Gómez Farías s/n","Col. Campamento 2 de Octubre","08930","55 5648 4910","http://www.iztacalco.df.gob.mx/portal/index.php/cultura/casas-de-cultura","darioruben68@hotmail.com",-99.11643,19.38353,"http://sic.gob.mx/ficha.php?table=centro_cultural&table_id=1052","2026-03-05 14:52:33-06"
3584,"PILARES Iztaccíhatl ","2022-01-01","Secretaría de Cultura de la Ciudad de México",9,"Ciudad de México",6,"Iztacalco",1,"Iztacalco","Playa Erizo y Playa Azul","Col . Reforma Iztaccihuatl Nte.","08810 ","55 5134 0770 ext 1806","https://pilares.cdmx.gob.mx/","coord_comunicacion@pilares.cdmx.gob.mx",-99.13046,19.38625,"http://sic.gob.mx/ficha.php?table=centro_cultural&table_id=3584","2025-08-25 16:58:39-06"
3300,"Centro Cultural Foro la Cura","2013-01-01","",9,"Ciudad de México",6,"Iztacalco",1,"Iztacalco","Marcos Carrillo 356","Col. Viaducto Piedad","08200","55 4495 6332","","forolacuraproducciones@gmail.com",-99.13418,19.39909,"http://sic.gob.mx/ficha.php?table=centro_cultural&table_id=3300","2025-06-25 17:23:44-06"
2744,"Casa de Cultura Amalia Solórzano de Cárdenas","2009-08-01","Alcaldía Iztacalco",9,"Ciudad de México",6,"Iztacalco",1,"Iztacalco","Playa Icacos s/n esq. Playa Rosarito","Barrio Santiago Sur","08800","55 2621 3399","","amaliasolorzanocasadecultura@gmail.com",-99.12576,19.38785,"http://sic.gob.mx/ficha.php?table=centro_cultural&table_id=2744","2026-03-05 14:56:06-06"
3587,"PILARES Mártires del 10 de Junio","2024-06-10","Gobierno de la Ciudad de México",9,"Ciudad de México",6,"Iztacalco",1,"Iztacalco","Av. Plutarco Elias Calles esq. Av. Coyuya","Granjas México","08620","55 5134 0770 ext 1806","https://pilares.cdmx.gob.mx/","coord_comunicacion@pilares.cdmx.gob.mx",-99.11402,19.39822,"http://sic.gob.mx/ficha.php?table=centro_cultural&table_id=3587","2025-12-16 17:29:30-06"
3685,"PILARES La Comuna Iztapalapa","2021-12-16","Gobierno de la Ciudad de México",9,"Ciudad de México",7,"Iztapalapa",1,"Iztapalapa","Villa Jiloca 361","Desarrollo Urbano Quetzalcóatl","09700","55 5134 0770 ext 1806","https://pilares.cdmx.gob.mx/","coord_comunicacion@pilares.cdmx.gob.mx",-99.03949,19.32684,"http://sic.gob.mx/ficha.php?table=centro_cultural&table_id=3685","2025-06-09 19:24:41-06"
3537,"PILARES Santa Cruz Meyehualco","2019-01-01","Gobierno de la Ciudad de México",9,"Ciudad de México",7,"Iztapalapa",1,"Iztapalapa","Calle 55 esq. Av. 10","Col. Santa Cruz Meyehualco","09290","55 5134 0770 ext 1806","https://pilares.cdmx.gob.mx/","coord_comunicacion@pilares.cdmx.gob.mx",-99.04447,19.3485,"http://sic.gob.mx/ficha.php?table=centro_cultural&table_id=3537","2025-07-14 17:29:57-06"
3800,"Utopía Tezontli","2021-03-07","Alcaldía Iztapalapa",9,"Ciudad de México",7,"Iztapalapa",1,"Iztapalapa","Miguel Lerdo de Tejada 32","Barrio San Antonio. Pueblo de San Lorenzo Tezonco","09900","55 5206 1022","https://utopias.mx/utopia-tezontli-iztapalapa-cdmx-mexico.php","talleresculturaiztapalapa@gmail.com",-99.07367,19.31022,"http://sic.gob.mx/ficha.php?table=centro_cultural&table_id=3800","2025-01-16 18:27:11-06"
3799,"Utopía Quetzalcoatl","2021-12-19","Alcaldía Iztapalapa",9,"Ciudad de México",7,"Iztapalapa",1,"Iztapalapa","Manuel Cañas 2864 ","Col. Desarrollo Urbano Quetzalcóatl","09700","55 5445 1076  ","https://utopias.mx/utopia-quetzalcoatl-iztapalapa-cdmx-mexico.php","Hola@UtopiasIztapalapa.com",-99.0431,19.32727,"http://sic.gob.mx/ficha.php?table=centro_cultural&table_id=3799","2025-01-16 11:58:08-06"
3677,"PILARES Apatlaco","1000-01-01","Gobierno de la Ciudad de México",9,"Ciudad de México",7,"Iztapalapa",1,"Iztapalapa","Av. Canal Apatlaco 227 esq. Felipe Ángeles","Col. Apatlaco","09430","55 5134 0770 ext 1806","https://pilares.cdmx.gob.mx/","coord_comunicacion@pilares.cdmx.gob.mx",-99.115,19.38147,"http://sic.gob.mx/ficha.php?table=centro_cultural&table_id=3677","2024-06-12 12:52:57-06"
3553,"PILARES Lomas de  Zaragoza","1000-01-01","Gobierno de la Ciudad de México",9,"Ciudad de México",7,"Iztapalapa",1,"Iztapalapa","Calz. Ermita Iztapalapa y Calz. Ignacio Zaragoza","Lomas de Zaragoza","09510","55 5134 0770 ext 1806","https://pilares.cdmx.gob.mx/","coord_comunicacion@pilares.cdmx.gob.mx",-98.99993,19.35849,"http://sic.gob.mx/ficha.php?table=centro_cultural&table_id=3553","2024-06-13 14:09:04-06"
3796,"Utopía Papalotl","2021-11-10","Alcaldía Iztapalapa",9,"Ciudad de México",7,"Iztapalapa",1,"Iztapalapa","3er Retorno Reforma Económica 52 (La Ford)","Col. Reforma Política","09730","55 5445 1076","https://www.utopiasiztapalapa.com/utopia-papalotl-iztapalapa-cdmx-mexico.php","utopiapapalotl@gmail.com",-99.03217,19.34254,"http://sic.gob.mx/ficha.php?table=centro_cultural&table_id=3796","2025-01-20 11:11:39-06"
2757,"Centro Cultural Acahualtepec","2011-08-19","Gobierno de la Ciudad de México",9,"Ciudad de México",7,"Iztapalapa",1,"Iztapalapa","Oro s/n","Col. Segunda Ampl. Santiago Acahualtepec","09609  ","(55) 1719 3000 ext. 1444","","cultura@iztapalapa.gob.mx",-99.00816,19.34636,"http://sic.gob.mx/ficha.php?table=centro_cultural&table_id=2757","2020-04-20 14:36:21-05"
3488,"PILARES Facundo Cabral","2019-05-24","Gobierno de la Ciudad de México",9,"Ciudad de México",7,"Iztapalapa",1,"Iztapalapa","Moctezuma s/n","Ampliación Los Reyes Culhuacán","09849","55 5134 0770 ext 1806","https://pilares.cdmx.gob.mx/","coord_comunicacion@pilares.cdmx.gob.mx",-99.10243,19.34361,"http://sic.gob.mx/ficha.php?table=centro_cultural&table_id=3488","2025-09-10 17:22:24-06"
3364,"Cultura Urbana del Barrio Organizado (CUBO)","2012-12-17","Alcaldía Iztapalapa",9,"Ciudad de México",7,"Iztapalapa",1,"Iztapalapa","Totli 40","Col. El Paraíso ","09230","55 4565 8976","","promocionculturaliztapalapa@gmail.com",-99.02893,19.37536,"http://sic.gob.mx/ficha.php?table=centro_cultural&table_id=3364","2026-04-15 09:20:14-06"
3530,"PILARES Yautlica","1000-01-01","Gobierno de la Ciudad de México",9,"Ciudad de México",7,"Iztapalapa",1,"Iztapalapa","Av. de las Torres","Col. Ampliación Emiliano Zapata","09637","55 5134 0770 ext 1806","https://pilares.cdmx.gob.mx/","coord_comunicacion@pilares.cdmx.gob.mx",-98.98395,19.33315,"http://sic.gob.mx/ficha.php?table=centro_cultural&table_id=3530","2024-06-11 14:33:48-06"
3365,"Centro Cultural Semillero de Talentos","2012-12-16","Alcaldía Iztapalapa",9,"Ciudad de México",7,"Iztapalapa",1,"Iztapalapa","Asteroide s/n","Col. Casa Blanca","09850","55 2291 0182","","promocionculturaliztapalapa@gmail.com",-99.06752,19.33237,"http://sic.gob.mx/ficha.php?table=centro_cultural&table_id=3365","2021-10-26 11:11:22-05"
1026,"Centro Cultural Vicente Lombardo Toledano","1994-05-27","Centro Cultural Vicente Lombardo Toledano, A.C.",9,"Ciudad de México",7,"Iztapalapa",1,"Iztapalapa","Eje 6 s/n esq. 2da de Jacinto Huitrón","Unidad Habitacional Vicente Guerrero","09200","55 5691 0365 ","","",-99.0538,19.36254,"http://sic.gob.mx/ficha.php?table=centro_cultural&table_id=1026","2020-04-20 03:40:09-05"
3574,"PILARES Tepalcates","1000-01-01","Secretaría de Cultura de la Ciudad de México",9,"Ciudad de México",7,"Iztapalapa",1,"Iztapalapa","Primavera 52","Col. Tepalcates ","09210","55 5134 0770 ext 1806","https://pilares.cdmx.gob.mx/","coord_comunicacion@pilares.cdmx.gob.mx",-99.0555,19.39291,"http://sic.gob.mx/ficha.php?table=centro_cultural&table_id=3574","2024-06-11 11:21:50-06"
3601,"PILARES Ixtlahuacán","1000-01-01","Secretaría de Cultura de la Ciudad de México",9,"Ciudad de México",7,"Iztapalapa",1,"Iztapalapa","Av. Lázaro Cárdenas 1 ","Col. Iztlahuacán","09690","55 5134 0770 ext 1806","https://pilares.cdmx.gob.mx/","coord_comunicacion@pilares.cdmx.gob.mx",-98.99626,19.34236,"http://sic.gob.mx/ficha.php?table=centro_cultural&table_id=3601","2024-06-07 08:48:25-06"
3729,"PILARES Parque Cuitláhuac","1000-01-01","Secretaría de Cultura de la Ciudad de México",9,"Ciudad de México",7,"Iztapalapa",1,"Iztapalapa","Av. Genaro Estrada","Col. Vicente Guerrero","","55 5134 0770 ext 1806","https://pilares.cdmx.gob.mx/","coord_comunicacion@pilares.cdmx.gob.mx",-99.048,19.36409,"http://sic.gob.mx/ficha.php?table=centro_cultural&table_id=3729","2024-06-11 11:53:39-06"
3489,"PILARES Cerro de La Estrella","2019-05-24","Secretaría de Cultura de la Ciudad de México",9,"Ciudad de México",7,"Iztapalapa",1,"Iztapalapa","Chocolín 24","Col. San Juan Cerro","09839","55 5134 0770 ext 1806","https://pilares.cdmx.gob.mx/","coord_comunicacion@pilares.cdmx.gob.mx",-99.08152,19.34544,"http://sic.gob.mx/ficha.php?table=centro_cultural&table_id=3489","2025-06-02 19:09:24-06"
3680,"PILARES Calmecac","2021-01-01","Gobierno de la Ciudad de México",9,"Ciudad de México",7,"Iztapalapa",1,"Iztapalapa","Av. Valle de México s/n","Col. Miravalles","09696","55 5134 0770 ext 1806","https://pilares.cdmx.gob.mx/pilares/1718/calmecac","coord_comunicacion@pilares.cdmx.gob.mx",-98.99702,19.33417,"http://sic.gob.mx/ficha.php?table=centro_cultural&table_id=3680","2025-09-10 17:58:35-06"
3805,"Utopía La Cascada Xicohtencatl","2022-04-28","Alcaldía Iztapalapa",9,"Ciudad de México",7,"Iztapalapa",1,"Iztapalapa","Ena s/n","Zona Urbana Ejidal Santa Martha Acatitla Norte"," 09140","55 5445 1076  ","https://utopias.mx/utopia-la-cascada-xicohtencatl-iztapalapa-cdmx-mexico.php","talleresculturaiztapalapa@gmail.com",-99.02517,19.38228,"http://sic.gob.mx/ficha.php?table=centro_cultural&table_id=3805","2025-01-17 14:43:02-06"
3604,"PILARES Valle de Luces ","2021-06-19","Secretaría de Cultura de la Ciudad de México",9,"Ciudad de México",7,"Iztapalapa",1,"Iztapalapa","Valle del Paraíso 18","Col. Valle de Luces","09800","55 5134 0770 ext 1806","https://pilares.cdmx.gob.mx/","coord_comunicacion@pilares.cdmx.gob.mx",-99.09817,19.33801,"http://sic.gob.mx/ficha.php?table=centro_cultural&table_id=3604","2025-09-09 18:26:22-06"
3749,"PILARES Álvaro Obregón","1000-01-01","Secretaría de Cultura de la Ciudad de México",9,"Ciudad de México",7,"Iztapalapa",1,"Iztapalapa","Francisco T. Contreras","Col. Obregón"," 09230 ","55 5134 0770 ext 1806","https://pilares.cdmx.gob.mx/","coord_comunicacion@pilares.cdmx.gob.mx",-99.03627,19.37176,"http://sic.gob.mx/ficha.php?table=centro_cultural&table_id=3749","2024-06-11 11:55:21-06"
3689,"PILARES San Lorenzo Tezonco ","1000-01-01","Secretaría de Cultura de la Ciudad de México",9,"Ciudad de México",7,"Iztapalapa",1,"Iztapalapa","Av. Tlahuac Calz. México-Tuyehualco ","Col. San Lorenzo Tezonco","09790","55 5134 0770 ext 1806","https://pilares.cdmx.gob.mx/","coord_comunicacion@pilares.cdmx.gob.mx",-99.06482,19.30637,"http://sic.gob.mx/ficha.php?table=centro_cultural&table_id=3689","2024-06-11 11:57:07-06"
3577,"PILARES Bambú","1000-01-01","Gobierno de la Ciudad de México",9,"Ciudad de México",7,"Iztapalapa",1,"Iztapalapa","Calle Uno esq. Lázaro Cárdenas","Col. Lomas de la Estancia","09640","55 5134 0770 ext 1806","https://pilares.cdmx.gob.mx/","coord_comunicacion@pilares.cdmx.gob.mx",-99.00537,19.34031,"http://sic.gob.mx/ficha.php?table=centro_cultural&table_id=3577","2024-06-26 08:19:20-06"
3760,"PILARES Arcoíris","2019-01-01","Gobierno de la Ciudad de México",9,"Ciudad de México",7,"Iztapalapa",1,"Iztapalapa","Calle Humberto G. Tamayo s/n 1","Humberto G. Tamayo","09208","55 5134 0770 ext 1806","https://pilares.cdmx.gob.mx/","coord_comunicacion@pilares.cdmx.gob.mx",-99.04797,19.37773,"http://sic.gob.mx/ficha.php?table=centro_cultural&table_id=3760","2025-10-24 17:04:48-06"
3539,"PILARES Cerro Azúl","1000-01-01","Secretaría de Cultura de la Ciudad de México",9,"Ciudad de México",7,"Iztapalapa",1,"Iztapalapa","Cerro Azul 95 ","Col. Buenavista","09700 ","55 5134 0770 ext 1806","https://pilares.cdmx.gob.mx/","coord_comunicacion@pilares.cdmx.gob.mx",-99.0278,19.32599,"http://sic.gob.mx/ficha.php?table=centro_cultural&table_id=3539","2024-06-11 11:59:01-06"
3635,"PILARES El Molino","1000-01-01","Gobierno de la Ciudad de México",9,"Ciudad de México",7,"Iztapalapa",1,"Iztapalapa","Calle Piraña esq. Derechos Democráticos s/n","La Planta","09960","55 5134 0770 ext 1806","https://pilares.cdmx.gob.mx/","coord_comunicacion@pilares.cdmx.gob.mx",-99.06244,19.29213,"http://sic.gob.mx/ficha.php?table=centro_cultural&table_id=3635","2024-06-10 13:54:14-06"
3514,"PILARES San Miguel Teotongo","2019-08-24","Secretaría de Cultura de la Ciudad de México",9,"Ciudad de México",7,"Iztapalapa",1,"Iztapalapa","Av del Paraiso","Col. San Miguel Teotongo","09630","55 5134 0770 ext 1806","https://pilares.cdmx.gob.mx/","coord_comunicacion@pilares.cdmx.gob.mx",-98.99277,19.34014,"http://sic.gob.mx/ficha.php?table=centro_cultural&table_id=3514","2025-07-01 18:24:44-06"
3690,"PILARES Quetzalcóatl","2019-01-01","Gobierno de la Ciudad de México",9,"Ciudad de México",7,"Iztapalapa",1,"Iztapalapa","Ursulo Galván 22","Desarrollo Urbano Quetzalcóatl","09700","55 5134 0770 ext 1806","https://pilares.cdmx.gob.mx/","coord_comunicacion@pilares.cdmx.gob.mx",-99.0463,19.33719,"http://sic.gob.mx/ficha.php?table=centro_cultural&table_id=3690","2025-07-07 18:02:02-06"
3513,"PILARES Palmitas","1000-01-01","Gobierno de la Ciudad de México",9,"Ciudad de México",7,"Iztapalapa",1,"Iztapalapa","Nativitas s/n","Palmitas","09670","55 5134 0770 ext 1806","https://pilares.cdmx.gob.mx/","coord_comunicacion@pilares.cdmx.gob.mx",-99.02607,19.33896,"http://sic.gob.mx/ficha.php?table=centro_cultural&table_id=3513","2024-06-10 14:24:16-06"
3731,"PILARES Lomas de San Lorenzo","1000-01-01","Secretaría de Cultura de la Ciudad de México",9,"Ciudad de México",7,"Iztapalapa",1,"Iztapalapa","Av. Prol. Reforma s/n","Col. Lomas de San Lorenzo","","55 5134 0770 ext 1806","https://pilares.cdmx.gob.mx/","coord_comunicacion@pilares.cdmx.gob.mx",-99.06539,19.32101,"http://sic.gob.mx/ficha.php?table=centro_cultural&table_id=3731","2024-06-11 08:15:16-06"
3795,"Utopía Libertad","2023-02-26","Alcaldía Iztapalapa",9,"Ciudad de México",7,"Iztapalapa",1,"Iztapalapa","Río Nilo y Av. Reforma","Col. Lomas de San Lorenzo","09780","55 5445 1076","https://utopias.mx/utopia-libertad-iztapalapa-cdmx-mexico.php","talleresculturaiztapalapa@gmail.com",-99.06542,19.32501,"http://sic.gob.mx/ficha.php?table=centro_cultural&table_id=3795","2025-02-25 14:40:32-06"
3733,"PILARES Vicente Guerrero","1000-01-01","Gobierno de la Ciudad de México",9,"Ciudad de México",7,"Iztapalapa",1,"Iztapalapa","Anillo Periférico Canal de San Juan s/n","Unidad Vicente Guerrero","09200","55 5134 0770 ext 1806","https://pilares.cdmx.gob.mx/","coord_comunicacion@pilares.cdmx.gob.mx",-99.05911,19.35488,"http://sic.gob.mx/ficha.php?table=centro_cultural&table_id=3733","2024-06-18 13:34:21-06"
3481,"PILARES Cooperemos Pueblo","1000-01-01","Secretaría de Cultura de la Ciudad de México",9,"Ciudad de México",7,"Iztapalapa",1,"Iztapalapa","Cuitláhuac s/n","Col. Santa Cruz Meyehualco (Pueblo)","09700","55 5134 0770 ext 1806","https://pilares.cdmx.gob.mx/","coord_comunicacion@pilares.cdmx.gob.mx",-99.04082,19.34133,"http://sic.gob.mx/ficha.php?table=centro_cultural&table_id=3481","2024-06-11 09:09:35-06"
3688,"PILARES San Andrés Tetepilco","1000-01-01","Gobierno de la Ciudad de México",9,"Ciudad de México",7,"Iztapalapa",1,"Iztapalapa","Deportivo San Andrés, entrada por Andrés Molina Enríquez, entre San Andrés Tetepilco y Av. Municipio Libre","San Andrés Tetepilco","09440","55 5134 0770 ext 1806","https://pilares.cdmx.gob.mx/","coord_comunicacion@pilares.cdmx.gob.mx",-99.1309,19.3689,"http://sic.gob.mx/ficha.php?table=centro_cultural&table_id=3688","2024-06-06 13:25:13-06"
2762,"Casa de Cultura  del Barrio de San Antonio","2011-12-02","Alcaldía Iztapalapa",9,"Ciudad de México",7,"Iztapalapa",1,"Iztapalapa","Deportivo San Lorenzo, Av. de las Torres s/n","Col. San Lorenzo Tezonco","09900","55 5859 0560","https://www.facebook.com/casadeculturasanantonio/","ccsanantonio@outlook.com",-99.07428,19.31069,"http://sic.gob.mx/ficha.php?table=centro_cultural&table_id=2762","2020-04-20 09:40:17-05"
1044,"Centro Cultural Casa de Las Bombas","1990-09-01","Universidad Autónoma Metropolitana",9,"Ciudad de México",7,"Iztapalapa",1,"Iztapalapa","Gregorio Torres Quintero s/n esq. Prol. Quetzal","Col. La Purísima","09340","(55) 5614 1469","http://www.izt.uam.mx/cbombas/index.html","casadelasbombas@prodigy.net.mx",-99.07318,19.35634,"http://sic.gob.mx/ficha.php?table=centro_cultural&table_id=1044","2020-04-20 14:11:17-05"
3809,"Utopía de las Mujeres Cihuacoatl","2024-09-12","Alcaldía Iztapalapa",9,"Ciudad de México",7,"Iztapalapa",1,"Iztapalapa","La Purísima 230 entre Calle 10 y Calle 12","Col. Leyes de Reforma 1ra Secc."," 09310 ","55 5443 9349","https://www.utopiasiztapalapa.com/","talleresculturaiztapalapa@gmail.com",-99.07081,19.3636,"http://sic.gob.mx/ficha.php?table=centro_cultural&table_id=3809","2025-01-17 14:00:04-06"
1683,"Centro Cultural Multidisciplinario El Casetón","2003-03-04","Alcaldía Iztapalapa",9,"Ciudad de México",7,"Iztapalapa",1,"Iztapalapa","Coronel S. Elías González s/n","Col. Juan Escutia","09100","55 2235 0870","","promocionculturaliztapalapa@gmail.com",-99.05379,19.39857,"http://sic.gob.mx/ficha.php?table=centro_cultural&table_id=1683","2021-10-15 08:51:30-05"
3361,"Centro Cultural Acatitlan","2012-02-03","Alcaldía Iztapalapa",9,"Ciudad de México",7,"Iztapalapa",1,"Iztapalapa","Benito Juárez s/n esq. Gabriel Tepepan","Pueblo Santa Martha Acatitla","","","https://www.facebook.com/Centro-Cultural-Acatitlan-1248103391941666","centro.cultural.acatitlan@gmail.com",-99.00984,19.36309,"http://sic.gob.mx/ficha.php?table=centro_cultural&table_id=3361","2021-10-15 08:52:05-05"
1047,"Centro Comunitario Culhuacán, Ex Convento de San Juan Evangelista","1984-02-01","Secretaría de Cultura/INAH",9,"Ciudad de México",7,"Iztapalapa",1,"Iztapalapa","Morelos  10","Col. Culhuacán","09800"," 55 40 40 5500","http://www.inah.gob.mx","carmen_mendoza@inah.gob.mx",-99.10769,19.34002,"http://sic.gob.mx/ficha.php?table=centro_cultural&table_id=1047","2024-03-22 13:04:07-06"
3538,"PILARES Purísima","2019-10-25","Gobierno de la Ciudad de México",9,"Ciudad de México",7,"Iztapalapa",1,"Iztapalapa","EJE 5 SUR PURISIMA Y EJE 3 ORIENTE FRANCISCO DEL PASO Y TRON S/N","Nueva Rosita","09429","55 5134 0770 ext 1806","https://pilares.cdmx.gob.mx/","coord_comunicacion@pilares.cdmx.gob.mx",-99.10987,19.37914,"http://sic.gob.mx/ficha.php?table=centro_cultural&table_id=3538","2025-11-26 17:03:52-06"
3734,"PILARES Zacatepec","1000-01-01","Secretaría de Cultura de la Ciudad de México",9,"Ciudad de México",7,"Iztapalapa",1,"Iztapalapa","Camino Real ","Col Campestre Potrero ","09737 ","55 5134 0770 ext 1806","https://pilares.cdmx.gob.mx/","coord_comunicacion@pilares.cdmx.gob.mx",-98.97328,19.32617,"http://sic.gob.mx/ficha.php?table=centro_cultural&table_id=3734","2024-06-11 10:48:11-06"
3686,"PILARES Lomas de la Estancia","1000-01-01","Secretaría de Cultura de la Ciudad de México",9,"Ciudad de México",7,"Iztapalapa",1,"Iztapalapa","Cam. a las Minas s/n","Col. Lomas de la Estancia","09609","55 5134 0770 ext 1806","https://pilares.cdmx.gob.mx/","coord_comunicacion@pilares.cdmx.gob.mx",-99.00747,19.3405,"http://sic.gob.mx/ficha.php?table=centro_cultural&table_id=3686","2024-06-06 11:36:07-06"
3515,"PILARES Renovación","2019-08-21","Gobierno de la Ciudad de México",9,"Ciudad de México",7,"Iztapalapa",1,"Iztapalapa","Avenida 9 s/n entre Calle 4 y Calle 5","Col. Renovación","09209","55 5134 0770 ext 1806","https://pilares.cdmx.gob.mx/pilares/1553/renovacion","coord_comunicacion@pilares.cdmx.gob.mx",-99.04697,19.36948,"http://sic.gob.mx/ficha.php?table=centro_cultural&table_id=3515","2024-06-21 13:09:22-06"
3798,"Utopía Teotongo","2021-09-14","Alcaldía Iztapalapa",9,"Ciudad de México",7,"Iztapalapa",1,"Iztapalapa","Tetepetongo Mzna. 22","Col. San Miguel Teotongo","09630","55 5445 1076 ","https://utopias.mx/utopia-teotongo-iztapalapa-cdmx-mexico.php","talleresculturaiztapalapa@gmail.com",-98.99337,19.35508,"http://sic.gob.mx/ficha.php?table=centro_cultural&table_id=3798","2025-04-16 13:46:56-06"
2759,"Casa de la Cultura y Recreación Sta. Cruz Meyehualco","2011-11-08","Casa de la Cultura y Recreación Sta. Cruz Meyehualco, A.C. ",9,"Ciudad de México",7,"Iztapalapa",1,"Iztapalapa","Calle 55 núm. 47","U. H. Santa Cruz Meyehualco","09700","55 5691 5745","","cultura@iztapalapa.gob.mx",-99.04359,19.34656,"http://sic.gob.mx/ficha.php?table=centro_cultural&table_id=2759","2023-02-01 03:29:06-06"
3474,"PILARES Gabriela Mistral","2019-02-24","Secretaría de Cultura de la Ciudad de México",9,"Ciudad de México",7,"Iztapalapa",1,"Iztapalapa","Sur 27","Col. Leyes de Reforma 1ra Secc","09310","55 5134 0770 ext 1806","https://pilares.cdmx.gob.mx/","coord_comunicacion@pilares.cdmx.gob.mx",-99.06882,19.35998,"http://sic.gob.mx/ficha.php?table=centro_cultural&table_id=3474","2025-09-02 16:00:58-06"
3473,"PILARES Acahualtepec","1000-01-01","Gobierno de la Ciudad de México",9,"Ciudad de México",7,"Iztapalapa",1,"Iztapalapa","Calle Colorín s/n","2da Ampliación Santiago Acahualtepec","09609","55 5134 0770 ext 1806","https://pilares.cdmx.gob.mx/","coord_comunicacion@pilares.cdmx.gob.mx",-99.00813,19.34604,"http://sic.gob.mx/ficha.php?table=centro_cultural&table_id=3473","2024-06-06 14:35:41-06"
1065,"Casa de Cultura Fuego Nuevo","1979-04-14","Alcaldía Iztapalapa",9,"Ciudad de México",7,"Iztapalapa",1,"Iztapalapa","Comonfort 43","Barrio San Lucas","09000","55 5445 1000 ext. 1428","https://culturaiztapalapa.wordpress.com/2012/09/25/casa-de-cultura-fuego-nuevo/","cultura@iztapalapa.gob.mx",-99.09397,19.35884,"http://sic.gob.mx/ficha.php?table=centro_cultural&table_id=1065","2023-04-26 06:36:29-06"
3576,"PILARES Casa del Pueblo","2019-01-01","Secretaría de Cultura de la Ciudad de México",9,"Ciudad de México",7,"Iztapalapa",1,"Iztapalapa","Calz Gral. Ignacio Zaragoza s/n","Col. Unidad Habitacional Ermita Iztapalapa","09180","55 5134 0770 ext 1806","https://pilares.cdmx.gob.mx/","coord_comunicacion@pilares.cdmx.gob.mx",-99.00204,19.364,"http://sic.gob.mx/ficha.php?table=centro_cultural&table_id=3576","2025-11-03 18:35:00-06"
3687,"PILARES Eduardo Galeano","2022-01-01","Gobierno de la Ciudad de México",9,"Ciudad de México",7,"Iztapalapa",1,"Iztapalapa","Vicente Guerrero esq. Pedro Vélez","Col. Presidentes de México","09740","55 5134 0770 ext 1806","https://premioobrascemex.com/pilares-presidentes-de-mexico","coord_comunicacion@pilares.cdmx.gob.mx",-99.05666,19.33234,"http://sic.gob.mx/ficha.php?table=centro_cultural&table_id=3687","2025-06-26 16:48:17-06"
3527,"PILARES Tetecón","2019-10-01","Gobierno de la Ciudad de México",9,"Ciudad de México",7,"Iztapalapa",1,"Iztapalapa","Av. Pino esq. Capulín s/n","Col. Buenavista","09700","55 5134 0770 ext 1806","https://pilares.cdmx.gob.mx/","coord_comunicacion@pilares.cdmx.gob.mx",-99.02899,19.32246,"http://sic.gob.mx/ficha.php?table=centro_cultural&table_id=3527","2024-06-12 12:35:19-06"
1043,"Casa de Cultura Solidaridad","1000-01-01","",9,"Ciudad de México",7,"Iztapalapa",1,"Iztapalapa","Año de Juárez 157 casa 43","Col. Granjas San Antonio","09070","","","",-99.10763,19.36153,"http://sic.gob.mx/ficha.php?table=centro_cultural&table_id=1043","2020-04-20 09:56:09-05"
3637,"PILARES Plaza de los Jóvenes","1000-01-01","Gobierno de la Ciudad de México",9,"Ciudad de México",7,"Iztapalapa",1,"Iztapalapa","Av. de las Minas s/n","Col. Xalpa","09640","55 5134 0770 ext 1806","https://pilares.cdmx.gob.mx/","coord_comunicacion@pilares.cdmx.gob.mx",-99.01741,19.33163,"http://sic.gob.mx/ficha.php?table=centro_cultural&table_id=3637","2024-06-12 12:34:45-06"
3534,"PILARES Progreso Sur","2019-10-18","Secretaría de Cultura de la Ciudad de México",9,"Ciudad de México",7,"Iztapalapa",1,"Iztapalapa","Eje 3 Oriente ","Col. Progreso Sur ","09060","55 5134 0770 ext 1806","https://pilares.cdmx.gob.mx/","coord_comunicacion@pilares.cdmx.gob.mx",-99.1128,19.35664,"http://sic.gob.mx/ficha.php?table=centro_cultural&table_id=3534","2025-10-16 17:48:36-06"
3860,"Quiosco de Música Kithara","2022-01-01","Fundación Kithara",9,"Ciudad de México",7,"Iztapalapa",1,"Iztapalapa","Roque Dalton esq. Miguel Rodríguez","Predio Yuguelito","09790","","","",-99.04764,19.31567,"http://sic.gob.mx/ficha.php?table=centro_cultural&table_id=3860","2025-02-10 17:36:34-06"
3603,"PILARES Tierra y Libertad","2021-01-01","Gobierno de la Ciudad de México",9,"Ciudad de México",7,"Iztapalapa",1,"Iztapalapa","Enrique Rambal s/n","Amp. Emiliano Zapata","85880","55 5134 0770 ext 1806","https://pilares.cdmx.gob.mx/","coord_comunicacion@pilares.cdmx.gob.mx",-98.97882,19.33853,"http://sic.gob.mx/ficha.php?table=centro_cultural&table_id=3603","2025-06-13 18:07:03-06"
3728,"PILARES Ejército de Oriente","1000-01-01","Gobierno de la Ciudad de México",9,"Ciudad de México",7,"Iztapalapa",1,"Iztapalapa","Calz. General Ignacio Zaragoza 1 ","Ejército de Oriente Indeco II Issste","09230","55 5134 0770 ext 1806","https://pilares.cdmx.gob.mx/","coord_comunicacion@pilares.cdmx.gob.mx",-99.03641,19.37833,"http://sic.gob.mx/ficha.php?table=centro_cultural&table_id=3728","2025-03-11 13:38:02-06"
3528,"PILARES Villa Cid","2019-01-01","Gobierno de la Ciudad de México",9,"Ciudad de México",7,"Iztapalapa",1,"Iztapalapa","Villa Cid s/n","Desarrollo Urbano Quetzalcoatl","09700","55 5134 0770 ext 1806","https://pilares.cdmx.gob.mx/","coord_comunicacion@pilares.cdmx.gob.mx",-99.04249,19.32168,"http://sic.gob.mx/ficha.php?table=centro_cultural&table_id=3528","2025-08-27 18:46:17-06"
3855,"Utopía Ixtapalcalli Quetzalcoatl","2024-07-17","Alcaldía Iztapalapa",9,"Ciudad de México",7,"Iztapalapa",1,"Iztapalapa","Av. Ermita Iztapalapa 1385","Barrio San Pablo","09000","55 5445 1076  ","https://utopias.mx/utopia-ixtapalcalli-iztapalapa-cdmx-mexico.php","",-99.08974,19.36475,"http://sic.gob.mx/ficha.php?table=centro_cultural&table_id=3855","2025-04-03 14:18:16-06"
3562,"PILARES Constitución de 1917","2019-12-18","Gobierno de la Ciudad de México",9,"Ciudad de México",7,"Iztapalapa",1,"Iztapalapa","Ermita Iztapalapa esq. Periférico Ote.","Col. Los Ángeles Apanoaya","09720","55 5134 0770 ext 1806","https://pilares.cdmx.gob.mx/","coord_comunicacion@pilares.cdmx.gob.mx",-99.06116,19.34428,"http://sic.gob.mx/ficha.php?table=centro_cultural&table_id=3562","2025-10-21 17:11:16-06"
3602,"PILARES República Federal","1000-01-01","Gobierno de la Ciudad de México",9,"Ciudad de México",7,"Iztapalapa",1,"Iztapalapa","Luis García 151","Zona Urbana Ejidal Santa Martha Acatitla Sur","09530","55 5134 0770 ext 1806","https://pilares.cdmx.gob.mx/","coord_comunicacion@pilares.cdmx.gob.mx",-99.01638,19.37106,"http://sic.gob.mx/ficha.php?table=centro_cultural&table_id=3602","2024-06-24 14:15:20-06"
3683,"PILARES Parque Nacional","1000-01-01","Gobierno de la Ciudad de México",9,"Ciudad de México",7,"Iztapalapa",1,"Iztapalapa","Hermanos Lumiere y Av. Hidalgo","Zona Urbana Ejidal Santa María Tomatlá","09870","55 5134 0770 ext 1806","https://pilares.cdmx.gob.mx/","coord_comunicacion@pilares.cdmx.gob.mx",-99.09355,19.33005,"http://sic.gob.mx/ficha.php?table=centro_cultural&table_id=3683","2024-06-17 13:41:32-06"
3482,"PILARES Central de Abastos","2019-03-21","Gobierno de la Ciudad de México",9,"Ciudad de México",7,"Iztapalapa",1,"Iztapalapa","Canal Río Churubusco s/n","Área Federal Central de Abastos","09040","55 5134 0770 ext 1806","https://pilares.cdmx.gob.mx/","coord_comunicacion@pilares.cdmx.gob.mx",-99.09918,19.37372,"http://sic.gob.mx/ficha.php?table=centro_cultural&table_id=3482","2024-06-25 11:24:07-06"
3759,"PILARES Marcelino Buendía","2023-01-01","Secretaría de Cultura de la Ciudad de México",9,"Ciudad de México",7,"Iztapalapa",1,"Iztapalapa","Calle 17 mz 162 lt. 1844-B","Col.  Leyes de Reforma 3ra Secc","09310","55 5134 0770 ext 1806","https://pilares.cdmx.gob.mx/","coord_comunicacion@pilares.cdmx.gob.mx",-99.06941,19.38047,"http://sic.gob.mx/ficha.php?table=centro_cultural&table_id=3759","2025-11-26 17:48:09-06"
2761,"Casa de Cultura Paseos de Churubusco Ofelia Medina","2012-04-20","Alcaldía Iztapalapa",9,"Ciudad de México",7,"Iztapalapa",1,"Iztapalapa","Río Tuxpan s/n entre Río Mezcalapa y Río Soto la Marina ","Col. Paseos de Churubusco","09030","55 4134 5200","","cultura@iztapalapa.gob.mx",-99.08567,19.38581,"http://sic.gob.mx/ficha.php?table=centro_cultural&table_id=2761","2026-04-14 11:00:35-06"
3681,"PILARES Ejército de Oriente Zona Peñón","1000-01-01","Secretaría de Cultura de la Ciudad de México",9,"Ciudad de México",7,"Iztapalapa",1,"Iztapalapa","Lanceros de Oaxaca s/n eq. Calz. Ignacio Zaragoza","Col. Ejército de Oriente Indeco II ISSSTE","09230","55 5134 0770 ext 1806","https://pilares.cdmx.gob.mx/","coord_comunicacion@pilares.cdmx.gob.mx",-99.03255,19.38261,"http://sic.gob.mx/ficha.php?table=centro_cultural&table_id=3681","2024-06-12 13:37:06-06"
3678,"PILARES Santa María Aztahuacán II","1000-01-01","Gobierno de la Ciudad de México",9,"Ciudad de México",7,"Iztapalapa",1,"Iztapalapa","Aquiles Serdán s/n","Santa Maria Aztahuacan","09570","55 5134 0770 ext 1806","https://pilares.cdmx.gob.mx/","coord_comunicacion@pilares.cdmx.gob.mx",-99.0355,19.35385,"http://sic.gob.mx/ficha.php?table=centro_cultural&table_id=3678","2024-06-06 13:24:08-06"
3748,"PILARES Central de Abastos-Productores","1000-01-01","Gobierno de la Ciudad de México",9,"Ciudad de México",7,"Iztapalapa",1,"Iztapalapa","Subasta y Productores s/n","CEDA","09040","55 5134 0770 ext 1806","https://pilares.cdmx.gob.mx/","coord_comunicacion@pilares.cdmx.gob.mx",-99.0886,19.37016,"http://sic.gob.mx/ficha.php?table=centro_cultural&table_id=3748","2024-06-14 10:53:35-06"
1062,"Casa de la Cultura El Sifón","2012-03-21","Alcaldía Iztapalapa",9,"Ciudad de México",7,"Iztapalapa",1,"Iztapalapa","Calculista 65","Col. El Sifón","09400","55 9170 9306","https://www.facebook.com/pages/category/Interest/Casa-de-Cultura-El-Sif%C3%B3n-2062629530518478/","promocionculturaliztapalapa@gmail.com",-99.11968,19.37184,"http://sic.gob.mx/ficha.php?table=centro_cultural&table_id=1062","2026-04-14 10:28:02-06"
3730,"PILARES Ejército Constitucionalista","2021-12-01","Gobierno de la Ciudad de México",9,"Ciudad de México",7,"Iztapalapa",1,"Iztapalapa","Cda. de Narcisos","Col. Lomas de San Lorenzo","09220","55 5134 0770 ext 1806","https://pilares.cdmx.gob.mx/pilares/1768/ejercito-constitucionalista","coord_comunicacion@pilares.cdmx.gob.mx",-99.05729,19.38665,"http://sic.gob.mx/ficha.php?table=centro_cultural&table_id=3730","2025-11-25 16:54:56-06"
3363,"Casa de Cultura Chicomecóatl Cerro de la Estrella","2012-08-15","Alcaldía Iztapalapa y Comité Vecinal",9,"Ciudad de México",7,"Iztapalapa",1,"Iztapalapa","Moguer 63 entre España y Catarroja","Col. Cerro de la Estrella","09860","55 5445 1068, 55 5445 1114","","promocionculturaliztapalapa@gmail.com",-99.07836,19.32578,"http://sic.gob.mx/ficha.php?table=centro_cultural&table_id=3363","2026-04-14 10:57:36-06"
1042,"Casa de Cultura Guillermo Bonfil Batalla","1991-10-16","Alcaldía Iztapalapa",9,"Ciudad de México",7,"Iztapalapa",1,"Iztapalapa","Gral. Anaya 111","Barrio Santa Bárbara","09000","55 5685 3289","","promocionculturaliztapalapa@gmail.com",-99.10068,19.3594,"http://sic.gob.mx/ficha.php?table=centro_cultural&table_id=1042","2026-04-14 10:35:30-06"
3526,"PILARES Nogal","1000-01-01","Secretaría de Cultura de la Ciudad de México",9,"Ciudad de México",7,"Iztapalapa",1,"Iztapalapa","Nogal s/n esq. Fresno","Col. Citlalli","09660","55 5134 0770 ext 1806","https://pilares.cdmx.gob.mx/","coord_comunicacion@pilares.cdmx.gob.mx",-99.02295,19.34202,"http://sic.gob.mx/ficha.php?table=centro_cultural&table_id=3526","2024-06-13 07:57:13-06"
2763,"Casa de Cultura Tlapacaloyan","2010-08-10","Alcaldía Iztapalapa",9,"Ciudad de México",7,"Iztapalapa",1,"Iztapalapa","Cda. de Morelos s/n casi esq. Allende","Barrio San Pedro","09000","55 4801 9348","https://culturaiztapalapa.wordpress.com/2012/09/25/casa-de-cultura-y-lavaderos-comunitarios-san-pedro/","karenrayaz@gmail.com",-99.08569,19.36247,"http://sic.gob.mx/ficha.php?table=centro_cultural&table_id=2763","2026-04-14 11:31:26-06"
3679,"PILARES Leyes de Reforma III Sección 2","2023-01-01","Secretaría de Cultura de la Ciudad de México",9,"Ciudad de México",7,"Iztapalapa",1,"Iztapalapa","Av. Canal del Moral s/n","Col. Chinampac de Juarez","","55 5134 0770 ext 1806","https://pilares.cdmx.gob.mx/","coord_comunicacion@pilares.cdmx.gob.mx",-99.06294,19.37471,"http://sic.gob.mx/ficha.php?table=centro_cultural&table_id=3679","2025-10-20 16:52:07-06"
2756,"Centro Cultural Barrio Democrático","2012-06-09","Alcaldía Iztapalapa",9,"Ciudad de México",7,"Iztapalapa",1,"Iztapalapa","Veracruz 102","Col. San Miguel Teotongo Sección Guadalupe","09630","561387 0404","","ruizgerardo639@gmail.com",-98.98309,19.33972,"http://sic.gob.mx/ficha.php?table=centro_cultural&table_id=2756","2026-04-14 11:35:25-06"
1045,"Centro Cultural Iztapalapa","1999-09-01","Alcaldía Iztapalapa",9,"Ciudad de México",7,"Iztapalapa",1,"Iztapalapa","Combate de Celaya s/n entre Genaro Estrada y Campaña del Ébano","U.H. Vicente Guerrero","09200","55 5445 1191","","promocionculturaliztapalapa@gmail.com",-99.05158,19.35705,"http://sic.gob.mx/ficha.php?table=centro_cultural&table_id=1045","2026-04-15 09:29:54-06"
3600,"PILARES El Molino Tezonco","1000-01-01","Gobierno de la Ciudad de México",9,"Ciudad de México",7,"Iztapalapa",1,"Iztapalapa","Av. Cuauhtémoc esq. Cedro","Col. El molino Tezonco","09960","55 5134 0770 ext 1806","https://pilares.cdmx.gob.mx/pilares/1638/el-molino-tezonco","coord_comunicacion@pilares.cdmx.gob.mx",-99.07147,19.29476,"http://sic.gob.mx/ficha.php?table=centro_cultural&table_id=3600","2024-06-13 12:27:59-06"
3802,"Utopía Olini","2021-11-21","Alcaldía Iztapalapa",9,"Ciudad de México",7,"Iztapalapa",1,"Iztapalapa","Av. Telecomunicaciones s/n (Calz. Ignacio Zaragoza 1715)","Col. Chinampac de Juárez","09208"," 55 5445 1077","https://utopias.mx/utopia-olini-iztapalapa-cdmx-mexico.php","talleresculturaiztapalapa@gmail.com",-99.04695,19.38087,"http://sic.gob.mx/ficha.php?table=centro_cultural&table_id=3802","2025-01-17 10:40:21-06"
3732,"PILARES San Juan Joya","2021-01-01","Gobierno de la Ciudad de México",9,"Ciudad de México",7,"Iztapalapa",1,"Iztapalapa","Agustín de Iturbide esq. José J. Jurado","Col. San Juan Joya","09839","55 5134 0770 ext 1806","https://pilares.cdmx.gob.mx/","coord_comunicacion@pilares.cdmx.gob.mx",-99.06724,19.33586,"http://sic.gob.mx/ficha.php?table=centro_cultural&table_id=3732","2025-11-12 16:23:17-06"
3638,"PILARES Reforma Política","1000-01-01","Gobierno de la Ciudad de México",9,"Ciudad de México",7,"Iztapalapa",1,"Iztapalapa","Eje 8 Sur Calz. Ermita Iztapalapa s/n","Reforma Política","09730","55 5134 0770 ext 1806","https://pilares.cdmx.gob.mx/","coord_comunicacion@pilares.cdmx.gob.mx",-99.03173,19.34384,"http://sic.gob.mx/ficha.php?table=centro_cultural&table_id=3638","2024-06-19 13:53:03-06"
3536,"PILARES Escuadrón 201","1000-01-01","Secretaría de Cultura de la Ciudad de México",9,"Ciudad de México",7,"Iztapalapa",1,"Iztapalapa","Eje 3 Ote. s/n esq. Cto. Int. Río Churubusco","Col. Escuadrón 201","09410","55 5134 0770 ext 1806","https://pilares.cdmx.gob.mx/","coord_comunicacion@pilares.cdmx.gob.mx",-99.10804,19.36998,"http://sic.gob.mx/ficha.php?table=centro_cultural&table_id=3536","2024-06-13 08:12:40-06"
1017,"Fábrica de Artes y Oficios (FARO) de Oriente","2000-06-24","Secretaría de Cultura de la Ciudad de México/Dirección General de Vinculación Cultural Comunitaria/Red de Faros",9,"Ciudad de México",7,"Iztapalapa",1,"Iztapalapa","Calz. Ignacio Zaragoza s/n ","Col. Fuentes de Zaragoza","09150","55 5738 8209","https://www.cultura.cdmx.gob.mx/recintos/faro-oriente","cdifusion.farodeoriente@gmail.com; culturacomunitariaweb@gmail.com",-99.01009,19.36994,"http://sic.gob.mx/ficha.php?table=centro_cultural&table_id=1017","2026-08-03 12:39:25-06"
3586,"PILARES Carlota Botey","2021-09-10","Secretaría de Cultura de la Ciudad de México",9,"Ciudad de México",7,"Iztapalapa",1,"Iztapalapa","Verbena s/n","Col. Los Ángeles","09830","55 5134 0770 ext 1806","https://pilares.cdmx.gob.mx/","pilarescarlotabotey@gmail.com",-99.06631,19.34103,"http://sic.gob.mx/ficha.php?table=centro_cultural&table_id=3586","2025-11-25 16:44:46-06"
3550,"PILARES Emilio Rosas","1000-01-01","Gobierno de la Ciudad de México",9,"Ciudad de México",7,"Iztapalapa",1,"Iztapalapa","Segunda Cerrada de Emilio Rosas 38","Unidad Habitacional Vicente Guerrero","09200","55 5134 0770 ext 1806","https://pilares.cdmx.gob.mx/","coord_comunicacion@pilares.cdmx.gob.mx",-99.05634,19.35275,"http://sic.gob.mx/ficha.php?table=centro_cultural&table_id=3550","2024-06-20 14:46:03-06"
3806,"Barco Utopía","2023-04-13","Alcaldía Iztapalapa ",9,"Ciudad de México",7,"Iztapalapa",1,"Iztapalapa","Anillo Periférico Oriente esq. Eje 6 Sur","Unidad Habitacional Vicente Guerrero","09200","55 5445 1076","https://utopias.mx/utopia-barco-iztapalapa-cdmx-mexico.php","infobarcoutopia@gmail.com;  Hola@UtopiasIztapalapa.com",-99.05717,19.36254,"http://sic.gob.mx/ficha.php?table=centro_cultural&table_id=3806","2025-08-14 11:55:34-06"
3808,"Utopía Estrella Huizachtépetl","2024-09-30","Alcaldía Iztapalapa",9,"Ciudad de México",7,"Iztapalapa",1,"Iztapalapa","Av. San Lorenzo 312","Col. San Juan Xalpa","09850","55 5443 9349, 55 5445 1077 ","https://www.utopiasiztapalapa.com/","talleresculturaiztapalapa@gmail.com",-99.07649,19.33923,"http://sic.gob.mx/ficha.php?table=centro_cultural&table_id=3808","2025-01-17 12:39:58-06"
3801,"Utopía Cuauhtlicalli Aculco","2021-03-30","Alcaldía Iztapalapa",9,"Ciudad de México",7,"Iztapalapa",1,"Iztapalapa","Alfonso del Toro esq. Fausto Vega","Col. Escuadrón 201, Territorial Aculco","09060","55 5445 1076  ","https://utopias.mx/utopia-cuauhtlicalli-aculco-iztapalapa-cdmx-mexico.php","talleresculturaiztapalapa@gmail.com",-99.11063,19.36694,"http://sic.gob.mx/ficha.php?table=centro_cultural&table_id=3801","2025-02-26 15:12:24-06"
3750,"PILARES Los Ángeles","1000-01-01","Gobierno de la Ciudad de México",9,"Ciudad de México",7,"Iztapalapa",1,"Iztapalapa","Calz. Ermita Iztapalapa 2325","Col. Los Ángeles","09830","55 5134 0770 ext 1806","https://pilares.cdmx.gob.mx/","coord_comunicacion@pilares.cdmx.gob.mx",-99.06605,19.34663,"http://sic.gob.mx/ficha.php?table=centro_cultural&table_id=3750","2024-06-13 13:52:21-06"
3807,"Utopía Meyehualco","2021-12-04","Alcaldía Iztapalapa",9,"Ciudad de México",7,"Iztapalapa",1,"Iztapalapa","Calle 71 y Calz. Ermita Iztapalapa","Santa Cruz Meyehualco, Iztapalapa","09060","55 5445 1076  ","https://utopias.mx/utopia-meyehualco-iztapalapa-cdmx-mexico.php","talleresculturaiztapalapa@gmail.com; Hola@UtopiasIztapalapa.com",-99.04932,19.34613,"http://sic.gob.mx/ficha.php?table=centro_cultural&table_id=3807","2025-01-20 11:27:51-06"
3999,"Utopía Acatitla Ciudad de México","2026-07-12","Gobierno de la Ciudad de México/Secretaría de Obras y Servicios de la Ciudad de México/SEBIEN",9,"Ciudad de México",7,"Iztapalapa",1,"Iztapalapa","Av. Sentimientos de la Nación esq. Generalísimo Morelos (salida del Metro Acatitla, dirección Pantitlán).","La Colmena","09170 ","","","",-99.00455,19.36707,"http://sic.gob.mx/ficha.php?table=centro_cultural&table_id=3999","2026-07-15 14:31:51-06"
3804,"Utopía Tecoloxtitlan","2021-03-21","Alcaldía Iztapalapa",9,"Ciudad de México",7,"Iztapalapa",1,"Iztapalapa","Colima esq. Av. Yucatán","Pueblo San Sebastián Tecoloxtitlán","09520","55 5445 1076  ","https://utopias.mx/utopia-tecoloxtitlan-iztapalapa-cdmx-mexico.php","talleresculturaiztapalapa@gmail.com",-99.02043,19.36202,"http://sic.gob.mx/ficha.php?table=centro_cultural&table_id=3804","2025-01-17 15:36:13-06"
3294,"Raíces Centro Cultural","2017-07-22","",9,"Ciudad de México",7,"Iztapalapa",1,"Iztapalapa","Av. Presidente Plutarco Elias Calles 1810, esq Eje 7","Col. Banjidal","09450","55 1106 6915","http://www.raicescentrocultural.com/","somos@raicescentrocultural.com",-99.13809,19.36384,"http://sic.gob.mx/ficha.php?table=centro_cultural&table_id=3294","2020-02-11 07:18:33-06"
3803,"Utopía Atzintli","2021-10-24","Alcaldía Iztapalapa",9,"Ciudad de México",7,"Iztapalapa",1,"Iztapalapa","Av. Paraíso s/n esq. Av. Ermita Iztapalapa","Col. Xalpa La Quebradora","09640","55 5445 1076","https://utopias.mx/utopia-atzintli-iztapalapa-cdmx-mexico.php","talleresculturaiztapalapa@gmail.com",-99.01945,19.34488,"http://sic.gob.mx/ficha.php?table=centro_cultural&table_id=3803","2025-04-16 12:34:33-06"
989,"Casa de la Cultura Víctor Manuel Mendoza","1940-01-01","Alcaldía La Magdalena Contreras/JUD Recintos Culturales",9,"Ciudad de México",8,"La Magdalena Contreras",1,"La Magdalena Contreras","Priv. Fortín s/n","Col. Barranca Seca","10580","55 5645 6344","","homero.gayosso.47@gmail.com; homero_gayosso@hotmail.com",-99.24028,19.30559,"http://sic.gob.mx/ficha.php?table=centro_cultural&table_id=989","2026-04-28 19:34:45-06"
3695,"PILARES Tierra unida","1000-01-01","Gobierno de la Ciudad de México",9,"Ciudad de México",8,"La Magdalena Contreras",1,"La Magdalena Contreras","Andador Principal 52","Col. Tierra unida","10350","55 5134 0770 ext 1806","https://pilares.cdmx.gob.mx/pilares/1733/tierra-unida","coord_comunicacion@pilares.cdmx.gob.mx",-99.24139,19.3049,"http://sic.gob.mx/ficha.php?table=centro_cultural&table_id=3695","2024-06-13 12:15:09-06"
3019,"Foro Cultural Magdalena","1979-01-01","Alcaldía La Magdalena Contreras/JUD Patrimonio y Recintos Culturales",9,"Ciudad de México",8,"La Magdalena Contreras",1,"La Magdalena Contreras","Camino Real de Contreras 27","Col. La Concepción","10630","55 6813 3602","","p.gonzalez@mcontreras.gob.mx",-99.23407,19.30471,"http://sic.gob.mx/ficha.php?table=centro_cultural&table_id=3019","2022-08-25 02:48:12-05"
3543,"PILARES La Malinche","2019-11-09","Gobierno de la Ciudad de México",9,"Ciudad de México",8,"La Magdalena Contreras",1,"La Magdalena Contreras","Rosa China 11","La Malinche","10010","55 5134 0770 ext 1806","https://pilares.cdmx.gob.mx/","coord_comunicacion@pilares.cdmx.gob.mx",-99.23949,19.32374,"http://sic.gob.mx/ficha.php?table=centro_cultural&table_id=3543","2025-07-11 16:28:18-06"
3692,"PILARES Ferrocarril (San Francisco)","1000-01-01","Gobierno de la Ciudad de México",9,"Ciudad de México",8,"La Magdalena Contreras",1,"La Magdalena Contreras","Ferrocarril de Cuernavaca 80","Col. San Francisco","10500","55 5134 0770 ext 1806","https://pilares.cdmx.gob.mx/","coord_comunicacion@pilares.cdmx.gob.mx",-99.23338,19.31226,"http://sic.gob.mx/ficha.php?table=centro_cultural&table_id=3692","2024-07-05 13:15:59-06"
3694,"PILARES Priani","2022-01-04","Secretaría de Cultura de la Ciudad de México",9,"Ciudad de México",8,"La Magdalena Contreras",1,"La Magdalena Contreras","Alfonso Priani","Col. La Guadalupe ","10820","55 5134 0770 ext 1806","https://pilares.cdmx.gob.mx/","coord_comunicacion@pilares.cdmx.gob.mx",-99.23301,19.30641,"http://sic.gob.mx/ficha.php?table=centro_cultural&table_id=3694","2025-11-20 16:45:25-06"
990,"Casa de Bellas Artes Juventino Rosas","1979-05-03","Alcaldía La Magdalena Contreras",9,"Ciudad de México",8,"La Magdalena Contreras",1,"La Magdalena Contreras","Camino Real de Contreras  32","Col. La Concepción","10830","55 5645 2963","http://www.mcontreras.df.gob.mx/","antonieta.rascon@gmail.com",-99.23502,19.3037,"http://sic.gob.mx/ficha.php?table=centro_cultural&table_id=990","2021-09-01 06:52:29-05"
3479,"PILARES Huayatla","2019-03-16","Secretaría de Cultura de la Ciudad de México",9,"Ciudad de México",8,"La Magdalena Contreras",1,"La Magdalena Contreras","Huayatla 13","Col. Pueblo Nuevo Alto","10640","55 5134 0770 ext 1806","https://pilares.cdmx.gob.mx/","coord_comunicacion@pilares.cdmx.gob.mx",-99.24849,19.30545,"http://sic.gob.mx/ficha.php?table=centro_cultural&table_id=3479","2025-11-07 17:08:18-06"
3693,"PILARES San Bernabé Ocotepec","1000-01-01","Gobierno de la Ciudad de México",9,"Ciudad de México",8,"La Magdalena Contreras",106,"Prolongación Ermitaño","Higueras s/n","San Bernabé Ocotepec","10300","55 5134 0770 ext 1806","https://pilares.cdmx.gob.mx/","coord_comunicacion@pilares.cdmx.gob.mx",-99.25824,19.32071,"http://sic.gob.mx/ficha.php?table=centro_cultural&table_id=3693","2024-06-12 13:24:30-06"
3544,"PILARES Parcela","2019-01-01","Secretaría de Cultura de la Ciudad de México",9,"Ciudad de México",8,"La Magdalena Contreras",106,"Prolongación Ermitaño","Parcela ","Col. Lomas de San Bernabé","10350","55 5134 0770 ext 1806","https://pilares.cdmx.gob.mx/","coord_comunicacion@pilares.cdmx.gob.mx",-99.26486,19.31058,"http://sic.gob.mx/ficha.php?table=centro_cultural&table_id=3544","2025-12-15 19:40:05-06"
3691,"PILARES La Cañada","1000-01-01","Secretaría de Cultura de la Ciudad de México",9,"Ciudad de México",8,"La Magdalena Contreras",109,"La Cañada [Parque]","Emilio Carranza s/n","Col. Pueblo la Magdalena Contreras","10920","55 5134 0770 ext 1806","https://pilares.cdmx.gob.mx/","coord_comunicacion@pilares.cdmx.gob.mx",-99.24974,19.30072,"http://sic.gob.mx/ficha.php?table=centro_cultural&table_id=3691","2024-06-11 13:05:55-06"
1514,"Casa de Cultura Calmecac","1988-11-13","Alcaldía Milpa Alta",9,"Ciudad de México",9,"Milpa Alta",1,"Villa Milpa Alta","Blvd. Nuevo León esq. Av. Puebla 250","Barrio Santa Martha","12000","55  5844 1921","","fvelardepaz@gmail.com",-99.0312,19.19825,"http://sic.gob.mx/ficha.php?table=centro_cultural&table_id=1514","2025-02-05 13:40:26-06"
3644,"PILARES Milpa Alta ","1000-01-01","Secretaría de Cultura de la Ciudad de México",9,"Ciudad de México",9,"Milpa Alta",1,"Villa Milpa Alta","Tabasco Pte","Col. Santa Cruz","12000","55 5134 0770 ext 1806","https://pilares.cdmx.gob.mx/","coord_comunicacion@pilares.cdmx.gob.mx",-99.01897,19.19367,"http://sic.gob.mx/ficha.php?table=centro_cultural&table_id=3644","2024-06-11 10:46:22-06"
3062,"Fábrica de Artes y Oficios (FARO) Tecómitl","2006-09-22","Secretaría de Cultura de la Ciudad de México/Dirección General de Vinculación Cultural Comunitaria/Red de Faros",9,"Ciudad de México",9,"Milpa Alta",11,"San Antonio Tecómitl","Av. Doctor Gastón Melo 40, primer piso","Col. Tenantitla","12100","55 5847 7590","https://culturacomunitaria.cdmx.gob.mx/red-de-faros/tecomitl","farotecomitl.contacto@gmail.com",-98.99524,19.22164,"http://sic.gob.mx/ficha.php?table=centro_cultural&table_id=3062","2026-08-07 08:41:56-06"
3520,"PILARES San Bartolomé Xicomulco","2019-09-07","Gobierno de la Ciudad de México",9,"Ciudad de México",9,"Milpa Alta",15,"San Bartolomé Xicomulco","Av. 5 de Mayo Oriente 36-58","Col.  San Bartolomé Xicomulco","12250","55 5134 0770 ext 1806","https://pilares.cdmx.gob.mx/","coord_comunicacion@pilares.cdmx.gob.mx",-99.07114,19.20687,"http://sic.gob.mx/ficha.php?table=centro_cultural&table_id=3520","2024-06-12 13:45:15-06"
3642,"PILARES San Jerónimo Miacatlán","2021-01-01","Gobierno de la Ciudad de México",9,"Ciudad de México",9,"Milpa Alta",17,"San Francisco Tecoxpa","Av. Simón Bolivar s/n, planta alta de Faro","Col. San Jerónimo Miacatlán","12600","55 5134 0770 ext 1806","https://pilares.cdmx.gob.mx/","coord_comunicacion@pilares.cdmx.gob.mx",-99.00977,19.19322,"http://sic.gob.mx/ficha.php?table=centro_cultural&table_id=3642","2025-07-04 17:01:53-06"
2185,"Fábrica de Artes y Oficios (FARO) Milpa Alta-Miacatlán","2017-02-14","Secretaría de Cultura de la Ciudad de México/Subdirección de Red de Faros/Coordinación de Cultura Comunitaria",9,"Ciudad de México",9,"Milpa Alta",17,"San Francisco Tecoxpa","Simón Bolívar Pte. s/n","Poblado de San Jerónimo Miacatlán","12600","55 5844 6344","https://www.cultura.cdmx.gob.mx/faro-miacatlan","fmaenlacepedagogico@gmail.com; culturacomunitariaweb@gmail.com",-99.00976,19.1932,"http://sic.gob.mx/ficha.php?table=centro_cultural&table_id=2185","2026-08-03 13:36:32-06"
1537,"Casa de Cultura Quinta Axayopa","1987-01-01","Comuneros de Milta Alta",9,"Ciudad de México",9,"Milpa Alta",24,"San Pablo Oztotepec","Fabián Flores 47","Pueblo de San Pablo Oztotepec","12400","","","",-99.07109,19.18547,"http://sic.gob.mx/ficha.php?table=centro_cultural&table_id=1537","2025-02-06 18:01:09-06"
3641,"PILARES San Pablo Oztotepec","1000-01-01","Secretaría de Cultura de la Ciudad de México",9,"Ciudad de México",9,"Milpa Alta",24,"San Pablo Oztotepec","Emiliano Zapata s/n","Col. San Miguel","12400","55 5134 0770 ext 1806","https://pilares.cdmx.gob.mx/","coord_comunicacion@pilares.cdmx.gob.mx",-99.07522,19.18332,"http://sic.gob.mx/ficha.php?table=centro_cultural&table_id=3641","2024-06-12 09:10:23-06"
1540,"Casa de Cultura Atocpan","1999-04-30","Alcaldía Milpa Alta",9,"Ciudad de México",9,"Milpa Alta",29,"San Pedro Atocpan","Nezahualcóyotl  esq. Temoaya s/n, Barrio de Ocotitla","Pueblo San Pedro Atocpan","12200","55 9489 7604","","casasanpedro1@hotmail",-99.05547,19.19895,"http://sic.gob.mx/ficha.php?table=centro_cultural&table_id=1540","2025-04-04 12:07:59-06"
3485,"PILARES San Salvador Cuauhtenco","1000-01-01","Gobierno de la Ciudad de México",9,"Ciudad de México",9,"Milpa Alta",33,"San Salvador Cuauhtenco","Prol. Emiliano Zapata 4","Col. San Salvador Cuauhtenco  Secc. IV","12300","55 5134 0770 ext 1806","https://pilares.cdmx.gob.mx/pilares/1523/san-salvador-cuauhtenco","coord_comunicacion@pilares.cdmx.gob.mx",-99.09152,19.19388,"http://sic.gob.mx/ficha.php?table=centro_cultural&table_id=3485","2024-06-21 14:59:04-06"
3643,"PILARES San Juan Tepenahuac","1000-01-01","Gobierno de la Ciudad de México",9,"Ciudad de México",9,"Milpa Alta",139,"Teatlaco","Guadalupe y Av. España","San Juan Tepenahuac","12800","55 5134 0770 ext 1806","https://pilares.cdmx.gob.mx/","coord_comunicacion@pilares.cdmx.gob.mx",-98.99413,19.18721,"http://sic.gob.mx/ficha.php?table=centro_cultural&table_id=3643","2024-06-17 12:47:44-06"
3696,"PILARES San Lorenzo Tlacoyucan","2021-01-01","Secretaría de Cultura de la Ciudad de México",9,"Ciudad de México",9,"Milpa Alta",152,"San Lorenzo Tlacoyucan","Constitución s/n","Col. San Lorenzo Tlacoyucan","12500","55 5134 0770 ext 1806","https://pilares.cdmx.gob.mx/","coord_comunicacion@pilares.cdmx.gob.mx",-99.03023,19.17707,"http://sic.gob.mx/ficha.php?table=centro_cultural&table_id=3696","2025-07-18 18:05:18-06"
1538,"Casa de Cultura Tlacoyucan","1999-10-26","Alcaldía Milpa Alta",9,"Ciudad de México",9,"Milpa Alta",152,"San Lorenzo Tlacoyucan","Prol. Insurgentes 10","Col. San Lorenzo Tlacoyucan","12500","55 5862 3150","https://www.milpa-alta.cdmx.gob.mx/cultura_casas.html","casadeculturatlacoyucan@hotmail.com; contacto@milpa-alta.cdmx.gob.mx",-99.03175,19.17312,"http://sic.gob.mx/ficha.php?table=centro_cultural&table_id=1538","2026-04-28 19:43:08-06"
3519,"PILARES San Pedro Atocpan","1000-01-01","Secretaría de Cultura de la Ciudad de México",9,"Ciudad de México",9,"Milpa Alta",323,"Tula (Huixtotlazintla)","Atzayácatl Prol. Guadalupe Victoria","Col. San Pedro Atocpan","12200","55 5134 0770 ext 1806","https://pilares.cdmx.gob.mx/","coord_comunicacion@pilares.cdmx.gob.mx",-99.05215,19.20264,"http://sic.gob.mx/ficha.php?table=centro_cultural&table_id=3519","2024-06-11 10:47:29-06"
3736,"PILARES Santa Ana Tlacotenco","2019-01-01","Secretaría de Cultura de la Ciudad de México",9,"Ciudad de México",9,"Milpa Alta",348,"Huacaltunco","Priv. Olímpica s/n","Col. Santa Ana Tlacotenco","12000","55 5134 0770 ext 1806","https://pilares.cdmx.gob.mx/","coord_comunicacion@pilares.cdmx.gob.mx",-99.00312,19.17737,"http://sic.gob.mx/ficha.php?table=centro_cultural&table_id=3736","2025-08-29 17:57:14-06"
3511,"PILARES Xaltipac","2019-01-01","Secretaría de Cultura de la Ciudad de México",9,"Ciudad de México",9,"Milpa Alta",358,"Don Diegoco","Calle 5 de Mayo s/n","Col. Xaltipac","12100","55 5134 0770 ext 1806","https://pilares.cdmx.gob.mx/","coord_comunicacion@pilares.cdmx.gob.mx",-98.98885,19.21709,"http://sic.gob.mx/ficha.php?table=centro_cultural&table_id=3511","2025-06-19 17:00:31-06"
3581,"PILARES Las Águilas","1000-01-01","Secretaría de Cultura de la Ciudad de México",9,"Ciudad de México",10,"Álvaro Obregón",1,"Álvaro Obregón","Prol. Barranca del Muerto s/n","Col. Las Águilas, Sección Hornos","01710","55 5134 0770 ext 1806","https://pilares.cdmx.gob.mx/","coord_comunicacion@pilares.cdmx.gob.mx",-99.20562,19.36203,"http://sic.gob.mx/ficha.php?table=centro_cultural&table_id=3581","2024-06-07 12:04:07-06"
3652,"PILARES Lomas de Becerra","2022-01-01","Gobierno de la Ciudad de México",9,"Ciudad de México",10,"Álvaro Obregón",1,"Álvaro Obregón","Antigua Vía la Venta esq. Guerrerenses","Col. Atturo Martínez","01200","55 5134 0770 ext 1806","https://pilares.cdmx.gob.mx/","coord_comunicacion@pilares.cdmx.gob.mx",-99.21825,19.38602,"http://sic.gob.mx/ficha.php?table=centro_cultural&table_id=3652","2025-09-19 18:13:37-06"
3755,"PILARES Toltecas","1000-01-01","Gobierno de la Ciudad de México",9,"Ciudad de México",10,"Álvaro Obregón",1,"Álvaro Obregón","Eje 5 poniente","Col. Escuadrón 201","01150","55 5134 0770 ext 1806","https://pilares.cdmx.gob.mx/pilares/1793/tolteca","coord_comunicacion@pilares.cdmx.gob.mx",-99.19983,19.38798,"http://sic.gob.mx/ficha.php?table=centro_cultural&table_id=3755","2024-06-17 14:28:41-06"
3525,"PILARES Presidentes","2019-01-01","Gobierno de la Ciudad de México",9,"Ciudad de México",10,"Álvaro Obregón",1,"Álvaro Obregón","Adolfo de La Huerta","Col. Presidentes","01299","55 5134 0770 ext 1806","https://pilares.cdmx.gob.mx/pilares/1563/presidentes","coord_comunicacion@pilares.cdmx.gob.mx",-99.22133,19.37724,"http://sic.gob.mx/ficha.php?table=centro_cultural&table_id=3525","2025-08-26 16:51:10-06"
2877,"Centro Cultural Tenanitla","1980-08-04","Librería Miguel Ángel Porrúa, S.A. de C.V.",9,"Ciudad de México",10,"Álvaro Obregón",1,"Álvaro Obregón","Amargura 4","Col. San Ángel","01000","55 5616 0071","http://www.maporrua.com.mx","maporrua@maporrua.com.mx",-99.19134,19.34564,"http://sic.gob.mx/ficha.php?table=centro_cultural&table_id=2877","2025-08-29 11:49:30-06"
2805,"Centro Comercial y Cultural Plaza Loreto","1993-12-01","Grupo Sanborns, S.A. de C.V.",9,"Ciudad de México",10,"Álvaro Obregón",1,"Álvaro Obregón","Altamirano 46","Col. Tizapán San Ángel","01090","55 5550 6292    ","http://centroscomercialehttp://www.centrocomercialloreto.com.mx","loretocultural@hotmail.com",-99.19314,19.33927,"http://sic.gob.mx/ficha.php?table=centro_cultural&table_id=2805","2022-09-26 09:44:17-05"
3650,"PILARES Merced Gómez/Rius","2022-08-11","Gobierno de la Ciudad de México",9,"Ciudad de México",10,"Álvaro Obregón",1,"Álvaro Obregón","Francisco de P.Miranda","Col. Merced Gómez","01600","55 5134 0770 ext 1806","https://pilares.cdmx.gob.mx/","coord_comunicacion@pilares.cdmx.gob.mx",-99.19615,19.36642,"http://sic.gob.mx/ficha.php?table=centro_cultural&table_id=3650","2024-06-19 13:31:55-06"
3583,"PILARES Gomez Farías, Santa Fe","2022-06-11","Gobierno de la Ciudad de México",9,"Ciudad de México",10,"Álvaro Obregón",1,"Álvaro Obregón","Prol. Gómez Farias y Prol. Reforma Puerta Santa Fe s/n ","Santa Fe, Bejero","01310","55 5134 0770 ext 1806","https://pilares.cdmx.gob.mx/","coord_comunicacion@pilares.cdmx.gob.mx",-99.24965,19.38031,"http://sic.gob.mx/ficha.php?table=centro_cultural&table_id=3583","2025-10-27 17:00:41-06"
1430,"Centro Cultural El Juglar","1975-01-01","Centro Cultural El Juglar, A.C.",9,"Ciudad de México",10,"Álvaro Obregón",1,"Álvaro Obregón","Manuel M. Ponce 233","Col. Guadalupe Inn","01020","55 5660 3549,  55 5680 4109","http://www.eljuglar.org/","eljuglar@prodigy.net.mx",-99.18763,19.35705,"http://sic.gob.mx/ficha.php?table=centro_cultural&table_id=1430","2021-09-07 11:43:57-05"
3981,"Casa de Cultura EyB","2013-06-01","Casa de Cultura EyB",9,"Ciudad de México",10,"Álvaro Obregón",1,"Álvaro Obregón","Quetzalcoatl 25","Balcones de Cehuayo","01509","","","",-99.24023,19.35821,"http://sic.gob.mx/ficha.php?table=centro_cultural&table_id=3981","2026-03-09 12:45:29-06"
3325,"Centro Cultural El Semillero","1000-01-01","",9,"Ciudad de México",10,"Álvaro Obregón",1,"Álvaro Obregón","Veracruz 142","Col. Lomas de San Agustín","01790","55 2525 2775","","arturomarquez.work@outlook.com",-99.19528,19.39081,"http://sic.gob.mx/ficha.php?table=centro_cultural&table_id=3325","2021-05-21 07:23:53-05"
3467,"PILARES Jalalpa Tepito","2019-02-15","Gobierno de la Ciudad de México",9,"Ciudad de México",10,"Álvaro Obregón",1,"Álvaro Obregón","Encinal","Col. Jalalpa Tepito 2da Amp.","01296","55 5134 0770 ext 1806","https://pilares.cdmx.gob.mx/","pilaresjalalpatepito@cdmx.gob.mx",-99.23701,19.37423,"http://sic.gob.mx/ficha.php?table=centro_cultural&table_id=3467","2025-08-07 11:01:53-06"
3502,"PILARES Santa Fe","2019-08-03","Gobierno de la Ciudad de México",9,"Ciudad de México",10,"Álvaro Obregón",1,"Álvaro Obregón","Corregidora s/n","Col. Santa Fé","01210","55 5134 0770 ext 1806","https://pilares.cdmx.gob.mx/","coord_comunicacion@pilares.cdmx.gob.mx",-99.24034,19.38269,"http://sic.gob.mx/ficha.php?table=centro_cultural&table_id=3502","2024-06-20 14:35:22-06"
3871,"Foro La Paz","2021-12-03","Privado",9,"Ciudad de México",10,"Álvaro Obregón",1,"Álvaro Obregón","Av. de la Paz 57, 1er piso","Col. San Ángel ","01000","55 9056 9896                 ","https://www.forolapaz.live/","booking@forolapaz.live",-99.18945,19.3463,"http://sic.gob.mx/ficha.php?table=centro_cultural&table_id=3871","2026-02-23 14:11:02-06"
3529,"PILARES Santa Lucia ","2019-11-01","Secretaría de Cultura de la Ciudad de México",9,"Ciudad de México",10,"Álvaro Obregón",1,"Álvaro Obregón","Av Santa Lucia 36","Col. Colina del Sur","01430","55 5134 0770 ext 1806","https://pilares.cdmx.gob.mx/","coord_comunicacion@pilares.cdmx.gob.mx",-99.22284,19.36873,"http://sic.gob.mx/ficha.php?table=centro_cultural&table_id=3529","2025-06-03 16:47:04-06"
3505,"PILARES Árbol del Conocimiento","2019-01-01","Gobierno de la Ciudad de México",9,"Ciudad de México",10,"Álvaro Obregón",1,"Álvaro Obregón","Luis G. Urbina s/n","Col. Lomas de Becerra","01279","55 5134 0770 ext 1806","https://pilares.cdmx.gob.mx/pilares/1543/arbol-del-conocimiento","coord_comunicacion@pilares.cdmx.gob.mx",-99.22207,19.38428,"http://sic.gob.mx/ficha.php?table=centro_cultural&table_id=3505","2025-10-08 17:12:18-06"
1014,"Casa de la Cultura México-Japonesa","1999-10-07","Asociación Mexico Japonesa, A.C.",9,"Ciudad de México",10,"Álvaro Obregón",1,"Álvaro Obregón","Fujiyama 144","Col. Las Águilas","01710","55 5593 1444, ext. 101 y 121 ","https://www.amj.mx/","recepcion@amj.mx",-99.2019,19.36266,"http://sic.gob.mx/ficha.php?table=centro_cultural&table_id=1014","2025-08-28 18:56:06-06"
3720,"PILRES Piloto","1000-01-01","Gobierno de la Ciudad de México",9,"Ciudad de México",10,"Álvaro Obregón",1,"Álvaro Obregón","Av. Puerto Mazatlán","Col. Piloto Adolfo López Mateos","01298","55 5134 0770 ext 1806","https://pilares.cdmx.gob.mx/","coord_comunicacion@pilares.cdmx.gob.mx",-99.23236,19.37152,"http://sic.gob.mx/ficha.php?table=centro_cultural&table_id=3720","2024-06-24 12:57:37-06"
1431,"Centro Cultural San Ángel","1988-01-29","Delegación Álvaro Obregón",9,"Ciudad de México",10,"Álvaro Obregón",1,"Álvaro Obregón","Av. Revolución s/n","Col. San Ángel","01000","55 5616 1254","","centroculturalsanangel@hotmail.com",-99.19019,19.34571,"http://sic.gob.mx/ficha.php?table=centro_cultural&table_id=1431","2024-11-20 11:44:48-06"
3877,"Ludoteca Chacuacos, Fumarolas de Agua","2025-06-21","Secretaría de Cultura, Dirección General de Vinculación Cultural",9,"Ciudad de México",10,"Álvaro Obregón",1,"Álvaro Obregón","Ex Fábrica de Pólvora. Av. Vasco de Quiroga esq. Bandera Nacional","Bosque de Chapultepec 4a. sección","","","https://www.sedema.cdmx.gob.mx/comunicacion/nota/arrancan-actividades-en-la-ludoteca-chacuacos-fumarolas-de-agua-en-la-ex-fabrica-de-polvora","",-99.19528,19.39081,"http://sic.gob.mx/ficha.php?table=centro_cultural&table_id=3877","2025-06-25 14:52:08-06"
3651,"PILARES La Comuna Álvaro Obregón","2023-04-01","Secretaría de Cultura de la Ciudad de México",9,"Ciudad de México",10,"Álvaro Obregón",1,"Álvaro Obregón","Ricardo Flores Magón s/n","Col. Olivar del Conde 2da. Sección","01408","55 5134 0770 ext 1806","https://pilares.cdmx.gob.mx/","coord_comunicacion@pilares.cdmx.gob.mx",-99.21319,19.37444,"http://sic.gob.mx/ficha.php?table=centro_cultural&table_id=3651","2025-06-11 17:44:00-06"
3592,"PILARES La Conchita","2021-06-20","Gobierno de la Ciudad de México",9,"Ciudad de México",10,"Álvaro Obregón",1,"Álvaro Obregón","1 de Noviembre s/n, Deportivo la Conchita","","01130","55 5134 0770 ext 1806","https://gobierno.cdmx.gob.mx/noticias/inicia-actividades-pilares-la-conchita/","coord_comunicacion@pilares.cdmx.gob.mx",-99.20734,19.39243,"http://sic.gob.mx/ficha.php?table=centro_cultural&table_id=3592","2024-06-12 13:53:42-06"
3320,"Casa-Estudio Cien Años de Soledad","2020-03-14","Fundación para las Letras Mexicanas ",9,"Ciudad de México",10,"Álvaro Obregón",1,"Álvaro Obregón","Cerrada de la Loma 19","Lomas de San Ángel Inn","01790","","","casaestudiocien@gmail.com",-99.2062,19.34298,"http://sic.gob.mx/ficha.php?table=centro_cultural&table_id=3320","2021-01-18 03:57:23-06"
3566,"PILARES Barrio Norte","1000-01-01","Secretaría de Cultura de la Ciudad de México",9,"Ciudad de México",10,"Álvaro Obregón",1,"Álvaro Obregón","Cda. Allende s/n","Col. Barrio Norte","01410","55 5134 0770 ext 1806","https://pilares.cdmx.gob.mx/","coord_comunicacion@pilares.cdmx.gob.mx",-99.20621,19.37829,"http://sic.gob.mx/ficha.php?table=centro_cultural&table_id=3566","2024-06-13 07:39:10-06"
2966,"Centro Cultural Pedregal","2012-08-26","Ágora Cultural Pedregal, S.C.",9,"Ciudad de México",10,"Álvaro Obregón",1,"Álvaro Obregón","Av. de las Fuentes 557","Col. Jardines del Pedregal","01900","55 5568 2043 ","http://www.centroculturalpedregal.mx; https://www.facebook.com/CentroCulturalPedregalMx/?fref=ts; https://twitter.com/centropedregal","info@centroculturalpedregal.com",-99.21243,19.31698,"http://sic.gob.mx/ficha.php?table=centro_cultural&table_id=2966","2025-04-09 11:52:57-06"
3466,"PILARES El Capulín","2019-02-08","Secretaría de Cultura de la Ciudad de México",9,"Ciudad de México",10,"Álvaro Obregón",1,"Álvaro Obregón","Prol. Artificios s/n","Col. El Capulín","01110","55 5134 0770 ext 1806","https://pilares.cdmx.gob.mx/","coord_comunicacion@pilares.cdmx.gob.mx",-99.2122,19.39559,"http://sic.gob.mx/ficha.php?table=centro_cultural&table_id=3466","2025-11-19 17:36:40-06"
3337,"Cracovia 32","2012-01-01","Privado",9,"Ciudad de México",10,"Álvaro Obregón",1,"Álvaro Obregón","Cracovia 32","Col. San Ángel","01000","55 3915 2730","https://cracovia32.com/","info@cracovia32.com",-99.18798,19.3489,"http://sic.gob.mx/ficha.php?table=centro_cultural&table_id=3337","2025-07-02 13:41:45-06"
3504,"PILARES Isidro Fabela ","2019-08-03","Secretaría de Cultura de la Ciudad de México",9,"Ciudad de México",10,"Álvaro Obregón",1,"Álvaro Obregón","Nicaragüenses SN","Col. Isidro Fabela "," 01170","55 5134 0770 ext 1806","https://pilares.cdmx.gob.mx/","coord_comunicacion@pilares.cdmx.gob.mx",-99.2088,19.38604,"http://sic.gob.mx/ficha.php?table=centro_cultural&table_id=3504","2025-09-08 18:29:03-06"
3486,"PILARES Belén de las Flores","2019-04-23","Secretaría de Cultura de la Ciudad de México",9,"Ciudad de México",10,"Álvaro Obregón",1,"Álvaro Obregón","Belén s/n","Col. Belén de las Flores","01110","55 5134 0770 ext 1806","https://pilares.cdmx.gob.mx/","coord_comunicacion@pilares.cdmx.gob.mx",-99.2174,19.39688,"http://sic.gob.mx/ficha.php?table=centro_cultural&table_id=3486","2025-10-17 19:52:39-06"
3450,"Centro Cultural Ex Fábrica de Pólvora","2021-07-03","Gobierno de la Ciudad de México ",9,"Ciudad de México",10,"Álvaro Obregón",1,"Álvaro Obregón","IV sección del Bosque de Chapultepec, Bandera, Industrias Militares de Sedena","Col. Lomas de Santa Fe","01219",".","https://mexicocity.cdmx.gob.mx/venues/ex-fabrica-polvora/?lang=es","",-99.19528,19.39081,"http://sic.gob.mx/ficha.php?table=centro_cultural&table_id=3450","2025-06-22 15:54:06-06"
3589,"PILARES Río San Borja","1000-01-01","Secretaría de Cultura de la Ciudad de México",9,"Ciudad de México",10,"Álvaro Obregón",1,"Álvaro Obregón","Av. Rio San Borja","Col. Olivar del Conde 2da Secc"," 01408 ","55 5134 0770 ext 1806","https://pilares.cdmx.gob.mx/","coord_comunicacion@pilares.cdmx.gob.mx",-99.21685,19.37557,"http://sic.gob.mx/ficha.php?table=centro_cultural&table_id=3589","2024-06-11 11:31:51-06"
1421,"Centro Cultural Helénico (CCH)","1990-01-01","Secretaría de Cultura",9,"Ciudad de México",10,"Álvaro Obregón",1,"Álvaro Obregón","Av. Revolución 1500","Col. Guadalupe Inn","01020","(55) 4155 0900","http://www.helenico.gob.mx","helenico@cultura.gob.mx",-99.19003,19.35297,"http://sic.gob.mx/ficha.php?table=centro_cultural&table_id=1421","2020-04-21 15:54:43-05"
3756,"PILARES Bosques II Sección","1000-01-01","Secretaría de Cultura de la Ciudad de México",9,"Ciudad de México",10,"Álvaro Obregón",1,"Álvaro Obregón","Cam. Real a Toluca 1","Col. Bosques 2da. Sección","01560","55 5134 0770 ext 1806","https://pilares.cdmx.gob.mx/","coord_comunicacion@pilares.cdmx.gob.mx",-99.19213,19.39612,"http://sic.gob.mx/ficha.php?table=centro_cultural&table_id=3756","2024-06-11 12:08:46-06"
3567,"PILARES Olivar del Conde","2020-01-30","Gobierno de la Ciudad de México",9,"Ciudad de México",10,"Álvaro Obregón",1,"Álvaro Obregón","Calle 20 s/n","Col. Olivar del Conde 1ra sección","01400","55 5134 0770 ext 1806","https://pilares.cdmx.gob.mx/","coord_comunicacion@pilares.cdmx.gob.mx",-99.20468,19.37369,"http://sic.gob.mx/ficha.php?table=centro_cultural&table_id=3567","2025-06-27 19:49:04-06"
1399,"Centro Cultural Isidro Fabela","1991-06-01","Gobierno del Estado de México",9,"Ciudad de México",10,"Álvaro Obregón",1,"Álvaro Obregón","Plaza de San Jacinto 5","Col. San Ángel","01000","55 5616 2711","","contacto@isidrofabela.org.mx",-99.19204,19.34496,"http://sic.gob.mx/ficha.php?table=centro_cultural&table_id=1399","2024-09-29 10:58:12-06"
3465,"PILARES La Araña","2019-02-01","Gobierno de la Ciudad de México",9,"Ciudad de México",10,"Álvaro Obregón",1,"Álvaro Obregón","Prol. Río Mixcoac s/n esq. Querétaro","Col. La Araña","01520","55 5134 0770 ext 1806","https://pilares.cdmx.gob.mx/","coord_comunicacion@pilares.cdmx.gob.mx",-99.2403,19.36265,"http://sic.gob.mx/ficha.php?table=centro_cultural&table_id=3465","2025-07-04 16:59:51-06"
3721,"PILARES Santa Lucía-Río Mixcoac","1000-01-01","Secretaría de Cultura de la Ciudad de México",9,"Ciudad de México",10,"Álvaro Obregón",214,"Camino a la Bandera","Río Mixcoac s/n","Col. Santa Lucía","01430","55 5134 0770 ext 1806","https://pilares.cdmx.gob.mx/","coord_comunicacion@pilares.cdmx.gob.mx",-99.25173,19.35607,"http://sic.gob.mx/ficha.php?table=centro_cultural&table_id=3721","2024-06-11 11:06:46-06"
3506,"PILARES Lomas de la Era","2019-08-03","Secretaría de Cultura de la Ciudad de México",9,"Ciudad de México",10,"Álvaro Obregón",214,"Camino a la Bandera","And. 29 de Octubre s/n","Col. Lomas de la Era","01860","55 5134 0770 ext 1806","https://pilares.cdmx.gob.mx/","coord_comunicacion@pilares.cdmx.gob.mx",-99.25956,19.32564,"http://sic.gob.mx/ficha.php?table=centro_cultural&table_id=3506","2025-11-19 16:52:52-06"
3503,"PILARES La Cuesta","1000-01-01","Gobierno de la Ciudad de México",9,"Ciudad de México",10,"Álvaro Obregón",214,"Camino a la Bandera","Andador Tecalcapa","El Mirador","01700","55 5134 0770 ext 1806","https://pilares.cdmx.gob.mx/","coord_comunicacion@pilares.cdmx.gob.mx",-99.22572,19.34566,"http://sic.gob.mx/ficha.php?table=centro_cultural&table_id=3503","2024-06-07 09:05:30-06"
3570,"PILARES Chamontoya","1000-01-01","Gobierno de la Ciudad de México",9,"Ciudad de México",10,"Álvaro Obregón",214,"Camino a la Bandera","Azucena Lt. 20","Col. Lomas de Chamontoya","01857","55 5134 0770 ext 1806","https://pilares.cdmx.gob.mx/pilares/1608/chamontoya","coord_comunicacion@pilares.cdmx.gob.mx",-99.26821,19.31798,"http://sic.gob.mx/ficha.php?table=centro_cultural&table_id=3570","2024-06-18 17:40:46-06"
3744,"PILARES Santa Rosa","2021-01-01","Secretaría de Cultura de la Ciudad de México",9,"Ciudad de México",10,"Álvaro Obregón",214,"Camino a la Bandera","Rcda. de Jesús s/n","Col. Santa Rosa Xochiac","01830","55 5134 0770 ext 1806","https://pilares.cdmx.gob.mx/","coord_comunicacion@pilares.cdmx.gob.mx",-99.28221,19.32597,"http://sic.gob.mx/ficha.php?table=centro_cultural&table_id=3744","2025-06-24 17:05:10-06"
933,"Casa de Cultura Rosario Castellanos F.","1989-03-26","Alcaldía Tláhuac/Dirección de Cultura/Unidad Departamental de Proyectos Culturales",9,"Ciudad de México",11,"Tláhuac",1,"Tláhuac","Av. Tláhuac s/n esq. Sonido Trece","Col. Santa Cecilia","13010","55 5766 3804","","cculturarosariocastellanos_69@yahoo.com.mx; salgadomurillo.rosendo@gmail.com",-99.00759,19.27868,"http://sic.gob.mx/ficha.php?table=centro_cultural&table_id=933","2023-06-12 06:38:14-06"
2772,"Centro Cultural Ing. Juan Manuel Martínez G.","2012-08-01","Alcaldía Tláhuac/Dirección de Cultura",9,"Ciudad de México",11,"Tláhuac",1,"Tláhuac","Gitana s/n","Col. del Mar","13270","(55) 5842 1613","","cencultjuanmanuelmtz@hotmail.com",-99.05789,19.29446,"http://sic.gob.mx/ficha.php?table=centro_cultural&table_id=2772","2019-11-27 04:38:45-06"
1703,"Centro Cultural Mercado La Nopalera","2006-03-01","Alcaldía Tláhuac/Dirección de Cultura",9,"Ciudad de México",11,"Tláhuac",1,"Tláhuac","Angélica Paulet s/n esq. Gallo de oro y Falsaffat","Col. Nopalera","13220","(55) 5842 1613","http://consejoculturatlahuac.blogspot.mx/","betty_mobb@hotmail.com",-99.05444,19.29649,"http://sic.gob.mx/ficha.php?table=centro_cultural&table_id=1703","2019-11-27 04:39:42-06"
3704,"PILARES Miguel Hidalgo","2019-01-01","Secretaría de Cultura de la Ciudad de México",9,"Ciudad de México",11,"Tláhuac",1,"Tláhuac","La Gioconda","Col. Miguel Hidalgo","13200","55 5134 0770 ext 1806","https://pilares.cdmx.gob.mx/","coord_comunicacion@pilares.cdmx.gob.mx",-99.04613,19.2923,"http://sic.gob.mx/ficha.php?table=centro_cultural&table_id=3704","2025-10-30 11:46:55-06"
3700,"PILARES Selene","2022-01-01","Gobierno de la Ciudad de México",9,"Ciudad de México",11,"Tláhuac",1,"Tláhuac","Estanislao Ramírez Ruiz","Col. Selene 1ra. Secc.","13420","55 5134 0770 ext 1806","https://pilares.cdmx.gob.mx/pilares/1738/selene","coord_comunicacion@pilares.cdmx.gob.mx",-98.998,19.29481,"http://sic.gob.mx/ficha.php?table=centro_cultural&table_id=3700","2025-09-30 18:33:51-06"
934,"Casa de Cultura Frida Kahlo","1994-10-04","Alcaldía Tláhuac/Dirección de Cultura",9,"Ciudad de México",11,"Tláhuac",1,"Tláhuac","Paseo Nuevo s/n entre Ojo de Agua y Tláhuac","Col. San Francisco Tlaltenco","13450","55 5866 0676","","casadeculturafridakahlo06@gmail.com",-99.01423,19.29139,"http://sic.gob.mx/ficha.php?table=centro_cultural&table_id=934","2025-04-07 18:23:31-06"
1939,"Fábrica de Artes y Oficios (FARO) Tláhuac","2006-05-26","Secretaría de Cultura de la Ciudad de México/Dirección General de Vinculación Cultural Comunitaria/Red de Faros",9,"Ciudad de México",11,"Tláhuac",1,"Tláhuac","Int. Bosque de Tláhuac, Av. La Turba s/n esq. Heberto Castillo","Col. Miguel Hidalgo","13200","55 2160 5471","https://www.cultura.cdmx.gob.mx/recintos/faro-tlahuac","farotlahuacdifusion@gmail.com; culturacomunitariaweb@gmail.com",-99.04607,19.28584,"http://sic.gob.mx/ficha.php?table=centro_cultural&table_id=1939","2026-08-03 14:23:55-06"
1702,"Centro Cultural Zapotitlán","2002-10-02","Alcaldía Tláhuac/Dirección de Cultura",9,"Ciudad de México",11,"Tláhuac",1,"Tláhuac","Ignacio Zaragoza s/n esq. Jesús Castro","Pueblo Santiago Zapotitlán","13300","55 5841 7600","https://www.facebook.com/profile.php?id=100007589807395&fref=ts","cczapotitlan@hotmail.com; vale1_2001@yahoo.com.mx",-99.03663,19.30083,"http://sic.gob.mx/ficha.php?table=centro_cultural&table_id=1702","2025-04-09 18:21:43-06"
972,"Casa de Cultura Diego Rivera","1996-06-16","Alcaldía Tláhuac/Dirección de Cultura",9,"Ciudad de México",11,"Tláhuac",1,"Tláhuac","Av. de la Turba s/n","Col. del Mar","13270","55 5845 5098","","diegoriveratlahuac@hotmail.com",-99.0605,19.29339,"http://sic.gob.mx/ficha.php?table=centro_cultural&table_id=972","2025-04-07 14:15:14-06"
977,"Casa de Cultura Los Olivos","2000-03-13","Alcaldía Tláhuac/Dirección de Cultura",9,"Ciudad de México",11,"Tláhuac",1,"Tláhuac","Providencia 20-A","Col. Ampl. Los Olivos","13210","55 5131 3082","","ccolivos7@gmail.com",-99.05856,19.30584,"http://sic.gob.mx/ficha.php?table=centro_cultural&table_id=977","2023-10-09 08:09:08-06"
3762,"PILARES Jaime Torres Bodet","1000-01-01","Gobierno de la Ciudad de México",9,"Ciudad de México",11,"Tláhuac",21,"San Juan Ixtayopan","Educación Politécnica 9","Col. Jaime Torres Bodet","","55 5134 0770 ext 1806","https://pilares.cdmx.gob.mx/","coord_comunicacion@pilares.cdmx.gob.mx",-98.99986,19.23064,"http://sic.gob.mx/ficha.php?table=centro_cultural&table_id=3762","2024-07-01 14:43:55-06"
3698,"PILARES San Nicolás Tetelco","1000-01-01","Gobierno de la Ciudad de México",9,"Ciudad de México",11,"Tláhuac",24,"San Nicolás Tetelco","Avenida Emiliano Zapata, Mz. 248 Lt. 24","San Nicolás Tetelco","13700","55 5134 0770 ext 1806","https://pilares.cdmx.gob.mx/","coord_comunicacion@pilares.cdmx.gob.mx",-98.97246,19.2177,"http://sic.gob.mx/ficha.php?table=centro_cultural&table_id=3698","2024-06-19 13:00:13-06"
1704,"Centro Cultural Santa Catarina Yecahuizotl","2002-03-08","Alcaldía Tláhuac/Dirección de Cultura",9,"Ciudad de México",11,"Tláhuac",26,"Santa Catarina Yecahuitzotl","Belisario Domínguez s/n esq. Emiliano Zapata","Col. Santa Catarina","13100","(55) 4444 2728","","solares_03@hotmail.com",-98.9683,19.30918,"http://sic.gob.mx/ficha.php?table=centro_cultural&table_id=1704","2019-11-27 04:38:58-06"
3737,"PILARES San José","1000-01-01","Gobierno de la Ciudad de México",9,"Ciudad de México",11,"Tláhuac",71,"Tabla los Pozos","Av. Agustín Lara s/n","Col. San José","13020","55 5134 0770 ext 1806","https://pilares.cdmx.gob.mx/","coord_comunicacion@pilares.cdmx.gob.mx",-98.99367,19.27595,"http://sic.gob.mx/ficha.php?table=centro_cultural&table_id=3737","2024-06-25 14:50:59-06"
3532,"PILARES Mixquic","2019-01-01","Gobierno de la Ciudad de México",9,"Ciudad de México",11,"Tláhuac",86,"Xila","Calz. Plutarco Elías Calles","Col. Santa Cruz","13650","55 5134 0770 ext 1806","https://pilares.cdmx.gob.mx/","coord_comunicacion@pilares.cdmx.gob.mx",-98.95267,19.22626,"http://sic.gob.mx/ficha.php?table=centro_cultural&table_id=3532","2025-08-29 18:00:31-06"
3477,"PILARES Rosario Castellanos","2019-03-07","Gobierno de la Ciudad de México",9,"Ciudad de México",11,"Tláhuac",94,"Chinampa San Juan","Av. Tláhuac esq. Av. Sonido Trece","Col. Santa Cecilia","13010","55 5134 0770 ext 1806","https://pilares.cdmx.gob.mx/","coord_comunicacion@pilares.cdmx.gob.mx",-99.00789,19.27804,"http://sic.gob.mx/ficha.php?table=centro_cultural&table_id=3477","2024-06-24 14:51:28-06"
3547,"PILARES Miguel Hidalgo","2019-11-17","Gobierno de la Ciudad de México",9,"Ciudad de México",11,"Tláhuac",126,"Camino a Tlaltenco","La Gioconda","Col. Miguel Hidalgo","13200","55 5134 0770 ext 1806","https://pilares.cdmx.gob.mx/","coord_comunicacion@pilares.cdmx.gob.mx",-99.04598,19.29212,"http://sic.gob.mx/ficha.php?table=centro_cultural&table_id=3547","2024-06-26 08:46:30-06"
3572,"PILARES Tlaltenco","1000-01-01","Gobierno de la Ciudad de México",9,"Ciudad de México",11,"Tláhuac",129,"Rancho los Pollitos","Av. Ojo de Agua 161","Col. Ojo de Agua","13450","55 5134 0770 ext 1806","https://pilares.cdmx.gob.mx/","coord_comunicacion@pilares.cdmx.gob.mx",-99.00935,19.29106,"http://sic.gob.mx/ficha.php?table=centro_cultural&table_id=3572","2024-06-26 09:17:13-06"
3699,"PILARES Santa Catarina ","1000-01-01","Secretaría de Cultura de la Ciudad de México",9,"Ciudad de México",11,"Tláhuac",141,"Colonia los 500 metros","Toltecas 161","Col. Santa Catarina","13120","55 5134 0770 ext 1806","https://pilares.cdmx.gob.mx/","coord_comunicacion@pilares.cdmx.gob.mx",-98.96222,19.31896,"http://sic.gob.mx/ficha.php?table=centro_cultural&table_id=3699","2024-06-11 11:08:46-06"
3697,"PILARES Quetzalcóatl","1000-01-01","Gobierno de la Ciudad de México",9,"Ciudad de México",11,"Tláhuac",148,"Puertantitla (Camino al Cerro)","Andrés Quintana Roo s/n","Col. Guadalupe Tlaltenco","13450","55 5134 0770 ext 1806","https://pilares.cdmx.gob.mx/","coord_comunicacion@pilares.cdmx.gob.mx",-99.01372,19.29485,"http://sic.gob.mx/ficha.php?table=centro_cultural&table_id=3697","2024-06-17 13:25:25-06"
3701,"PILARES Tierra Blanca","2021-01-01","Secretaría de Cultura de la Ciudad de México",9,"Ciudad de México",11,"Tláhuac",149,"Prolongación el Rosario","Sauces s/n","Col. El Rosario","13540","55 5134 0770 ext 1806","https://pilares.cdmx.gob.mx/","coord_comunicacion@pilares.cdmx.gob.mx",-99.00508,19.23929,"http://sic.gob.mx/ficha.php?table=centro_cultural&table_id=3701","2025-08-25 17:18:24-06"
3608,"PILARES Nopalera","2021-01-01","Gobierno de la Ciudad de México",9,"Ciudad de México",11,"Tláhuac",158,"Las Calabacitas","Angélica Paulet esq. Falstaff","La Nopalera","13250","55 5134 0770 ext 1806","https://pilares.cdmx.gob.mx/","coord_comunicacion@pilares.cdmx.gob.mx",-99.05479,19.29646,"http://sic.gob.mx/ficha.php?table=centro_cultural&table_id=3608","2025-10-08 17:25:39-06"
3606,"PILARES Ana Bolena","2022-01-23","Secretaría de Cultura de la Ciudad de México",9,"Ciudad de México",11,"Tláhuac",158,"Las Calabacitas","Ana Bolena 270","Col.  La Nopalera","13280","55 5134 0770 ext 1806","https://pilares.cdmx.gob.mx/","coord_comunicacion@pilares.cdmx.gob.mx",-99.0546,19.29235,"http://sic.gob.mx/ficha.php?table=centro_cultural&table_id=3606","2025-11-11 17:29:28-06"
3478,"PILARES García Lorca","2019-03-07","Gobierno de la Ciudad de México",9,"Ciudad de México",11,"Tláhuac",158,"Las Calabacitas","Cecilio Acosta s/n","San Miguel Zapotitla","13310","55 5134 0770 ext 1806","https://pilares.cdmx.gob.mx/","coord_comunicacion@pilares.cdmx.gob.mx",-99.03694,19.31159,"http://sic.gob.mx/ficha.php?table=centro_cultural&table_id=3478","2025-05-29 19:32:54-06"
3548,"PILARES Murciélago","2019-01-01","Gobierno de la Ciudad de México",9,"Ciudad de México",11,"Tláhuac",158,"Las Calabacitas","El Murciélago Mz. 8 LT. 20","Agrícola Metropolitana","13280","55 5134 0770 ext 1806","https://pilares.cdmx.gob.mx/","coord_comunicacion@pilares.cdmx.gob.mx",-99.04931,19.2917,"http://sic.gob.mx/ficha.php?table=centro_cultural&table_id=3548","2025-08-25 16:57:00-06"
3507,"PILARES Paulo Freire","2019-08-07","Gobierno de la Ciudad de México",9,"Ciudad de México",11,"Tláhuac",158,"Las Calabacitas","Santa Cruz 127","Col. Las Arboledas","13319","55 5134 0770 ext 1806","https://pilares.cdmx.gob.mx/","coord_comunicacion@pilares.cdmx.gob.mx",-99.05112,19.30584,"http://sic.gob.mx/ficha.php?table=centro_cultural&table_id=3507","2024-06-12 12:35:44-06"
3607,"PILARES Cocodrilo","1000-01-01","Gobierno de la Ciudad de México",9,"Ciudad de México",11,"Tláhuac",158,"Las Calabacitas","Cocodrilo 67","Col. Los Olivos","13210","55 5134 0770 ext 1806","https://pilares.cdmx.gob.mx/","coord_comunicacion@pilares.cdmx.gob.mx",-99.05964,19.30181,"http://sic.gob.mx/ficha.php?table=centro_cultural&table_id=3607","2024-06-12 14:29:38-06"
3560,"PILARES La Joya","2020-01-01","Gobierno de la Ciudad de México",9,"Ciudad de México",12,"Tlalpan",1,"Tlalpan","Insurgentes 4461","Col. La Joya","14090","55 5134 0770 ext 1806","https://pilares.cdmx.gob.mx/pilares/1598/la-joya","coord_comunicacion@pilares.cdmx.gob.mx",-99.16756,19.27844,"http://sic.gob.mx/ficha.php?table=centro_cultural&table_id=3560","2025-11-11 16:49:24-06"
2150,"Centro Cultural y Social Hidalguense","2004-12-07","Centro Cultural y Social Hidalguense, A.C./Consejo Estatal para la Cultura y las Artes de Hidalgo/ Representación del Gobierno del Estado de Hidalgo",9,"Ciudad de México",12,"Tlalpan",1,"Tlalpan","Calz. de Tlalpan 4743 esq. Av. San Fernando","Tlalpan Centro","14000","554 094 95 26","https://centrohidalguense.com/","direccion@centrohidalguense.com; cultura@centrohidalguense.com",-99.16244,19.29046,"http://sic.gob.mx/ficha.php?table=centro_cultural&table_id=2150","2024-02-19 05:32:46-06"
3752,"PILARES San Nicolás II","1000-01-01","Gobierno de la Ciudad de México",9,"Ciudad de México",12,"Tlalpan",1,"Tlalpan","Plan de La Máquina 330","Col. San Nicolás II","14735","55 5134 0770 ext 1806","https://pilares.cdmx.gob.mx/","coord_comunicacion@pilares.cdmx.gob.mx",-99.23831,19.2674,"http://sic.gob.mx/ficha.php?table=centro_cultural&table_id=3752","2024-06-13 13:02:07-06"
967,"Casa de la Cultura de Tlalpan","1988-11-30","Alcaldía Tlalpan/Dirección General de Derechos Culturales y Educativos",9,"Ciudad de México",12,"Tlalpan",1,"Tlalpan","Camino a Santa Teresa s/n esq. Zacatépetl","Col. Bosque del Pedregal","14010","55 5606 3839","","casadelaculturatlalpan@gmail.com",-99.19223,19.29613,"http://sic.gob.mx/ficha.php?table=centro_cultural&table_id=967","2026-07-28 12:23:53-06"
3738,"PILARES Deportivo Xóchitl","1000-01-01","Gobierno de la Ciudad de México",9,"Ciudad de México",12,"Tlalpan",1,"Tlalpan","Calle Corregidora s/n ","Miguel Hidalgo","14250","55 5134 0770 ext 1806","https://pilares.cdmx.gob.mx/","coord_comunicacion@pilares.cdmx.gob.mx",-99.18248,19.29054,"http://sic.gob.mx/ficha.php?table=centro_cultural&table_id=3738","2024-06-14 09:22:57-06"
3705,"PILARES Zapote","2023-03-30","Gobierno de la Ciudad de México",9,"Ciudad de México",12,"Tlalpan",1,"Tlalpan","Zapote 155","Col. Zapote","","55 5134 0770 ext 1806","https://pilares.cdmx.gob.mx/","coord_comunicacion@pilares.cdmx.gob.mx",-99.17881,19.30023,"http://sic.gob.mx/ficha.php?table=centro_cultural&table_id=3705","2024-06-12 14:17:41-06"
963,"Centro Cultural Ollin Yoliztli (CCOY)","1979-11-27","Secretaría de Cultura de la Ciudad de México",9,"Ciudad de México",12,"Tlalpan",1,"Tlalpan","Periférico Sur 5141","Col. Isidro Fabela","14030","55 5606 3901","https://www.cultura.cdmx.gob.mx/recintos/archivo-historico/centros-culturales/ccoy","ollinyoliztlidifusion@df.gob.mx; direccionccoy@df.gob.mx; pachecofidencio@gmail.com",-99.17844,19.30305,"http://sic.gob.mx/ficha.php?table=centro_cultural&table_id=963","2025-08-28 14:27:20-06"
3706,"PILARES Pedregal de las Águilas","1000-01-01","Secretaría de Cultura de la Ciudad de México",9,"Ciudad de México",12,"Tlalpan",1,"Tlalpan","Lacandones s/n","Col. Pedregal de las Águilas","14439","55 5134 0770 ext 1806","https://pilares.cdmx.gob.mx/","coord_comunicacion@pilares.cdmx.gob.mx",-99.17638,19.27204,"http://sic.gob.mx/ficha.php?table=centro_cultural&table_id=3706","2024-06-13 08:13:23-06"
3645,"PILARES San Lorenzo Huipulco","1000-01-01","Gobierno de la Ciudad de México",9,"Ciudad de México",12,"Tlalpan",1,"Tlalpan","Calzada de Tlalpan esq. Calzada Acoxpa","Col. Sta. Úrsula Coapa","04650","55 5134 0770 ext 1806","https://pilares.cdmx.gob.mx/","coord_comunicacion@pilares.cdmx.gob.mx",-99.14713,19.30104,"http://sic.gob.mx/ficha.php?table=centro_cultural&table_id=3645","2025-08-28 18:19:46-06"
2466,"Centro Cultural Ignacio Ramírez ISSSTE","1963-11-13","Instituto de Seguridad y Servicios Sociales de los Trabajadores del Estado (ISSSTE)",9,"Ciudad de México",12,"Tlalpan",1,"Tlalpan","Av. San Fernando 15","Col. San Pedro Apostol","14070","55 5141 5400 ext. 22301","","svaltoartesescenicas@gmail.com",-99.17166,19.29386,"http://sic.gob.mx/ficha.php?table=centro_cultural&table_id=2466","2023-12-06 07:53:15-06"
2890,"Casa del Virrey de Mendoza","2012-05-03","Gobierno de la Ciudad de México/Alcaldía Tlalpan/Grupo Tequio, A.C.",9,"Ciudad de México",12,"Tlalpan",1,"Tlalpan"," Juárez 15 esq. Victoria.","Centro de Tlalpan","14000","","","",-99.16909,19.28828,"http://sic.gob.mx/ficha.php?table=centro_cultural&table_id=2890","2020-04-20 14:46:47-05"
3049,"Centro de Artes y Oficios (CAO) Xochipilli (Cerrado temporalmente)","2017-10-28","Alcaldía Tlalpan/JUD de Cultura Comunitaria",9,"Ciudad de México",12,"Tlalpan",1,"Tlalpan","Av. del Paraíso s/n","Ejidos de San Pedro Mártir","14600","(55) 5485 3266","","alisosnaya@gmail.com",-99.15621,19.26859,"http://sic.gob.mx/ficha.php?table=centro_cultural&table_id=3049","2019-11-27 04:43:02-06"
2613,"Centro de Artes y Oficios Tiempo Nuevo","1990-05-01","Alcaldía Tlalpan",9,"Ciudad de México",12,"Tlalpan",1,"Tlalpan","Jesus Lecuona s/n","Col. Miguel Hidalgo 2da. Sección","14250","55 169 71498","http://www.tlalpan.cdmx.gob.mx/centros/centro-de-artes-y-oficios-cao-tiempo-nuevo/","comunicacioncaotlalpan@gmail.com",-99.19429,19.28667,"http://sic.gob.mx/ficha.php?table=centro_cultural&table_id=2613","2025-11-13 13:12:32-06"
3708,"PILARES Tepeximilpa","1000-01-01","Gobierno de la Ciudad de México",9,"Ciudad de México",12,"Tlalpan",1,"Tlalpan","Tequistlateco s/n ","San Juan Tepeximilpa","14427","55 5134 0770 ext 1806","https://pilares.cdmx.gob.mx/","coord_comunicacion@pilares.cdmx.gob.mx",-99.19047,19.27282,"http://sic.gob.mx/ficha.php?table=centro_cultural&table_id=3708","2024-06-14 11:26:51-06"
2096,"Centro Cultural Casa Frissac","2000-05-01","Alcaldía Tlalpan",9,"Ciudad de México",12,"Tlalpan",1,"Tlalpan","Plaza de la Constitución 1 esq. Moneda","Centro ","14000","55 5483 1500 ext. 7306","https://culturatlalpan.wixsite.com/cultura/project-2","judrcpayc@gmail.com",-99.16776,19.28906,"http://sic.gob.mx/ficha.php?table=centro_cultural&table_id=2096","2026-07-28 12:15:53-06"
3646,"PILARES San Miguel Ajusco","1000-01-01","Secretaría de Cultura de la Ciudad de México",9,"Ciudad de México",12,"Tlalpan",26,"San Miguel Ajusco","Primera cerrada de Mariano Abasolo s/n","Col. San Miguel Ajusco","14700","55 5134 0770 ext 1806","https://pilares.cdmx.gob.mx/pilares/1684/san-miguel","pilaressanmiguel@cdmx.gob.mx",-99.19553,19.23123,"http://sic.gob.mx/ficha.php?table=centro_cultural&table_id=3646","2025-08-28 18:52:28-06"
3612,"PILARES Topilejo","1000-01-01","Gobierno de la Ciudad de México",9,"Ciudad de México",12,"Tlalpan",27,"San Miguel Topilejo","Independencia 12","Col. San Miguel Topilejo","14500","55 5134 0770 ext 1806","https://pilares.cdmx.gob.mx/","coord_comunicacion@pilares.cdmx.gob.mx",-99.14129,19.19852,"http://sic.gob.mx/ficha.php?table=centro_cultural&table_id=3612","2024-06-25 10:23:24-06"
3739,"PILARES Plan de Ayala","1000-01-01","Secretaría de Cultura de la Ciudad de México",9,"Ciudad de México",12,"Tlalpan",326,"Cuauhtenco","Av. Texcalatlaco","Col. Plan de Ayala","14470","55 5134 0770 ext 1806","https://pilares.cdmx.gob.mx/","coord_comunicacion@pilares.cdmx.gob.mx",-99.15012,19.23908,"http://sic.gob.mx/ficha.php?table=centro_cultural&table_id=3739","2024-06-11 11:27:12-06"
3500,"PILARES Ecoguardas","2019-07-31","Gobierno de la Ciudad de México",9,"Ciudad de México",12,"Tlalpan",330,"Área de los Venados (La SIREFA)","Carr. Picacho Ajusco km. 5.5 s/n","Col. Ampliación Miguel Hidalgo","14250","55 5134 0770 ext 1806","https://pilares.cdmx.gob.mx/","coord_comunicacion@pilares.cdmx.gob.mx",-99.20426,19.27094,"http://sic.gob.mx/ficha.php?table=centro_cultural&table_id=3500","2024-06-19 14:09:47-06"
3747,"PILARES Chichicaspatl II","2024-11-15","Gobierno de la Ciudad de México",9,"Ciudad de México",12,"Tlalpan",379,"Paraje el Negro","Chancenote 19-11","Col. Chichicaspatl","14108","55 5134 0770 ext 1806","https://pilares.cdmx.gob.mx/","coord_comunicacion@pilares.cdmx.gob.mx",-99.2422,19.27462,"http://sic.gob.mx/ficha.php?table=centro_cultural&table_id=3747","2025-08-29 11:37:23-06"
3702,"PILARES Metropolitana Bosques","2021-09-27","Gobierno de la Ciudad de México",9,"Ciudad de México",12,"Tlalpan",379,"Paraje el Negro","Av. Metropolitana s/n","Col. Bosques del Pedregal ","14734","55 5134 0770 ext 1806","https://pilares.cdmx.gob.mx/","coord_comunicacion@pilares.cdmx.gob.mx",-99.24344,19.27061,"http://sic.gob.mx/ficha.php?table=centro_cultural&table_id=3702","2024-06-25 09:36:13-06"
3611,"PILARES Chichicaspatl","1000-01-01","Secretaría de Cultura de la Ciudad de México",9,"Ciudad de México",12,"Tlalpan",379,"Paraje el Negro","Plancito Viejos, Ferrocarril de Cuernavaca 46","Col. Chichicaspatl","14108","55 5134 0770 ext 1806","https://pilares.cdmx.gob.mx/","coord_comunicacion@pilares.cdmx.gob.mx",-99.24268,19.27772,"http://sic.gob.mx/ficha.php?table=centro_cultural&table_id=3611","2024-06-13 08:08:30-06"
3703,"PILARES Lomas de Padierna-San Nicolás","2023-01-01","Gobierno de la Ciudad de México",9,"Ciudad de México",12,"Tlalpan",429,"El Resumidero","Chicoasen s/n","Lomas de Padierna","14240","55 5134 0770 ext 1806","https://pilares.cdmx.gob.mx/","coord_comunicacion@pilares.cdmx.gob.mx",-99.23003,19.29118,"http://sic.gob.mx/ficha.php?table=centro_cultural&table_id=3703","2025-10-30 16:03:52-06"
3610,"PILARES Bosques","2021-09-27","Gobierno de la Ciudad de México",9,"Ciudad de México",12,"Tlalpan",429,"El Resumidero","Sabino LT. 1 Mz. 178","Col. Bosques de Pedregal","14738","55 5134 0770 ext 1806","https://pilares.cdmx.gob.mx/pilares/1648/bosques","coord_comunicacion@pilares.cdmx.gob.mx",-99.23827,19.27132,"http://sic.gob.mx/ficha.php?table=centro_cultural&table_id=3610","2024-06-21 11:32:15-06"
3501,"PILARES Tizimín","2019-07-31","Secretaría de Cultura de la Ciudad de México",9,"Ciudad de México",12,"Tlalpan",429,"El Resumidero","Tizimin 102","Col. Héroes de Padierna","14200","55 5134 0770 ext 1806","https://pilares.cdmx.gob.mx/","coord_comunicacion@pilares.cdmx.gob.mx",-99.21641,19.28943,"http://sic.gob.mx/ficha.php?table=centro_cultural&table_id=3501","2025-07-17 16:33:28-06"
3542,"PILARES Cuchilla de Padierna","2019-11-07","Gobierno de la Ciudad de México",9,"Ciudad de México",12,"Tlalpan",429,"El Resumidero","Chacmultún Lt 1, Mz 10","Col. Cuchilla de Padierna","14220","55 5134 0770 ext 1806","https://pilares.cdmx.gob.mx/","coord_comunicacion@pilares.cdmx.gob.mx",-99.21619,19.27642,"http://sic.gob.mx/ficha.php?table=centro_cultural&table_id=3542","2024-07-01 14:49:16-06"
3761,"PILARES Framboyanes","1000-01-01","Secretaría de Cultura de la Ciudad de México",9,"Ciudad de México",12,"Tlalpan",429,"El Resumidero","Balancan s/n","Col. Lomas del Pedregal","14150","55 5134 0770 ext 1806","https://pilares.cdmx.gob.mx/","coord_comunicacion@pilares.cdmx.gob.mx",-99.22702,19.29896,"http://sic.gob.mx/ficha.php?table=centro_cultural&table_id=3761","2024-06-10 09:21:11-06"
3707,"PILARES Lomas de Cuilotepec","1000-01-01","Gobierno de la Ciudad de México",9,"Ciudad de México",12,"Tlalpan",429,"El Resumidero","Ejidal 23","Col. Lomas de Cuilotepec","14730","55 5134 0770 ext 1806","https://pilares.cdmx.gob.mx/","coord_comunicacion@pilares.cdmx.gob.mx",-99.23359,19.27232,"http://sic.gob.mx/ficha.php?table=centro_cultural&table_id=3707","2024-06-25 14:41:34-06"
3609,"PILARES Belvedere","1000-01-01","Secretaría de Cultura de la Ciudad de México",9,"Ciudad de México",12,"Tlalpan",429,"El Resumidero","Peloponeso 111 ","Col.  Belvedere Ajusco ","14720","55 5134 0770 ext 1806","https://pilares.cdmx.gob.mx/","coord_comunicacion@pilares.cdmx.gob.mx",-99.22686,19.26737,"http://sic.gob.mx/ficha.php?table=centro_cultural&table_id=3609","2024-06-11 11:19:06-06"
3742,"PILARES Nativitas","1000-01-01","Gobierno de la Ciudad de México",9,"Ciudad de México",13,"Xochimilco",1,"Xochimilco","Zacapa 10","Col. Xaltocan","16450","55 5134 0770 ext 1806","https://pilares.cdmx.gob.mx/","coord_comunicacion@pilares.cdmx.gob.mx",-99.0936,19.24808,"http://sic.gob.mx/ficha.php?table=centro_cultural&table_id=3742","2024-06-26 12:12:18-06"
962,"Casa del Arte Xochimilco","1984-07-19","Alcaldía Xochimilco/Dirección de Servicio Culturales, Recreativo y Deportivos",9,"Ciudad de México",13,"Xochimilco",1,"Xochimilco","Av. José Ma. Morelos 7","Barrio El Rosario","16070","55 5676 0820    ","https://mexicocity.cdmx.gob.mx/venues/casa-arte-xochimilco/?lang=es","casadelarte_xochimilco@hotmail.com; dirculturalesrecreativosdeportivos@xochimilco.cdmx.gob.mx",-99.10468,19.26261,"http://sic.gob.mx/ficha.php?table=centro_cultural&table_id=962","2025-03-28 13:16:40-06"
3714,"PILARES Bodoquepa ","2022-01-01","Secretaría de Cultura de la Ciudad de México",9,"Ciudad de México",13,"Xochimilco",1,"Xochimilco","Segundo Callejón Bodoquepa 69","Col. La Asunción","16040","55 5134 0770 ext 1806","https://pilares.cdmx.gob.mx/","coord_comunicacion@pilares.cdmx.gob.mx",-99.10026,19.2685,"http://sic.gob.mx/ficha.php?table=centro_cultural&table_id=3714","2025-06-19 17:05:12-06"
3413,"Casa de Cultura San Gregorio A la orilla del agua","2008-01-01","Alcaldía Xochimilco/Dirección de Servicio Culturales, Recreativo y Deportivos",9,"Ciudad de México",13,"Xochimilco",1,"Xochimilco","Av. Cuautémoc s/n","Col. Atenco, localidad San Gregorio Atlapulco","16600","55 8939 1862","http://www.xochimilco.cdmx.gob.mx/","casadeculturasgregorio@gmail.com",-99.10472,19.26346,"http://sic.gob.mx/ficha.php?table=centro_cultural&table_id=3413","2026-06-16 11:21:01-06"
3992,"Casa de Cultura San Andrés Ahuayucan","2013-05-22","Alcaldía Xochimilco/Dirección de Servicio Culturales, Recreativo y Deportivos",9,"Ciudad de México",13,"Xochimilco",1,"Xochimilco","Av. Juárez s/n","Pueblo San Andrés Ahuayucan","16810","55 5489 7614","http://www.xochimilco.cdmx.gob.mx","dirculturalesrecreativosdeportivos@xochimilco.cdmx.gob.mx; dgibs@xochimilco.cdmx.gob.mx",-99.10821,19.22237,"http://sic.gob.mx/ficha.php?table=centro_cultural&table_id=3992","2026-06-16 09:06:06-06"
3713,"PILARES Muyuguarda","1000-01-01","Gobierno de la Ciudad de México",9,"Ciudad de México",13,"Xochimilco",1,"Xochimilco","Camino a La Ciénega s/n","Barrio 18","16034","55 5134 0770 ext 1806","https://pilares.cdmx.gob.mx/","coord_comunicacion@pilares.cdmx.gob.mx",-99.11862,19.27571,"http://sic.gob.mx/ficha.php?table=centro_cultural&table_id=3713","2024-06-05 13:44:16-06"
3717,"PILARES San Marcos","1000-01-01","Gobierno de la Ciudad de México",9,"Ciudad de México",13,"Xochimilco",1,"Xochimilco","Olmos 135","Col. Amp. San Marcos Norte","16038","55 5134 0770 ext 1806","https://pilares.cdmx.gob.mx/","coord_comunicacion@pilares.cdmx.gob.mx",-99.11168,19.27003,"http://sic.gob.mx/ficha.php?table=centro_cultural&table_id=3717","2024-06-21 12:18:35-06"
1541,"Casa de Cultura de San Mateo Xalpa","1986-11-26","Alcaldía Xochimilco/Dirección de Servicio Culturales, Recreativo y Deportivos",9,"Ciudad de México",13,"Xochimilco",1,"Xochimilco","Av. Miguel Hidalgo 75","Pueblo de San Mateo Xalpa","16800","55 2156 1914","http://www.xochimilco.cdmx.gob.mx/","dirculturalesrecreativosdeportivos@xochimilco.cdmx.gob.mx",-99.11937,19.23198,"http://sic.gob.mx/ficha.php?table=centro_cultural&table_id=1541","2026-06-16 12:24:59-06"
3994,"Casa de cultura Xochicalli Tlacama ","2015-10-01","Alcaldía Xochimilco",9,"Ciudad de México",13,"Xochimilco",1,"Xochimilco","Benito Juárez 54","Col. Santa María Nativitas ","16450","","","",-99.09323,19.24141,"http://sic.gob.mx/ficha.php?table=centro_cultural&table_id=3994","2026-06-16 13:27:42-06"
796,"Foro Cultural Quetzalcóatl","1969-01-01","Alcaldía Xochimilco",9,"Ciudad de México",13,"Xochimilco",1,"Xochimilco","Guadalupe I. Ramírez 4","Barrio El Rosario","16090","(55) 5334 06 00 ext. 3629","https://www.facebook.com/pages/Foro-Cultural-Quetzalcoatl/1450692555172717","",-99.10494,19.26365,"http://sic.gob.mx/ficha.php?table=centro_cultural&table_id=796","2019-11-27 04:46:40-06"
1543,"Casa de Cultura Santa Cecilia Tepetlapa","1000-01-01","Alcaldía Xochimilco",9,"Ciudad de México",13,"Xochimilco",1,"Xochimilco","Francisco Sarabia s/n","Santa Cecilia Tepetlapa","16880","","","",-99.09931,19.21596,"http://sic.gob.mx/ficha.php?table=centro_cultural&table_id=1543","2019-11-27 04:46:11-06"
1544,"Conjunto Cultural Carlos Pellicer","1984-06-09","Alcaldía Xochimilco/Dirección de Servicio Culturales, Recreativo y Deportivos",9,"Ciudad de México",13,"Xochimilco",1,"Xochimilco","Av. México 5682","Col. La Noria","16030","55 8952 0546","","cccarlospellicer25gmail.com",-99.1253,19.26632,"http://sic.gob.mx/ficha.php?table=centro_cultural&table_id=1544","2026-06-16 14:03:30-06"
3996,"Conjunto Cultural Tepalcatlalpan ","2008-08-25","Alcaldía Xochimilco",9,"Ciudad de México",13,"Xochimilco",1,"Xochimilco","Camino a las canteras s/n","Col. Pueblo Santiago Tepalcatlalpan ","16200","55 5489 6148","","",-99.10592,19.25452,"http://sic.gob.mx/ficha.php?table=centro_cultural&table_id=3996","2026-06-16 14:28:13-06"
1515,"Casa de la Cultura Luis Spota","1976-01-15","Alcaldía Xochimilco/Dirección de Servicio Culturales, Recreativo y Deportivos",9,"Ciudad de México",13,"Xochimilco",1,"Xochimilco","Joya  7","Pueblo de Santa María Tepepan","16020","55 8926 4723","http://www.xochimilco.cdmx.gob.mx/","dirculturalesrecreativosdeportivos@xochimilco.cdmx.gob.mx; dgibs@xochimilco.cdmx.gob.mx",-99.13446,19.27484,"http://sic.gob.mx/ficha.php?table=centro_cultural&table_id=1515","2026-06-12 13:15:13-06"
2159,"Conjunto Cultural Tepalcatlalpan","2008-09-09","Alcaldía Xochimilco/Dirección de Servicio Culturales, Recreativo y Deportivos",9,"Ciudad de México",13,"Xochimilco",1,"Xochimilco","Xacatitla 28","Pueblo de Santiago Tepalcatlalpan","16200","55 5489 6148","https://www.facebook.com/Conjunto-cultural-tepalcatlalpan-1501661066820100/","culturatepalcatlalpan@gmail.com",-99.12768,19.24789,"http://sic.gob.mx/ficha.php?table=centro_cultural&table_id=2159","2025-03-31 12:14:44-06"
3490,"PILARES San Lucas Xochimanca","2019-05-26","Gobierno de la Ciudad de México",9,"Ciudad de México",13,"Xochimilco",1,"Xochimilco","Av. Acueducto s/n","Col. San Lucas Xochimanca","16300","55 5134 0770 ext 1806","https://pilares.cdmx.gob.mx/","coord_comunicacion@pilares.cdmx.gob.mx",-99.11427,19.24434,"http://sic.gob.mx/ficha.php?table=centro_cultural&table_id=3490","2024-06-10 17:34:17-06"
3995,"Casa Del Arte De Xochimilco","1984-07-17","Alcaldía Xochimilco",9,"Ciudad de México",13,"Xochimilco",1,"Xochimilco","Morelos 7","Barrio El Rosal ","16070","55 5676 4869","","",-99.10472,19.26346,"http://sic.gob.mx/ficha.php?table=centro_cultural&table_id=3995","2026-06-16 13:48:17-06"
3414,"Casa de Cultura Juan Badiano","2006-01-01","Alcaldía Xochimilco/Dirección de Servicio Culturales, Recreativo y Deportivos",9,"Ciudad de México",13,"Xochimilco",1,"Xochimilco","Av. de las Torres s/n","Col. Ampl. Tepepan, localidad La Noria","16030","55 8936 9151","http://www.xochimilco.cdmx.gob.mx","dirculturalesrecreativosdeportivos@xochimilco.cdmx.gob.mx; dgibs@xochimilco.cdmx.gob.mx",-99.10472,19.26346,"http://sic.gob.mx/ficha.php?table=centro_cultural&table_id=3414","2026-06-12 12:21:55-06"
3715,"PILARES Deportivo Xochimilco","2023-07-09","Gobierno de la Ciudad de México",9,"Ciudad de México",13,"Xochimilco",1,"Xochimilco","Calle Francisco Goitia s/n","Col. Barrio San Pedro","16090","55 5134 0770 ext 1806","https://pilares.cdmx.gob.mx/pilares/1753/deportivo-xochimilco","coord_comunicacion@pilares.cdmx.gob.mx",-99.10673,19.25565,"http://sic.gob.mx/ficha.php?table=centro_cultural&table_id=3715","2025-09-04 16:52:42-06"
3495,"PILARES Santiago Tulyehualco","2019-01-01","Gobierno de la Ciudad de México",9,"Ciudad de México",13,"Xochimilco",118,"Barrio San Antonio (Cruz Monte)","Peatonal Ignacio Zaragoza s/n","Col. Santiago Tulyehualco","16750","55 5134 0770 ext 1806","https://pilares.cdmx.gob.mx/","coord_comunicacion@pilares.cdmx.gob.mx",-99.0115,19.25439,"http://sic.gob.mx/ficha.php?table=centro_cultural&table_id=3495","2025-06-30 18:07:57-06"
3616,"PILARES Ahualapa","2020-01-01","Secretaría de Cultura de la Ciudad de México",9,"Ciudad de México",13,"Xochimilco",139,"Tlacualleli (El Calvario)","Ahualapa s/n","Col. Santa Cruz Acalpixca","16500","55 5134 0770 ext 1806","https://pilares.cdmx.gob.mx/","coord_comunicacion@pilares.cdmx.gob.mx",-99.07008,19.24694,"http://sic.gob.mx/ficha.php?table=centro_cultural&table_id=3616","2025-11-10 18:43:42-06"
3718,"PILARES Vivero Neza","2024-08-18","Gobierno de la Ciudad de México",9,"Ciudad de México",13,"Xochimilco",172,"Paraje de la Ciénega","Canal de Chalco s/n","Ciénega Grande","16001","55 5134 0770 ext 1806","https://pilares.cdmx.gob.mx/","coord_comunicacion@pilares.cdmx.gob.mx",-99.0771,19.29136,"http://sic.gob.mx/ficha.php?table=centro_cultural&table_id=3718","2025-09-05 16:20:28-06"
3716,"PILARES San Andrés Ahuayucan","1000-01-01","Secretaría de Cultura de la Ciudad de México",9,"Ciudad de México",13,"Xochimilco",184,"Atotle","Carr. Xochimilco-San Pablo s/n","Pueblo de San Andrés Ahuayucan","16810","55 5134 0770 ext 1806","https://pilares.cdmx.gob.mx/","coord_comunicacion@pilares.cdmx.gob.mx",-99.10887,19.22438,"http://sic.gob.mx/ficha.php?table=centro_cultural&table_id=3716","2024-06-10 07:54:14-06"
3491,"PILARES Santa Cecilia","2019-07-06","Secretaría de Cultura de la Ciudad de México",9,"Ciudad de México",13,"Xochimilco",207,"Rancho la Flor","Francisco Sarabia s/n","Col. Santa Cecilia Tepetlapa","16880","55 5134 0770 ext 1806","https://pilares.cdmx.gob.mx/","coord_comunicacion@pilares.cdmx.gob.mx",-99.09912,19.21627,"http://sic.gob.mx/ficha.php?table=centro_cultural&table_id=3491","2025-09-01 16:12:53-06"
3487,"PILARES San Gregorio Atlapulco","2019-04-26","Gobierno de la Ciudad de México",9,"Ciudad de México",13,"Xochimilco",243,"Naxayopa","Prol. Agustín Melgar s/n","Col. San Gregorio Atlapulco","16600","55 5134 0770 ext 1806","https://mexicogob.com/escuelas/pilares-atlapulco-escuela-ciudad-de-mexico-ciudad-de-mexico-mexico/","coord_comunicacion@pilares.cdmx.gob.mx",-99.06082,19.25637,"http://sic.gob.mx/ficha.php?table=centro_cultural&table_id=3487","2024-06-12 12:36:43-06"
3617,"PILARES San Juan Tepepan","2021-11-07","Gobierno de la Ciudad de México",9,"Ciudad de México",13,"Xochimilco",263,"San Juan Diego (Matlacuaitla)","Cda. Francisco Villa 6","Col. San Juan Tepepan","16020","","","pilares.sjt@gmail.com",-99.12779,19.27152,"http://sic.gob.mx/ficha.php?table=centro_cultural&table_id=3617","2024-06-12 12:40:57-06"
3522,"PILARES 16 de Septiembre","2019-09-12","Gobierno de la Ciudad de México",9,"Ciudad de México",13,"Xochimilco",265,"Moyocalco","Av. 16 de Septiembre esq. Guadalupe I. Ramírez","Col. Santa María Tepepan","16020","55 5134 0770 ext 1806","https://pilares.cdmx.gob.mx/","coord_comunicacion@pilares.cdmx.gob.mx",-99.13745,19.2809,"http://sic.gob.mx/ficha.php?table=centro_cultural&table_id=3522","2024-06-25 12:16:59-06"
3719,"PILARES Xochitepec","1000-01-01","Secretaría de Cultura de la Ciudad de México",9,"Ciudad de México",13,"Xochimilco",265,"Moyocalco","Comercio 18","Col. Santa Cruz Xochitepec","16100","55 5134 0770 ext 1806","https://pilares.cdmx.gob.mx/","coord_comunicacion@pilares.cdmx.gob.mx",-99.1307,19.25841,"http://sic.gob.mx/ficha.php?table=centro_cultural&table_id=3719","2024-06-11 11:16:08-06"
3649,"PILARES San Lorenzo Atemoaya ","1000-01-01","Secretaría de Cultura de la Ciudad de México",9,"Ciudad de México",13,"Xochimilco",267,"Tizilingo","Miguel Hidalgo 4","Col. San Lorenzo Atemoaya  ","16400","55 5134 0770 ext 1806","https://pilares.cdmx.gob.mx/","coord_comunicacion@pilares.cdmx.gob.mx",-99.10146,19.24447,"http://sic.gob.mx/ficha.php?table=centro_cultural&table_id=3649","2024-06-11 11:24:59-06"
3492,"PILARES Santiago Tepalcatlalpan","2019-05-26","Gobierno de la Ciudad de México",9,"Ciudad de México",13,"Xochimilco",270,"Contlalco","Cda. Las Canteras 1","Col. Santiago Tepalcatlalpan","16200","55 5134 0770 ext 1806","https://pilares.cdmx.gob.mx/","coord_comunicacion@pilares.cdmx.gob.mx",-99.12766,19.24772,"http://sic.gob.mx/ficha.php?table=centro_cultural&table_id=3492","2024-06-25 09:58:14-06"
3545,"PILARES San Luis Tlaxialtemalco","1000-01-01","Gobierno de la Ciudad de México",9,"Ciudad de México",13,"Xochimilco",271,"Tlalmelaca","Acueducto s/n","Col. San Luis Tlaxialtemalco","16610","55 5134 0770 ext 1806","https://pilares.cdmx.gob.mx/pilares/1583/san-luis-tlaxialtemalco","coord_comunicacion@pilares.cdmx.gob.mx",-99.03542,19.25595,"http://sic.gob.mx/ficha.php?table=centro_cultural&table_id=3545","2024-06-20 12:47:31-06"
3615,"PILARES Acuexcomatl","2023-01-01","Gobierno de la Ciudad de México",9,"Ciudad de México",13,"Xochimilco",271,"Tlalmelaca","Av. Año de Juárez 9700","Col. San Luis Tlaxialtemalco","16710","55 5134 0770 ext 1806","https://pilares.cdmx.gob.mx/pilares/1653/acuexcomatl","coord_comunicacion@pilares.cdmx.gob.mx",-99.02814,19.25981,"http://sic.gob.mx/ficha.php?table=centro_cultural&table_id=3615","2025-11-04 16:38:24-06"
1254,"Centro Cultural Cuauhtémoc del INAPAM","1994-08-15","Instituto Nacional de las Personas Adultas Mayores",9,"Ciudad de México",14,"Benito Juárez",1,"Benito Juárez","Av. Cuauhtémoc 956","Col. Narvarte","03020","55 5669 3104","https://www.gob.mx/inapam/acciones-y-programas/centros-culturales-inapam","zzerolod@gmail.com",-99.15791,19.38443,"http://sic.gob.mx/ficha.php?table=centro_cultural&table_id=1254","2021-10-11 05:17:27-05"
1226,"Centro Cultural La Pirámide","2001-10-01","Secretaría de Cultura de la Ciudad de México/Dirección General de Vinculación Cultural Comunitaria",9,"Ciudad de México",14,"Benito Juárez",1,"Benito Juárez","Calle 24 s/n esq. Cda. Pirámide","Col. San Pedro de los Pinos","03800","55 5521 2115","https://www.cultura.cdmx.gob.mx/recintos/archivo-historico/centros-culturales/cclp","ferlapiramidecultura@gmail.com; difusionpira24@gmail.com",-99.18996,19.38578,"http://sic.gob.mx/ficha.php?table=centro_cultural&table_id=1226","2026-08-05 12:47:10-06"
1974,"Centro Vlady","2007-06-21","Universidad Autónoma de la Ciudad de México",9,"Ciudad de México",14,"Benito Juárez",1,"Benito Juárez","Goya 63","Col. Insurgentes Mixcoac","03920","55 5611 7678","https://cultura.uacm.edu.mx/paginas/centro-vlady","centrovlady@gmail.com",-99.18512,19.37344,"http://sic.gob.mx/ficha.php?table=centro_cultural&table_id=1974","2023-05-23 13:02:05-06"
1219,"Casa de Cultura Niños Héroes","1980-03-01","Alcaldía  Benito Juárez/Coordinación de Cultura/Subdirección de Derechos Culturales Recreativos y Educativos",9,"Ciudad de México",14,"Benito Juárez",1,"Benito Juárez","5 de Febrero s/n esq. Eje 5 Sur","Col. Niños Héroes","03610","55 5422 5300 ext. 4488","http://www.delegacionbenitojuarez.gob.mx/nuestra-demarcacion/casas-de-cultura","abj.cultura@gmail.com",-99.14144,19.38409,"http://sic.gob.mx/ficha.php?table=centro_cultural&table_id=1219","2024-06-05 10:23:35-06"
2442,"Centro Cultural Casa Rayuela","2010-06-01","",9,"Ciudad de México",14,"Benito Juárez",1,"Benito Juárez","Av. Tlalpan 790","Col. Villa de Cortés","03520","55 5698 7560","http://casarayuela.wordpress.com","lacasarayuela@gmail.com",-99.1382,19.39112,"http://sic.gob.mx/ficha.php?table=centro_cultural&table_id=2442","2021-09-22 11:03:22-05"
1242,"Polyforum Siqueiros","1971-12-16","Polyforum Siqueiros, A.C.",9,"Ciudad de México",14,"Benito Juárez",1,"Benito Juárez","Insurgentes Sur s/n esq. Filadelfia","Col. Nápoles","03810","55 5536 4520 al 23","https://inba.gob.mx/recinto/49  ","info@polyforumsiqueiros.com ",-99.17347,19.39341,"http://sic.gob.mx/ficha.php?table=centro_cultural&table_id=1242","2025-06-19 11:11:54-06"
1199,"Casa de Cultura Gaby Brimmer","1995-11-13","Alcaldía Benito Juárez",9,"Ciudad de México",14,"Benito Juárez",1,"Benito Juárez","Monte Alegre 32","Col. Portales Ote.","03570","55 5674 2529","","ccgabybrimmerbj@gmail.com; fdelgado88.fd@gmail.com",-99.14051,19.36465,"http://sic.gob.mx/ficha.php?table=centro_cultural&table_id=1199","2023-09-29 10:46:34-06"
3582,"PILARES Carlos Monsiváis","2023-07-08","Gobierno de la Ciudad de México",9,"Ciudad de México",14,"Benito Juárez",1,"Benito Juárez","Eje 7A Sur 52","Col. Portales Sur","03300","55 5134 0770 ext 1806","https://gobierno.cdmx.gob.mx/noticias/renombramos-carlos-monsivais-a-pilares-portales/","coord_comunicacion@pilares.cdmx.gob.mx",-99.14282,19.3642,"http://sic.gob.mx/ficha.php?table=centro_cultural&table_id=3582","2025-06-17 17:01:09-06"
1206,"Casa de Cultura Alicia Santillana de Guajardo","1986-11-04","Alcaldía  Benito Juárez/Coordinación de Cultura/Subdirección de Derechos Culturales Recreativos y Educativos",9,"Ciudad de México",14,"Benito Juárez",1,"Benito Juárez","Niños Héroes 53","Col. Josefa Ortiz de Domínguez","03440","55 5579 5983","http://www.delegacionbenitojuarez.gob.mx/nuestra-demarcacion/casas-de-cultura","derechosculturalesbj@gmail.com",-99.14105,19.38691,"http://sic.gob.mx/ficha.php?table=centro_cultural&table_id=1206","2024-06-05 10:22:56-06"
3590,"Centro de Desarrollo Social 8 de Agosto","1000-01-01","Alcaldía  Benito Juárez/Coordinación de Cultura/Subdirección de Derechos Culturales Recreativos y Educativos",9,"Ciudad de México",14,"Benito Juárez",1,"Benito Juárez","Cda. Becerra s/n esq. 11 de Abril","Col. 8 de Agosto","03820","55 5134 0770 ext 1806","https://pilares.cdmx.gob.mx/","coord_comunicacion@pilares.cdmx.gob.mx",-99.18794,19.39484,"http://sic.gob.mx/ficha.php?table=centro_cultural&table_id=3590","2024-06-05 10:22:28-06"
2661,"Centro Cultural Roberto Cantoral","2012-06-07","Sociedad de Autores y Compositores de México (SACM)",9,"Ciudad de México",14,"Benito Juárez",1,"Benito Juárez","Puente de Xoco puerta A","Col. Xoco","03330","55 5688 2476","http://elcantoral.com/","info@elcantoral.com",-99.1665,19.3618,"http://sic.gob.mx/ficha.php?table=centro_cultural&table_id=2661","2025-06-17 13:04:42-06"
1248,"Casa de Cultura Letrán Valle","1979-09-01","Alcaldía Benito Juárez",9,"Ciudad de México",14,"Benito Juárez",1,"Benito Juárez","Matías Romero 280-Bis","Col. Letrán Valle","03650","","https://alcaldiabenitojuarez.gob.mx/casas-de-cultura/","ccult.letranvalle@gmail.com",-99.15243,19.3783,"http://sic.gob.mx/ficha.php?table=centro_cultural&table_id=1248","2023-03-29 06:47:15-06"
1185,"Centro Cultural Nativitas","2003-09-03","Alcaldía  Benito Juárez/Coordinación de Cultura/Subdirección de Derechos Culturales Recreativos y Educativos",9,"Ciudad de México",14,"Benito Juárez",1,"Benito Juárez","Emma 146 entre Lago y Don Luis","Col. Nativitas","03510","55 5579 1901","https://alcaldiabenitojuarez.gob.mx/casas-de-cultura/","centroculturalnativitas@yahoo.com.mx; abj.ultura@gmail.com",-99.13713,19.37897,"http://sic.gob.mx/ficha.php?table=centro_cultural&table_id=1185","2025-08-11 12:00:46-06"
3825,"Centro Cultural El Hormiguero","2018-01-01","",9,"Ciudad de México",14,"Benito Juárez",1,"Benito Juárez","Gabriel Mancera 1539","Col. Del Valle","03100","55 5131 5753","https://www.elhormiguero.mx/","elhormiguerocdmx@gmail.com",-99.1684,19.37011,"http://sic.gob.mx/ficha.php?table=centro_cultural&table_id=3825","2026-08-04 11:34:18-06"
1243,"Centro Cultural San Francisco del INAPAM","1994-05-02","Instituto Nacional de las Personas Adultas Mayores",9,"Ciudad de México",14,"Benito Juárez",1,"Benito Juárez","Av. San Francisco 1809","Col. del Valle Actipan","03100","55 5534 9597","https://www.gob.mx/inapam/acciones-y-programas/centros-culturales-inapam","",-99.1769,19.368,"http://sic.gob.mx/ficha.php?table=centro_cultural&table_id=1243","2023-09-25 13:01:48-06"
3338,"Acroyoga, Pan y Circo","1000-01-01","",9,"Ciudad de México",14,"Benito Juárez",1,"Benito Juárez","Correspondencia 124","Col. Postal","03410"," 56 1342 3357","","carlosyoltic@gmail.com",-99.1433,19.39237,"http://sic.gob.mx/ficha.php?table=centro_cultural&table_id=3338","2021-06-15 07:21:35-05"
3329,"La Calaca Espacio Cultural","2014-01-01","",9,"Ciudad de México",14,"Benito Juárez",1,"Benito Juárez","Calle 21 núm. 69","Col. San Pedro de los Pinos","03800","55 2677 7142","https://lacalacacultural.wordpress.com/?fbclid=IwAR3JBegjreoUi2KcRi69cdGLk04fUOUpaLrJWHv1tiqbmQsb8yS7UL8Wue4","lacalaca.mex@gmail.com",-99.15778,19.37199,"http://sic.gob.mx/ficha.php?table=centro_cultural&table_id=3329","2025-10-09 17:16:43-06"
2468,"Centros Culturales Miguel Alemán del ISSSTE","1988-09-01","Instituto de Seguridad y Servicios Sociales de los Trabajadores del Estado (ISSSTE)",9,"Ciudad de México",14,"Benito Juárez",1,"Benito Juárez","Av. Coyoacán 1435 esq. Félix Cuevas","Col. Del Valle","03100","55 5524 5215","http://www.issste.gob.mx","joselmejia@issste.gob.mx; atencionciudadana@issste.gob.mx",-99.17152,19.37075,"http://sic.gob.mx/ficha.php?table=centro_cultural&table_id=2468","2025-05-19 09:03:29-06"
1196,"Casa de Cultura Emilio Carballido","1987-05-21","Alcaldía  Benito Juárez/Coordinación de Cultura/Subdirección de Derechos Culturales Recreativos y Educativos",9,"Ciudad de México",14,"Benito Juárez",1,"Benito Juárez","Mier y Pesado 139","Col. Del Valle","03100","55 5422 5300 et. 4488","https://alcaldiabenitojuarez.gob.mx/casas-de-cultura/","abj.cultura@gmail.com",-99.1647,19.39692,"http://sic.gob.mx/ficha.php?table=centro_cultural&table_id=1196","2024-06-05 10:23:01-06"
2465,"Centro Cultural Coyoacán, Centro de Recreación Infantil del ISSSTE","1000-01-01","Instituto de Seguridad y Servicios Sociales de los Trabajadores del Estado (ISSSTE)",9,"Ciudad de México",14,"Benito Juárez",1,"Benito Juárez","Av. Coyoacán 521","Del Valle","03100","55 5543 5812","http://www.issste.gob.mx","culturalcoyoacan@issste.gob.mx; centroculturalcoyoacan@outlook.es; lorena.el7@gmail.com",-99.16649,19.39032,"http://sic.gob.mx/ficha.php?table=centro_cultural&table_id=2465","2024-06-03 12:20:29-06"
2204,"Instituto Guimarães Rosa-México ","1960-01-01","Embajada de Brasil en México",9,"Ciudad de México",14,"Benito Juárez",1,"Benito Juárez","Santa Rosalía 205","Col. Insurgentes San Borja","03100","55 5553 3183 ext. 2","https://www.gov.br/mre/pt-br/embaixada-mexico/instituto-guimaraes-rosa-mexico-folder","igr.mexico@itamaraty.gov.br",-99.17539,19.38223,"http://sic.gob.mx/ficha.php?table=centro_cultural&table_id=2204","2025-08-28 12:11:13-06"
3879,"Centro Cultural Ucraniano-Mexicano A.C.","1000-01-01","Embajada de Ucrania en México",9,"Ciudad de México",14,"Benito Juárez",1,"Benito Juárez","Luz Saviñon 832","Del Valle","","55 7481 7934","","centroculturalucranianomexican@gmail.com",-99.16309,19.39202,"http://sic.gob.mx/ficha.php?table=centro_cultural&table_id=3879","2025-06-30 14:11:09-06"
3657,"PILARES Deportivo Arnaíz","1000-01-01","Gobierno de la Ciudad de México",9,"Ciudad de México",14,"Benito Juárez",1,"Benito Juárez","","","","55 5134 0770 ext 1806","https://pilares.cdmx.gob.mx/","coord_comunicacion@pilares.cdmx.gob.mx",-99.18749,19.38366,"http://sic.gob.mx/ficha.php?table=centro_cultural&table_id=3657","2024-06-26 13:09:04-06"
1195,"Casa de la Cultura Álamos Postal","1979-09-01","Alcaldía Benito Juárez",9,"Ciudad de México",14,"Benito Juárez",1,"Benito Juárez","Isabel La Católica  806","Álamos","03400","555 422 55 77","https://alcaldiabenitojuarez.gob.mx/casas-de-cultura/","ccalamospostal@gmail.com",-99.14239,19.39358,"http://sic.gob.mx/ficha.php?table=centro_cultural&table_id=1195","2026-07-13 14:13:32-06"
1232,"Radio UNAM","1976-10-11","Universidad Nacional Autónoma de México",9,"Ciudad de México",14,"Benito Juárez",1,"Benito Juárez","Adolfo Prieto 133","Col. del Valle","03100","55 5523 4640","http://www.radiounam.unam.mx/","radio@unam.mx",-99.16589,19.39892,"http://sic.gob.mx/ficha.php?table=centro_cultural&table_id=1232","2024-10-04 14:37:25-06"
3516,"PILARES Municipio Libre","2019-08-31","Gobierno de la Ciudad de México",9,"Ciudad de México",14,"Benito Juárez",1,"Benito Juárez","Municipio Libre y Calz. de Tlalpan s/n","Portales Norte","","55 5134 0770 ext 1806","https://pilares.cdmx.gob.mx/pilares/1554/municipio-libre","pilaresmunicipiolibre@cdmx.gob.mx",-99.14144,19.36807,"http://sic.gob.mx/ficha.php?table=centro_cultural&table_id=3516","2025-08-25 17:02:40-06"
1245,"Centro Cultural Aragón (INAPAM)","2000-09-10","Secretaría de Desarrollo Social/Instituto Nacional de las Personas Adultas Mayores",9,"Ciudad de México",14,"Benito Juárez",1,"Benito Juárez","Aragón 224","Col. Álamos","03000","55 9180 1794 ","https://www.gob.mx/inapam/acciones-y-programas/centros-culturales-inapam","cc.aragon@inapam.gob.mx; contacto@inapam.gob.mx ",-99.13876,19.39514,"http://sic.gob.mx/ficha.php?table=centro_cultural&table_id=1245","2026-09-07 13:27:18-06"
1207,"Casa de Cultura Zacahuitzco","1980-03-01","Alcaldía Benito Juárez",9,"Ciudad de México",14,"Benito Juárez",1,"Benito Juárez","Valdivia  87","Col. Zacahuitzco","03550","55 2065 1616","","c.c.zacahuitzco@gmail.com",-99.1369,19.37353,"http://sic.gob.mx/ficha.php?table=centro_cultural&table_id=1207","2025-06-06 12:26:22-06"
1221,"Casa de la Cultura Iztaccíhuatl","1992-05-21","Alcaldía Benito Juárez/Coordinación de Cultura/Subdirección de Derechos Culturales Recreativos y Educativos",9,"Ciudad de México",14,"Benito Juárez",1,"Benito Juárez","Martín Luis Guzmán 241","Col. Iztaccíhuatl","03500","55 5422 5300 ext. 4488","https://alcaldiabenitojuarez.gob.mx/casas-de-cultura/","abj.cultura@gmail.com",-99.13465,19.38991,"http://sic.gob.mx/ficha.php?table=centro_cultural&table_id=1221","2026-05-12 12:25:59-06"
1222,"Centro Cultural Juan Rulfo","1975-01-01","Alcaldía Benito Juárez",9,"Ciudad de México",14,"Benito Juárez",1,"Benito Juárez","Campana 59","Col. Insurgentes Mixcoac","03920","55 5615 5763","","ccjuanrulfo@gmail.com",-99.18452,19.37201,"http://sic.gob.mx/ficha.php?table=centro_cultural&table_id=1222","2022-08-02 02:50:53-05"
1220,"Casa de Cultura Moderna","1988-11-29","Alcaldía Benito Juárez",9,"Ciudad de México",14,"Benito Juárez",1,"Benito Juárez","Juana de Arco s/n esq. Av. de las Américas","Col. Moderna","03510","(55) 5579 1901","http://www.delegacionbenitojuarez.gob.mx/nuestra-demarcacion/casas-de-cultura","",-99.13448,19.39464,"http://sic.gob.mx/ficha.php?table=centro_cultural&table_id=1220","2019-11-27 02:59:15-06"
1181,"Casa de Cultura del Periodista","1978-11-29","Alcaldía Benito Juárez",9,"Ciudad de México",14,"Benito Juárez",1,"Benito Juárez","Lázaro Cárdenas 912","Col. 2da. del Periodista","03620","(55) 5674 2533","http://www.delegacionbenitojuarez.gob.mx/nuestra-demarcacion/casas-de-cultura","",-99.14753,19.38252,"http://sic.gob.mx/ficha.php?table=centro_cultural&table_id=1181","2019-11-27 02:59:50-06"
1211,"Centro Cultural Del Valle Sur","1994-11-01","Alcaldía Benito Juárez",9,"Ciudad de México",14,"Benito Juárez",1,"Benito Juárez","Roberto Gayol s/n esq. Cda. de Coyoacán","Col. del Valle","03100","","http://www.delegacionbenitojuarez.gob.mx/conoce-bj/casas-de-cultura","els.sal.gar@gmail.com",-99.17101,19.37499,"http://sic.gob.mx/ficha.php?table=centro_cultural&table_id=1211","2022-01-14 07:08:20-06"
2862,"Cine Tonalá","2012-05-25","",9,"Ciudad de México",15,"Cuauhtémoc",1,"Cuauhtémoc","Tonalá 261 ","Col. Roma Sur","06760","55 5264 4101","http://www.cinetonala.com","bruno@cinetonala.com",-99.16057,19.40885,"http://sic.gob.mx/ficha.php?table=centro_cultural&table_id=2862","2020-05-26 13:47:45-05"
3940,"Casa Ribera ","2019-12-18","",9,"Ciudad de México",15,"Cuauhtémoc",1,"Cuauhtémoc","Salvador Díaz Mirón 128","Col. Santa María la Rivera","06400","55 8662 1017","","casariberamx@gmail.com",-99.15843,19.44915,"http://sic.gob.mx/ficha.php?table=centro_cultural&table_id=3940","2025-09-30 19:26:43-06"
1433,"Casino Español de México","1903-01-01","Casino Español de México, A.C.",9,"Ciudad de México",15,"Cuauhtémoc",1,"Cuauhtémoc","Isabel la Católica 29","Centro Histórico","06000","(55)  5510 1065","http://www.casinoespanoldemexico.com","cultura@casinoespanoldemexico.com",-99.13646,19.43301,"http://sic.gob.mx/ficha.php?table=centro_cultural&table_id=1433","2025-01-28 12:52:03-06"
3063,"Capilla Alfonsina","1972-06-13","Secretaría de Cultura/INBAL",9,"Ciudad de México",15,"Cuauhtémoc",1,"Cuauhtémoc","Gral. Benjamín Hill 122","Col. Hipódromo Condesa","06170","55 8647 5410","capillaalfonsina.bellasartes.gob.mx","ca.direccion@inba.gob.mx; emejia@inba.gob.mx",-99.17853,19.40806,"http://sic.gob.mx/ficha.php?table=centro_cultural&table_id=3063","2025-07-28 14:24:09-06"
3072,"Squash 73","2016-01-01","",9,"Ciudad de México",15,"Cuauhtémoc",1,"Cuauhtémoc","Antonio Caso 147","Col. SAn Rafael","06470","(55) 8434 3659","","info@squash73.mx",-99.16488,19.43545,"http://sic.gob.mx/ficha.php?table=centro_cultural&table_id=3072","2025-06-09 17:29:14-06"
1432,"Casa de Cultura Alfonso Reyes","1988-04-01","Alcaldía Cuauhtémoc/Subdirección de Artes y Oficios",9,"Ciudad de México",15,"Cuauhtémoc",1,"Cuauhtémoc","Roa Bárcenas 251 esq. Ramón Fabié","Col. Vista Alegre","06800","55 4335 8110","https://alcaldiacuauhtemoc.mx/descubre/casa-de-cultura-alfonso-reyes/","casadeculturaalfonsoreyes@gmail.com",-99.13184,19.41079,"http://sic.gob.mx/ficha.php?table=centro_cultural&table_id=1432","2020-04-27 11:55:41-05"
3093,"Centro Cultural Manzanares 25","2018-12-03","Fideicomiso Centro Histórico de la Ciudad de México",9,"Ciudad de México",15,"Cuauhtémoc",1,"Cuauhtémoc","Manzanares 25","Centro Histórico","06000","55 5709 8005 ext. 110","https://www.centrohistorico.cdmx.gob.mx","proyectosespecialesfch@gmail.com",-99.12573,19.42981,"http://sic.gob.mx/ficha.php?table=centro_cultural&table_id=3093","2025-05-27 14:42:55-06"
1091,"Centro Cultural Museo Universitario del Chopo","1975-11-25","UNAM",9,"Ciudad de México",15,"Cuauhtémoc",1,"Cuauhtémoc","Dr. Enrique González Martínez 10","Col. Santa María la Ribera","06400","(55) 5546 5484","http://www.chopo.unam.mx","chopo@unam.mx",-99.1566,19.44188,"http://sic.gob.mx/ficha.php?table=centro_cultural&table_id=1091","2020-04-21 04:23:15-05"
3496,"PILARES Zona Rosa","2019-01-01","Secretaría de Cultura de la Ciudad de México",9,"Ciudad de México",15,"Cuauhtémoc",1,"Cuauhtémoc","Londres 154","Col. Juárez","06600","55 5134 0770 ext 1806","https://pilares.cdmx.gob.mx/","coord_comunicacion@pilares.cdmx.gob.mx",-99.16549,19.42438,"http://sic.gob.mx/ficha.php?table=centro_cultural&table_id=3496","2025-11-14 19:06:43-06"
3278,"Casa de Escritores en Lenguas Indígenas ELIAC","2019-10-10","Escritores en Lenguas Indígenas A.C. ",9,"Ciudad de México",15,"Cuauhtémoc",1,"Cuauhtémoc","Calle de Mina 150","Col. Guerrero","06300","55 3658 4304","","",-99.14854,19.4396,"http://sic.gob.mx/ficha.php?table=centro_cultural&table_id=3278","2024-11-20 13:45:48-06"
1460,"Centro Cultural Casa de Francia","1998-11-12","Instituto Francés de América Latina",9,"Ciudad de México",15,"Cuauhtémoc",1,"Cuauhtémoc","Havre 15","Col. Juárez","06600","55 5511 3151","https://ifal.mx/","contacto@casadefranciadigital.org.mx",-99.16223,19.42835,"http://sic.gob.mx/ficha.php?table=centro_cultural&table_id=1460","2025-01-29 14:04:57-06"
1679,"Centro Cultural Casa de la Primera Imprenta de América","1993-11-23","UAM/Coordinación General de Difusión",9,"Ciudad de México",15,"Cuauhtémoc",1,"Cuauhtémoc","Lic. Primo Verdad 10 esq. Moneda","Centro ","06060","55 5522 1535","http://www.uam.mx/_serv_comunidad/centros_culturales.html","casapimprenta@correo.uam.mx",-99.13078,19.43358,"http://sic.gob.mx/ficha.php?table=centro_cultural&table_id=1679","2024-10-03 12:04:42-06"
2130,"Centro Cultural Border","2006-10-10","Border Brother, S. de R.L. de C.V.",9,"Ciudad de México",15,"Cuauhtémoc",1,"Cuauhtémoc","Zacatecas 43","Col. Roma","06700","55 5584 7557 ","http://www.border.com.mx","eugenio@border.com.mx; info@border.com.mx",-99.15645,19.41735,"http://sic.gob.mx/ficha.php?table=centro_cultural&table_id=2130","2023-10-31 08:53:27-06"
3824,"Multiforo Alicia","1995-12-01","",9,"Ciudad de México",15,"Cuauhtémoc",1,"Cuauhtémoc","Eligio Ancona 145","Col. Santa María la Ribera","06400","","https://multiforoalicia.com.mx/","foroalici@hotmail.com; multiforoalicia@gmail.com",-99.1577,19.45278,"http://sic.gob.mx/ficha.php?table=centro_cultural&table_id=3824","2025-07-29 13:21:14-06"
3863,"Tonal: foro de expresión y música","1000-01-01","",9,"Ciudad de México",15,"Cuauhtémoc",1,"Cuauhtémoc","Álvaro Obregón 160","Roma Norte ","06700","55 7413 7420","https://www.tonaltonal.com/","",-99.15167,19.44165,"http://sic.gob.mx/ficha.php?table=centro_cultural&table_id=3863","2025-03-11 14:40:23-06"
3983,"Centro Cultural Arte Obrera ARO","2017-01-01","",9,"Ciudad de México",15,"Cuauhtémoc",1,"Cuauhtémoc","Av. Isabel la Católica 233","Col. Obrera"," 06800","55 2771 6292",""," centrodeartes.aro@gmail.com; gomezlucila86@gmail.com",-99.13821,19.42001,"http://sic.gob.mx/ficha.php?table=centro_cultural&table_id=3983","2026-04-06 18:43:52-06"
1504,"Casa de Cultura  Profr. Jesús Romero Flores","1981-10-16","Alcaldía Cuauhtémoc/Subdirección de Artes y Oficios",9,"Ciudad de México",15,"Cuauhtémoc",1,"Cuauhtémoc","Culiacán 103 esq. Tehuantepec","Col. Hipódromo","06100","55 4335.8130","https://historico.alcaldiacuauhtemoc.mx/casas-de-cultura/","",-99.17045,19.40364,"http://sic.gob.mx/ficha.php?table=centro_cultural&table_id=1504","2025-08-27 12:19:02-06"
2464,"Centro Cultural Adolfo López Mateos del ISSSTE","1991-04-01","ISSSTE",9,"Ciudad de México",15,"Cuauhtémoc",1,"Cuauhtémoc","Eje Central Lázaro Cárdenas 402","Col. Tlatelolco","06900","55 5782 2207","http://www.issste.gob.mx","hdiaz@issste.gob.mx",-99.13876,19.44964,"http://sic.gob.mx/ficha.php?table=centro_cultural&table_id=2464","2020-05-14 06:34:05-05"
3594,"PILARES Parque Abasolo ","1000-01-01","Secretaría de Cultura de la Ciudad de México",9,"Ciudad de México",15,"Cuauhtémoc",1,"Cuauhtémoc","Eje 1 poniente Guerrero 222","Col. Buenavista ","06350","55 5134 0770 ext 1806","https://pilares.cdmx.gob.mx/","coord_comunicacion@pilares.cdmx.gob.mx",-99.14705,19.4492,"http://sic.gob.mx/ficha.php?table=centro_cultural&table_id=3594","2024-06-11 10:49:48-06"
3108,"Cultubar Hostería La Bota","2005-10-06","",9,"Ciudad de México",15,"Cuauhtémoc",1,"Cuauhtémoc","San Jerónimo 40","Centro Histórico","06050","55 5709 9016","https://hosterialabota.blogspot.com/?fbclid=IwY2xjawI9cJ5leHRuA2FlbQIxMAABHf4hgRptVMQY4WUCQGye5UpimQQ5peuXq32C3XnFpPDoV1liByzA3TzDhQ_aem_-sBHKXjp3OnoCLJaLMWK3Q","hosterialabota@gmail.com",-99.15167,19.44165,"http://sic.gob.mx/ficha.php?table=centro_cultural&table_id=3108","2025-03-11 13:57:46-06"
3044,"Casa Rivas Mercado","2017-05-10","Fundación Rivas Mercado/Secretaría de Cultura de la Ciudad de México",9,"Ciudad de México",15,"Cuauhtémoc",1,"Cuauhtémoc","Héroes 53","Col. Guerrero","06300","55 2591 6666","https://casarivasmercado.com/","visitas@casarivasmercado.com",-99.14671,19.44097,"http://sic.gob.mx/ficha.php?table=centro_cultural&table_id=3044","2024-11-19 13:11:09-06"
1343,"Instituto Cultural México Israel","1993-10-19","Instituto Cultural México Israel, A.C.",9,"Ciudad de México",15,"Cuauhtémoc",1,"Cuauhtémoc","Rep. de El Salvador 41","Centro Histórico","06030","55 5709 8812","http://www.mexico-israel.org/","contacto@mexico-israel.org",-99.13834,19.42979,"http://sic.gob.mx/ficha.php?table=centro_cultural&table_id=1343","2024-12-02 14:18:15-06"
3595,"PILARES Nezahualcóyotl (SEPI)","1000-01-01","Gobierno de la Ciudad de México",9,"Ciudad de México",15,"Cuauhtémoc",1,"Cuauhtémoc","Nezahualcóyotl 29","Col. Centro","06080","55 5134 0770 ext 1806","https://pilares.cdmx.gob.mx/pilares/1633/sepi","coord_comunicacion@pilares.cdmx.gob.mx",-99.14099,19.42557,"http://sic.gob.mx/ficha.php?table=centro_cultural&table_id=3595","2024-06-18 17:34:28-06"
3475,"PILARES Frida Kahlo","2019-03-01","Gobierno de la Ciudad de México",9,"Ciudad de México",15,"Cuauhtémoc",1,"Cuauhtémoc","Eje Central Lázaro Cárdenas s/n esquina, Juan A. Mateos","Col. Obrera","06800","55 5134 0770 ext 1806","https://pilares.cdmx.gob.mx/","coord_comunicacion@pilares.cdmx.gob.mx",-99.144,19.4106,"http://sic.gob.mx/ficha.php?table=centro_cultural&table_id=3475","2025-10-15 15:38:26-06"
1423,"Casa de Cultura Santa María la Ribera","1994-11-14","Alcaldía Cuauhtémoc",9,"Ciudad de México",15,"Cuauhtémoc",1,"Cuauhtémoc","Jaime Torres Bodet 160","Col. Santa María de la Ribera","06400","55 4335 8200","https://historico.alcaldiacuauhtemoc.mx/nope/casa-de-cultura-santa-maria-la-ribera/","",-99.15559,19.45141,"http://sic.gob.mx/ficha.php?table=centro_cultural&table_id=1423","2025-09-30 15:04:54-06"
1465,"Centro Cultural Casa del Poeta","1991-11-28","Fundación Casa del Poeta, I. A. P.",9,"Ciudad de México",15,"Cuauhtémoc",1,"Cuauhtémoc","Av. Álvaro Obregón  73","Col. Roma","06700","55 5533 5456","http://www.casadelpoeta.iap.org.mx/","casadelpoeta@prodigy.net.mx",-99.15809,19.41887,"http://sic.gob.mx/ficha.php?table=centro_cultural&table_id=1465","2020-05-05 05:55:07-05"
3862,"A la voz Casa de Arte","2025-02-08","",9,"Ciudad de México",15,"Cuauhtémoc",1,"Cuauhtémoc","Av. Baja California 352","Col. Hipódromo Condesa","06100","55 1590 7972","","alavozinfo@gmail.com",-99.17532,19.40572,"http://sic.gob.mx/ficha.php?table=centro_cultural&table_id=3862","2025-08-12 14:43:25-06"
3052,"Obrera Centro","2017-01-01","",9,"Ciudad de México",15,"Cuauhtémoc",1,"Cuauhtémoc","Isabel La Catolica 144","Col. Obrera","06080","55 5709 3735","","obreracentro@gmail.com ",-99.13708,19.41671,"http://sic.gob.mx/ficha.php?table=centro_cultural&table_id=3052","2025-11-14 19:24:14-06"
1414,"Centro Cultural Ateneo Español de México","1949-01-04","Ateneo Español de México, A.C.",9,"Ciudad de México",15,"Cuauhtémoc",1,"Cuauhtémoc","Hamburgo 6 esq. Berlín","Col. Juárez","06600","55 5709 00 27","http://www.ateneoesmex.com","info@ateneoesmex.com",-99.15817,19.42921,"http://sic.gob.mx/ficha.php?table=centro_cultural&table_id=1414","2025-11-06 14:31:04-06"
1981,"Centro Cultural Bella Época","2006-04-26","Fondo de Cultura Económica",9,"Ciudad de México",15,"Cuauhtémoc",1,"Cuauhtémoc","Tamaulipas 202 esq. Benjamín Hill","Col. Hipódromo Condesa","06170","(55) 5376 7110 ext. 2613","https://www.facebook.com/CentroCulturalBellaEpoca/","eventos.bellaepoca@fondodeculturaeconomica.com",-99.17749,19.40749,"http://sic.gob.mx/ficha.php?table=centro_cultural&table_id=1981","2017-10-09 13:41:55-05"
3105,"Casa de la Cultura Postal","2019-11-12","Servicio Postal Mexicano ",9,"Ciudad de México",15,"Cuauhtémoc",1,"Cuauhtémoc","Calle Valentín Gómez Farías 58 A","Col. San Rafael","06470","55 1336 1466","https://www.casadelaculturapostal.com.mx/","casaculturapostal@gmail.com",-99.15167,19.44165,"http://sic.gob.mx/ficha.php?table=centro_cultural&table_id=3105","2025-07-18 17:34:49-06"
3593,"PILARES Benito Juárez y el Liberalismo Mexicano","2021-01-01","Gobierno de la Ciudad de México",9,"Ciudad de México",15,"Cuauhtémoc",1,"Cuauhtémoc","Eje 2 poniente Monterrey 206","Roma Norte","06700","55 5134 0770 ext. 1806","https://pilares.cdmx.gob.mx/","coord_comunicacion@pilares.cdmx.gob.mx",-99.16279,19.41281,"http://sic.gob.mx/ficha.php?table=centro_cultural&table_id=3593","2026-01-15 13:15:26-06"
3118,"Casa Nuestra Xicoténcatl","2019-04-10","Senado de la República",9,"Ciudad de México",15,"Cuauhtémoc",1,"Cuauhtémoc","Xicoténcatl 9","Centro","06018","55 5130 2200","","",-99.13945,19.43693,"http://sic.gob.mx/ficha.php?table=centro_cultural&table_id=3118","2020-04-23 13:50:53-05"
3533,"PILARES Río Tiber","1000-01-01","Gobierno de la Ciudad de México",9,"Ciudad de México",15,"Cuauhtémoc",1,"Cuauhtémoc","Circuito interior Melchor Ocampo y Río Tiber s/n","Cuauhtémoc","06500","55 5134 0770 ext 1806","https://pilares.cdmx.gob.mx/","coord_comunicacion@pilares.cdmx.gob.mx",-99.17061,19.43275,"http://sic.gob.mx/ficha.php?table=centro_cultural&table_id=3533","2025-08-27 12:21:45-06"
2141,"Casa de Cultura San Rafael","1991-01-01","Alcaldía Cuauhtémoc/Subdirección de Artes y Oficios",9,"Ciudad de México",15,"Cuauhtémoc",1,"Cuauhtémoc","José Rosas Moreno 110","Col. San Rafael","06500","55 5705 22 19","https://historico.alcaldiacuauhtemoc.mx/nope/casa-de-cultura-san-rafael/","casadeculturasanrafael@gmail.com",-99.16164,19.43746,"http://sic.gob.mx/ficha.php?table=centro_cultural&table_id=2141","2024-07-09 09:40:46-06"
3412,"Centro Cultural Laguna","2019-01-01","",9,"Ciudad de México",15,"Cuauhtémoc",1,"Cuauhtémoc","Dr. Lucio 181","Col. Doctores","06720","","https://lagunamexico.com/","hola@lagunamexico.com",-99.15262,19.4182,"http://sic.gob.mx/ficha.php?table=centro_cultural&table_id=3412","2024-08-26 15:05:15-06"
1422,"Centro Cultural José Martí","1976-05-27","Secretaría de Cultura de la Ciudad de México/Dirección General de Vinculación Cultural Comunitaria",9,"Ciudad de México",15,"Cuauhtémoc",1,"Cuauhtémoc","Dr. Mora  1 ","Centro","06050","55 1719 3000 ext. 2102","http://www.cultura.cdmx.gob.mx/recintos/archivo-historico/centros-culturales/ccjm","ccjosemarti@cdmx.gob.mx",-99.14641,19.4368,"http://sic.gob.mx/ficha.php?table=centro_cultural&table_id=1422","2026-08-05 12:04:03-06"
3555,"PILARES Chabacano","2020-01-29","Gobierno de la Ciudad de México",9,"Ciudad de México",15,"Cuauhtémoc",1,"Cuauhtémoc","San Antonio Abad 45","Col. Obrera","06800","55 5134 0770 ext 1806","https://pilares.cdmx.gob.mx/","coord_comunicacion@pilares.cdmx.gob.mx",-99.13611,19.40791,"http://sic.gob.mx/ficha.php?table=centro_cultural&table_id=3555","2025-07-21 18:51:03-06"
1451,"Unidad Cultural y Recreativa Profr. Ismael Rodríguez y Aragón","1991-12-31","Síndicato Nacional de Trabajadores del Seguro Social",9,"Ciudad de México",15,"Cuauhtémoc",1,"Cuauhtémoc","Sonora 13","Col. Roma","06700","55 5286 1059",""," gonzalezgar_1323@hotmail.com",-99.17384,19.42058,"http://sic.gob.mx/ficha.php?table=centro_cultural&table_id=1451","2024-12-06 13:35:45-06"
1505,"Buzón del Arte","2008-01-01","",9,"Ciudad de México",15,"Cuauhtémoc",1,"Cuauhtémoc","Cjón. Romita 8","Col. Roma ","06700","(55) 2554 5599","http://buzondearte.tripod.com/index.html","buzondearte@gmail.com",-99.15464,19.42339,"http://sic.gob.mx/ficha.php?table=centro_cultural&table_id=1505","2020-04-21 16:32:09-05"
1092,"Palacio de Minería","1979-01-01","UNAM/Facultad de Ingeniería",9,"Ciudad de México",15,"Cuauhtémoc",1,"Cuauhtémoc","Tacuba 5","Centro Histórico","06000","55 5623 2997","http://www.palaciomineria.unam.mx/","teresa.martinez@mineria.unam.mx",-99.13952,19.4359,"http://sic.gob.mx/ficha.php?table=centro_cultural&table_id=1092","2024-12-03 13:49:52-06"
1680,"Casa Refugio Citlaltépetl","1999-09-01","Secretaría de Cultura de la Ciudad de México/Coordinación Interinstitucional",9,"Ciudad de México",15,"Cuauhtémoc",1,"Cuauhtémoc","Citlaltépetl 25","Hipódromo Condesa","06170","(55) 5919 1463","","casarefugiodelamemoria@gmail.com",-99.17165,19.40917,"http://sic.gob.mx/ficha.php?table=centro_cultural&table_id=1680","2026-02-09 19:14:24-06"
1983,"Centro Cultural Universitario Tlatelolco (CCUT)","2007-10-22","UNAM/Coordinación de Difusión Cultural, Alcaldía Cuauhtémoc",9,"Ciudad de México",15,"Cuauhtémoc",1,"Cuauhtémoc","Ricardo Flores Magón s/n","Col. Nonoalco Tlatelolco","06900","55 5117 2818 ext. 49687","https://tlatelolco.unam.mx/","educacion.ccut@gmail.com",-99.13674,19.44986,"http://sic.gob.mx/ficha.php?table=centro_cultural&table_id=1983","2025-03-04 11:06:34-06"
1352,"Isidora Cyber Café y Arte, (antes Centro Cultural El Tecolote)","1983-12-31","Asociación Civil",9,"Ciudad de México",15,"Cuauhtémoc",1,"Cuauhtémoc","Sulivan 39, locales C y D","Col. San Rafael","06470","55 5574 9079, 55 5566 7587","","tecocafe07@gmail.com, lc310150@gmail.com",-99.16114,19.43349,"http://sic.gob.mx/ficha.php?table=centro_cultural&table_id=1352","2025-12-01 13:38:21-06"
3779,"Taller de Producción El Nidal ","1000-01-01","",9,"Ciudad de México",15,"Cuauhtémoc",1,"Cuauhtémoc","Nogal 275","Col. Santa María la Ribera","06400","55 3743 8610 ","","",-99.16294,19.4545,"http://sic.gob.mx/ficha.php?table=centro_cultural&table_id=3779","2024-12-03 17:57:10-06"
3579,"PILARES Rockdrigo González","1000-01-01","Secretaría de Cultura de la Ciudad de México",9,"Ciudad de México",15,"Cuauhtémoc",1,"Cuauhtémoc","Republica de Perú 88 ","Centro","06010","55 5134 0770 ext 1806","https://pilares.cdmx.gob.mx/","coord_comunicacion@pilares.cdmx.gob.mx",-99.13429,19.43986,"http://sic.gob.mx/ficha.php?table=centro_cultural&table_id=3579","2025-12-09 10:33:13-06"
3298,"Foro Cultural Goya","2012-05-03","",9,"Ciudad de México",15,"Cuauhtémoc",1,"Cuauhtémoc","Av. Chapultepec 151-16","Col. Juárez","06600","55 4444 2299","https://www.foroculturalgoya.com","correogoya@hotmail.com",-99.1568,19.42539,"http://sic.gob.mx/ficha.php?table=centro_cultural&table_id=3298","2024-12-02 12:32:43-06"
1098,"Centro Cultural Casa Talavera","1988-11-20","Universidad Autónoma de la Ciudad de México",9,"Ciudad de México",15,"Cuauhtémoc",1,"Cuauhtémoc","Talavera 20 esq. República de El Salvador","Centro","06060","","https://cultura.uacm.edu.mx/paginas/casa-talavera","casa.talavera@uacm.edu.mx",-99.12738,19.42812,"http://sic.gob.mx/ficha.php?table=centro_cultural&table_id=1098","2026-03-26 12:11:41-06"
3347,"Centro Cultural Foro Shakespeare","1983-05-01","Foro Shakespeare, A.C.",9,"Ciudad de México",15,"Cuauhtémoc",1,"Cuauhtémoc","Zamora 7","Col. Condesa","06140","55 7948 5597","https://foroshakespeare.com/","hola@foroshakespeare.com",-99.1767,19.41918,"http://sic.gob.mx/ficha.php?table=centro_cultural&table_id=3347","2023-11-09 08:23:30-06"
3115,"Centro Cultural Minero","2018-09-22","Cámara Minera de México (CAMIMEX)",9,"Ciudad de México",15,"Cuauhtémoc",1,"Cuauhtémoc","Havre 32","Col. Juárez","06600","55 5540 6788","https://outletminero.org/inaugura-camimex-su-centro-cultural-minero-en-la-cdmx-2/","",-99.16156,19.42757,"http://sic.gob.mx/ficha.php?table=centro_cultural&table_id=3115","2025-03-03 12:06:10-06"
1959,"Gimnasio de Arte y Cultura","2007-03-01","Gimnasio de Arte y Cultura A.C.",9,"Ciudad de México",15,"Cuauhtémoc",1,"Cuauhtémoc","Álvaro Obregón 185,  piso 4","Col. Roma Norte","06700","55 5207 9404","http://www.gimnasiodearte.com","info@gimnasiodearte.com",-99.16333,19.41783,"http://sic.gob.mx/ficha.php?table=centro_cultural&table_id=1959","2025-03-12 12:06:46-06"
3045,"Anglo Arts Centre","2016-08-01","Anglo Mexican Foundation",9,"Ciudad de México",15,"Cuauhtémoc",1,"Cuauhtémoc","Antonio Caso 127","Col. San Rafael","06470","(55) 3067 8816","https://www.theangloartsandculture.mx/","anglo.arts@tamf.org.mx",-99.16468,19.43538,"http://sic.gob.mx/ficha.php?table=centro_cultural&table_id=3045","2024-10-29 14:26:07-06"
2062,"La Nana. Laboratorio Urbano de Arte Comprometido","2009-05-06","ConArte",9,"Ciudad de México",15,"Cuauhtémoc",1,"Cuauhtémoc","2do Cjón. de San Juan de Dios 25","Col. Guerrero ","06300","55 5518 5424","https://www.conartemx.net/lanana","lananaluac@gmail.com",-99.14301,19.43832,"http://sic.gob.mx/ficha.php?table=centro_cultural&table_id=2062","2024-12-02 11:40:53-06"
1443,"Centro Cultural Instituto Goethe","1966-04-01","Embajada de Alemania",9,"Ciudad de México",15,"Cuauhtémoc",1,"Cuauhtémoc","Tonalá 43","Col. Roma ","06700","55 5207 0487 ","https://www.goethe.de/ins/mx/es/index.html","info-mexiko@goethe.de, socialmedia-mexiko@goethe.de",-99.16321,19.41972,"http://sic.gob.mx/ficha.php?table=centro_cultural&table_id=1443","2024-11-20 17:10:57-06"
3561,"PILARES San Francisco Tultenco","2020-02-06","Secretaría de Cultura de la Ciudad de México",9,"Ciudad de México",15,"Cuauhtémoc",1,"Cuauhtémoc","San Francisco Tultenco 41","Col. Paulino Navarro","06870","55 5134 0770 ext 1806","https://pilares.cdmx.gob.mx/","coord_comunicacion@pilares.cdmx.gob.mx",-99.12881,19.4109,"http://sic.gob.mx/ficha.php?table=centro_cultural&table_id=3561","2025-08-27 12:24:28-06"
2429,"Centro Cultural Macario Matus","2009-11-01","Centro Cultural Matus, A.C.",9,"Ciudad de México",15,"Cuauhtémoc",1,"Cuauhtémoc","Almacenes 94, edif. Guanajuato, local 2","Col. Nonoalco Tlatelolco","06900","(55) 4831 8639","https://www.facebook.com/CentroCulturalMacarioMatus/?pnref=story","",-99.13576,19.45019,"http://sic.gob.mx/ficha.php?table=centro_cultural&table_id=2429","2020-04-24 14:53:37-05"
1677,"Centro Cultural Estación Indianilla","2006-12-01","Gobierno de la Ciudad de México",9,"Ciudad de México",15,"Cuauhtémoc",1,"Cuauhtémoc","Dr. Claudio Bernard 111 esq. Niños Héroes","Col. Doctores","06720","55 5761 9058","","estacionindianillacc@gmail.com",-99.14751,19.42094,"http://sic.gob.mx/ficha.php?table=centro_cultural&table_id=1677","2025-01-29 12:39:25-06"
3096,"Casa Tomada","2018-02-01","Editorial Almadia",9,"Ciudad de México",15,"Cuauhtémoc",1,"Cuauhtémoc","Pachuca 146-A","Col. Condesa","06140","55 59 22 79 40","https://www.casatomada.com.mx/","apoyo@casatomada.com.mx",-99.17748,19.41499,"http://sic.gob.mx/ficha.php?table=centro_cultural&table_id=3096","2025-02-12 11:31:12-06"
3109,"Galera Centro Cultural Multidisciplinario","2019-01-25","Independiente",9,"Ciudad de México",15,"Cuauhtémoc",1,"Cuauhtémoc","Dr. Manuel Carmona y Valle 147 ","Col. Doctores","06720","","https://distritoglobal.com/galera/","",-99.15331,19.42002,"http://sic.gob.mx/ficha.php?table=centro_cultural&table_id=3109","2025-07-23 12:48:04-06"
3725,"PILARES Ratón Macías","2023-01-01","Gobierno de la Ciudad de México",9,"Ciudad de México",15,"Cuauhtémoc",1,"Cuauhtémoc","Dr. Andrade 401","Col. Buenos Aires","06780","55 5134 0770 ext 1806","https://pilares.cdmx.gob.mx/pilares/1763/raton-macias","coord_comunicacion@pilares.cdmx.gob.mx",-99.14836,19.40648,"http://sic.gob.mx/ficha.php?table=centro_cultural&table_id=3725","2025-11-07 14:24:29-06"
1427,"Casa de Cultura de Tamaulipas","1998-01-30","Patronato de la Casa de Cultura de Tamaulipas, A.C.",9,"Ciudad de México",15,"Cuauhtémoc",1,"Cuauhtémoc","Ernesto Pugibet 73","Centro","06070","55 5512 1110","","cctamaulipasdf@hotmail.com; cctamaulipasdf@gmail.com",-99.14788,19.43027,"http://sic.gob.mx/ficha.php?table=centro_cultural&table_id=1427","2020-04-24 11:41:41-05"
2463,"Centro Cultural Revolución del ISSSTE","1987-01-01","Instituto de Seguridad y Servicios Sociales de los Trabajadores del Estado (ISSSTE)",9,"Ciudad de México",15,"Cuauhtémoc",1,"Cuauhtémoc","U. H. Nonoalco Tlatelolco<br>Av. Manuel González s/n esq. Insurgentes Norte<br>entre edif. 4, 5 , 6","Col. Tlaltelolco","06900","(55) 5583 1114 directo","http://www.issste.gob.mx","gabriela.aparicio@issste.gob.mx",-99.14756,19.45526,"http://sic.gob.mx/ficha.php?table=centro_cultural&table_id=2463","2025-03-03 13:06:06-06"
1457,"Casa Universitaria del Libro UNAM/CASUL","1986-12-10","UNAM",9,"Ciudad de México",15,"Cuauhtémoc",1,"Cuauhtémoc","Orizaba 24 esq. Puebla","Col.  Roma","06700","55 5207 9390","https://casul.unam.mx/","difusioncasul@gmail.com",-99.16076,19.42301,"http://sic.gob.mx/ficha.php?table=centro_cultural&table_id=1457","2024-08-26 09:30:07-06"
3292,"Centro Cultural Foro Valparaíso","2019-11-15","Banco Nacional de México, S.A",9,"Ciudad de México",15,"Cuauhtémoc",1,"Cuauhtémoc","Venustiano Carranza 60","Centro Histórico ","06000","55 1226 4290","https://www.banamex.com/valparaiso/index.html","valparaiso@citi.com",-99.13628,19.43142,"http://sic.gob.mx/ficha.php?table=centro_cultural&table_id=3292","2025-08-07 14:50:27-06"
3518,"PILARES Glorieta de los Insurgentes","2019-09-04","Gobierno de la Ciudad de México",9,"Ciudad de México",15,"Cuauhtémoc",1,"Cuauhtémoc","Glorieta de los Insurgentes s/n","Juárez","06600","55 5134 0770 ext 1806","https://pilares.cdmx.gob.mx/","coord_comunicacion@pilares.cdmx.gob.mx",-99.16289,19.42337,"http://sic.gob.mx/ficha.php?table=centro_cultural&table_id=3518","2025-09-22 19:55:31-06"
2738,"Casa de Cultura Romita","1994-11-10","Alcaldía Cuauhtémoc/Dirección General de Derechos Culturales, Recreativos y Educativos",9,"Ciudad de México",15,"Cuauhtémoc",1,"Cuauhtémoc","Plaza Real Romita 28","Col. Roma Norte","06700","55 4335 8100","","casaculromita@gmail.com",-99.15468,19.42344,"http://sic.gob.mx/ficha.php?table=centro_cultural&table_id=2738","2024-11-20 12:49:04-06"
3580,"PILARES Tepito Morelos","1000-01-01","Gobierno de la Ciudad de México",9,"Ciudad de México",15,"Cuauhtémoc",1,"Cuauhtémoc","Av. del Trabajo","Col. Morelos","06200","55 5134 0770 ext 1806","https://pilares.cdmx.gob.mx/","coord_comunicacion@pilares.cdmx.gob.mx",-99.12565,19.44766,"http://sic.gob.mx/ficha.php?table=centro_cultural&table_id=3580","2025-08-08 11:34:03-06"
2739,"Casa de Cultura Othón Salazar Ramírez","2008-08-28","Alcaldía Cuauhtémoc/Subdirección de Artes y Oficios",9,"Ciudad de México",15,"Cuauhtémoc",1,"Cuauhtémoc","Dr. José María Vértiz ","Col. Doctores ","06720","(55) 4335 8120 ","http://grupoteatralindependiente.es.tl/Casa-de-Cultura-Oth%F3n-Salazar.htm#comment<br>http://www.cuauhtemoc.df.gob.mx/paginas.php?id=casas; http://www.cuauhtemoc.cdmx.gob.mx/paginas.php?id=DirCultura","jessyesky@hotmail.com",-99.14785,19.41248,"http://sic.gob.mx/ficha.php?table=centro_cultural&table_id=2739","2026-01-08 19:43:16-06"
3476,"PILARES San Simón Tolnáhuac","2019-01-01","Secretaría de Cultura de la Ciudad de México",9,"Ciudad de México",15,"Cuauhtémoc",1,"Cuauhtémoc","Eje 1 Pte. s/n","Col. San Simón Tolnáhuac","06920","55 5134 0770 ext 1806","https://pilares.cdmx.gob.mx/","coord_comunicacion@pilares.cdmx.gob.mx",-99.14374,19.46139,"http://sic.gob.mx/ficha.php?table=centro_cultural&table_id=3476","2025-09-22 19:39:28-06"
2880,"Centro Cultural Casa Rafael Galván","2009-08-08","UAM/Coordinación General de Difusión",9,"Ciudad de México",15,"Cuauhtémoc",1,"Cuauhtémoc","Zacatecas 94","Col. Roma","06700","55 5564 4500","http://www.uam.mx/_serv_comunidad/centros_culturales.html","ecvazquez@correo.uam.mx",-99.15854,19.41583,"http://sic.gob.mx/ficha.php?table=centro_cultural&table_id=2880","2024-10-03 12:03:50-06"
2614,"Centro Cultural de Artes Escénicas María Rojo","2011-03-24","Alcaldía Cuauhtémoc/JUD de Espacios Culturales y Bibliotecas",9,"Ciudad de México",15,"Cuauhtémoc",1,"Cuauhtémoc","Av. Manuel González s/n","Col. Tlatelolco 2da. sección","06900","55 8939 0283","https://alcaldiacuauhtemoc.mx","centromariarojo@gmail.com",-99.14268,19.45395,"http://sic.gob.mx/ficha.php?table=centro_cultural&table_id=2614","2025-06-16 12:09:30-06"
3312,"El 77 Centro Cultural Autogestivo","2014-12-01","Foro Shakespeare, A.C.",9,"Ciudad de México",15,"Cuauhtémoc",1,"Cuauhtémoc","Abraham González 77","Col Juárez","06600","55 5566 0102","https://www.patreon.com/el77cca","el77cultural@gmail.com",-99.1542,19.42879,"http://sic.gob.mx/ficha.php?table=centro_cultural&table_id=3312","2025-09-24 19:35:32-06"
2028,"Centro Cultural El Foco","2008-01-14","Compañía Teatro del Árbol, A.C.",9,"Ciudad de México",15,"Cuauhtémoc",1,"Cuauhtémoc","Tlacotalpan 16","Col. Roma Sur","06700","55 5574 9011","","contactoelfoco@gmail.com; centroculturalelfoco.rp@gmail.com",-99.16689,19.40871,"http://sic.gob.mx/ficha.php?table=centro_cultural&table_id=2028","2026-01-20 14:07:34-06"
1596,"Centro Cultural de la SHCP","2018-01-01","SCHP/Dirección General de la Conservaduría de Palacio Nacional y Patrimonio Cultural",9,"Ciudad de México",15,"Cuauhtémoc",1,"Cuauhtémoc","República de Guatemala 80","Centro Histórico","06020","55 3688 1100 exts. 81666, 81656;","https://www.gob.mx/palacionacional","difusioncultural@hacienda.gob.mx ",-99.14459,19.43756,"http://sic.gob.mx/ficha.php?table=centro_cultural&table_id=1596","2024-11-27 12:21:45-06"
2997,"Centro Cultural El Rule","2017-06-16","Secretaría de Cultura de la Ciudad de México/Dirección General de Vinculación Cultural Comunitaria",9,"Ciudad de México",15,"Cuauhtémoc",1,"Cuauhtémoc","Eje Central Lázaro Cárdenas 6, primer piso","Centro Histórico","06000","55 1719 3000 ext. 1334","https://culturacomunitaria.cdmx.gob.mx/centros-culturales/centro-cultural-el-rule","comunicacion.rule@gmail.com",-99.14075,19.43355,"http://sic.gob.mx/ficha.php?table=centro_cultural&table_id=2997","2026-08-04 10:01:19-06"
3659,"PILARES Evangelina Corona","2022-11-01","Secretaría de Cultura de la Ciudad de México",9,"Ciudad de México",15,"Cuauhtémoc",1,"Cuauhtémoc","Cerrada Fray Servando Teresa de Mier 24 ","Col. Tránsito ","","55 5134 0770 ext 1806","https://pilares.cdmx.gob.mx/","coord_comunicacion@pilares.cdmx.gob.mx",-99.13262,19.42256,"http://sic.gob.mx/ficha.php?table=centro_cultural&table_id=3659","2025-11-12 14:32:06-06"
2921,"Foro 37, Casa de Cultura","2014-08-14","",9,"Ciudad de México",15,"Cuauhtémoc",1,"Cuauhtémoc","Londres 37","Col. Juárez","06600","55 5207 7873","https://foro37.com/","hola@foro37.com",-99.15945,19.42769,"http://sic.gob.mx/ficha.php?table=centro_cultural&table_id=2921","2023-10-26 07:09:11-06"
3345,"Centro Cultural Espacio Monca","1000-01-01","Particular",9,"Ciudad de México",15,"Cuauhtémoc",1,"Cuauhtémoc","Tacuba 88, piso 1","Centro","06000","55 6122 6209","","espaciomonca@gmail.com",-99.13429,19.43533,"http://sic.gob.mx/ficha.php?table=centro_cultural&table_id=3345","2021-07-05 07:22:22-05"
768,"Centro Cultural de España en México ","2002-11-18","Embajada de España/Agencia Española de Cooperación Internacional para el Desarrollo",9,"Ciudad de México",15,"Cuauhtémoc",1,"Cuauhtémoc","Guatemala 18 esq. Donceles 97","Centro ","06010","55 5521 1925 al 28 ","https://ccemx.org/evento/espacios-en-resistencia-programa-publico/","info@ccemx.org",-99.13257,19.43515,"http://sic.gob.mx/ficha.php?table=centro_cultural&table_id=768","2023-03-23 08:44:58-06"
3549,"PILARES Boleo","1000-01-01","Secretaría de Cultura de la Ciudad de México",9,"Ciudad de México",15,"Cuauhtémoc",1,"Cuauhtémoc","Ferrocarril Hidalgo s/n","Col. Valle Gómez","06240","55 5134 0770 ext 1806","https://pilares.cdmx.gob.mx/","coord_comunicacion@pilares.cdmx.gob.mx",-99.124,19.45716,"http://sic.gob.mx/ficha.php?table=centro_cultural&table_id=3549","2024-06-11 11:44:53-06"
1946,"Centro Cultural Xavier Villaurrutia","2006-06-19","Secretaría de Cultura de la Ciudad de México/Dirección General de Vinculación Cultural Comunitaria",9,"Ciudad de México",15,"Cuauhtémoc",1,"Cuauhtémoc","Glorieta del Metro Insurgentes, Av. Insurgentes Centro s/n local 25","Col. Roma","06050","55 5207 2491","https://culturacomunitaria.cdmx.gob.mx/centros-culturales/centro-cultural-xavier-villaurrutia; https://www.cultura.cdmx.gob.mx/recintos/ccxv","xvillaurrutia@gmail.com",-99.16295,19.42398,"http://sic.gob.mx/ficha.php?table=centro_cultural&table_id=1946","2026-08-04 11:20:23-06"
1467,"Centro Cultural Teatro del Pueblo","1934-11-24","Alcaldía Cuauhtémoc/Subdirección de Artes y Oficios",9,"Ciudad de México",15,"Cuauhtémoc",1,"Cuauhtémoc","Rep. de Venezuela 72","Centro","06020","55 4335 8036","http://teatrodelpueblocentro.jimdo.com/","paolamedinae@gmail.com; calba@alcaldiacuauhtemoc.mx",-99.12792,19.43707,"http://sic.gob.mx/ficha.php?table=centro_cultural&table_id=1467","2020-04-22 13:20:36-05"
2467,"Centro Cultural Vladimir Kaspé","2007-01-01","Universidad La Salle",9,"Ciudad de México",15,"Cuauhtémoc",1,"Cuauhtémoc","Benjamín Hill 43","Col. Condesa","06140","55 5278 9573 ext. 5402","","david.zepeda@lasalle.mx",-99.18038,19.40883,"http://sic.gob.mx/ficha.php?table=centro_cultural&table_id=2467","2025-11-19 14:23:54-06"
2918,"Sinagoga Histórica Justo Sierra 71","2010-01-10","Comunidad Ashkenazi de México, A.C.",9,"Ciudad de México",15,"Cuauhtémoc",1,"Cuauhtémoc","Justo Sierra 71","Centro","06020  ","55 5522 4828","http://sinagogajustosierra.com/","sinagogajustosierra@gmail.com",-99.12818,19.43512,"http://sic.gob.mx/ficha.php?table=centro_cultural&table_id=2918","2024-12-03 14:24:49-06"
3480,"PILARES Atlampa","2016-03-18","Gobierno de la Ciudad de México",9,"Ciudad de México",15,"Cuauhtémoc",1,"Cuauhtémoc","Cerrada de Cedro 561","Col. Atlampa","06450","55 5134 0770 ext 1806","https://pilares.cdmx.gob.mx/pilares/1518/atlampa","coord_comunicacion@pilares.cdmx.gob.mx",-99.16007,19.46046,"http://sic.gob.mx/ficha.php?table=centro_cultural&table_id=3480","2025-06-05 19:28:34-06"
3374,"Foro Cultural Hilvana","2007-01-01","",9,"Ciudad de México",15,"Cuauhtémoc",1,"Cuauhtémoc"," Puente de Alvarado 17 A  ","Col. Buenavista","06350 ","55 5566 3334,  55 7090 1392 ","http://www.forohilvana.com/","contacto@forohilvana.com",-99.15404,19.43968,"http://sic.gob.mx/ficha.php?table=centro_cultural&table_id=3374","2025-12-03 17:48:26-06"
1542,"Centro Cultural de la Diversidad","2002-08-02","Fundación Prodesarrollo Educativo y Asistencial, A.C.",9,"Ciudad de México",15,"Cuauhtémoc",1,"Cuauhtémoc","Colima 261, 267 y 269","Col. Roma Norte","06700","(55) 5514 2565","http://www.diversidad.mx ","informes.ccd@gmail.com ",-99.16422,19.41883,"http://sic.gob.mx/ficha.php?table=centro_cultural&table_id=1542","2020-04-29 07:08:44-05"
2097,"Centro Cultural del México Contemporáneo","2005-04-25","Fundación Centro Cultural del México Contemporáneo, A.C.",9,"Ciudad de México",15,"Cuauhtémoc",1,"Cuauhtémoc","Leandro Valle 20","Centro Histórico","06020","55 5529 1567 ",""," fundacionccmc@gmail.com",-99.13397,19.43991,"http://sic.gob.mx/ficha.php?table=centro_cultural&table_id=2097","2024-04-03 08:32:12-06"
3826,"Espacio Cultural Tepito","1982-01-01","",9,"Ciudad de México",15,"Cuauhtémoc",1,"Cuauhtémoc","Vidal Alcocer 114","Morelos","06022","55 3473 8799","","espacioculturaltepito@gmail.com",-99.12343,19.44237,"http://sic.gob.mx/ficha.php?table=centro_cultural&table_id=3826","2024-12-11 13:04:39-06"
3938,"Pendular. Espacio Cultural","1000-01-01","Pendular. Espacio Cultural",9,"Ciudad de México",15,"Cuauhtémoc",1,"Cuauhtémoc","Belisario Domínguez 32-4to. piso","Centro","","","","pendular.espaciocultural@gmail.com",-99.13731,19.43849,"http://sic.gob.mx/ficha.php?table=centro_cultural&table_id=3938","2025-09-29 12:03:32-06"
1449,"Centro de Cultura Casa Lamm","1993-06-01","Centro de Estudios para la Cultura y las Artes Casa Lamm, A. C.",9,"Ciudad de México",15,"Cuauhtémoc",1,"Cuauhtémoc","Álvaro Obregón  99","Col. Roma","06700","55 5525 3938, 55 5525 3918","https://www.casalamm.com.mx/","lammacademico@casalamm.com.mx; eictvmexico@gmail.com",-99.15959,19.41859,"http://sic.gob.mx/ficha.php?table=centro_cultural&table_id=1449","2025-05-22 10:52:31-06"
1420,"Casa de Cultura la Casa de Orizaba","1995-05-01","",9,"Ciudad de México",15,"Cuauhtémoc",1,"Cuauhtémoc","Orizaba 193","Col. Roma","06700","(55) 5264 8380 ext. 108","https://es-la.facebook.com/Foro-Luces-de-Bohemia-Centro-Cultural-Casa-de-Orizaba-1033898529963961/","management@speakbusiness.com.mx<br>forolucesdebohemia@yahoo.com.mx ",-99.15871,19.41385,"http://sic.gob.mx/ficha.php?table=centro_cultural&table_id=1420","2020-04-21 16:32:24-05"
1434,"Casa de Cultura del Estado de Tabasco","1997-10-15","Gobierno del Estado de Tabasco",9,"Ciudad de México",15,"Cuauhtémoc",1,"Cuauhtémoc","Berlín 33 esq. Marsella","Col. Juárez","06600","55 5705 0114","https://www.facebook.com/norma.dominguezdedios","normadedios@hotmail.com",-99.15686,19.42678,"http://sic.gob.mx/ficha.php?table=centro_cultural&table_id=1434","2020-04-22 05:53:09-05"
2450,"Foro Cultural Chapultepec","2012-01-01","Centro Deportivo Chapultepec, A.C.",9,"Ciudad de México",16,"Miguel Hidalgo",1,"Miguel Hidalgo","Calz. Gral. Mariano Escobedo 665","Col. Anzures","11590","55 5263 3900","http://www.cdch.com.mx/","mvizuet@cdch.com.mx",-99.18026,19.42675,"http://sic.gob.mx/ficha.php?table=centro_cultural&table_id=2450","2025-06-09 16:54:31-06"
3751,"PILARES Tacubaya","2022-09-17","Secretaría de Cultura de la Ciudad de México",9,"Ciudad de México",16,"Miguel Hidalgo",1,"Miguel Hidalgo","Becerra 88","Barrio de San Juan Tacubaya","11870","55 5134 0770 ext 1806","https://pilares.cdmx.gob.mx/","coord_comunicacion@pilares.cdmx.gob.mx",-99.18772,19.39612,"http://sic.gob.mx/ficha.php?table=centro_cultural&table_id=3751","2025-10-10 16:55:40-06"
3099,"Complejo Cultural Los Pinos","2018-12-01","Secretaría de Cultura",9,"Ciudad de México",16,"Miguel Hidalgo",1,"Miguel Hidalgo","Parque Lira s/n, Bosque de Chapultepec 1a sección","Col. San Miguel Chapultepec","11850","55 4155 0200 ext. 2412","https://lospinos.cultura.gob.mx/?fbclid=IwAR2so5jad71Ns6eTtEoxo9QbPR9GWomBCKsaAWrNWMwihd9K-BdI6XZgOjY","contactolospinos@cultura.gob.mx",-99.1912,19.41559,"http://sic.gob.mx/ficha.php?table=centro_cultural&table_id=3099","2024-02-29 13:35:11-06"
3639,"PILARES Casa Amarilla","1000-01-01","Secretaría de Cultura de la Ciudad de México",9,"Ciudad de México",16,"Miguel Hidalgo",1,"Miguel Hidalgo","Av. Parque Lira 94 ","Col. Observatorio ","11860","55 5134 0770 ext 1806","https://pilares.cdmx.gob.mx/pilares/1677/casa-amarilla","coord_comunicacion@pilares.cdmx.gob.mx",-99.19071,19.40733,"http://sic.gob.mx/ficha.php?table=centro_cultural&table_id=3639","2024-06-11 10:46:42-06"
982,"Centro Cultural del Bosque","1962-07-21","Secretaría de Cultura/INBA",9,"Ciudad de México",16,"Miguel Hidalgo",1,"Miguel Hidalgo","Av. Paseo de la Reforma y Campo Marte","Col. Chapultepec Polanco","11560","55 1000 5600 ext. 4408","http://www.ccb.bellasartes.gob.mx","arteccb_see@yahoo.com.mx; ccb@inba.gob.mx",-99.19518,19.42341,"http://sic.gob.mx/ficha.php?table=centro_cultural&table_id=982","2020-04-21 06:33:01-05"
3402,"Centro Cultural de Turquía Instituto Yunus Emre","2022-01-01","Instituto Yunus Emre en México",9,"Ciudad de México",16,"Miguel Hidalgo",1,"Miguel Hidalgo","Hegel 618 ","Col. Bosques de Chapultepec","11560","55 1741 8092","https://www.yeemexico.org/?fbclid=IwY2xjawJYEmZleHRuA2FlbQIxMAABHUpFtxGOaQnT9PkLEqWKJGQyKLh-DaLlo8jtrXJVCdo9McxnKg679Uc45A_aem_6yALh11SHdoDMZbbIq9f0A","meksika@yee.org.tr",-99.18783,19.42891,"http://sic.gob.mx/ficha.php?table=centro_cultural&table_id=3402","2025-04-01 11:56:48-06"
3605,"PILARES Tlacopan","1000-01-01","Gobierno de la Ciudad de México",9,"Ciudad de México",16,"Miguel Hidalgo",1,"Miguel Hidalgo","Calzada México Tacuba y Av. Aquiles Serdán","Tacuba","11410","55 5134 0770 ext 1806","https://pilares.cdmx.gob.mx/","coord_comunicacion@pilares.cdmx.gob.mx",-99.18982,19.46006,"http://sic.gob.mx/ficha.php?table=centro_cultural&table_id=3605","2024-06-24 13:43:30-06"
984,"Espacio Cultural Nelson Mandela","2013-07-18","Alcaldía Miguel Hidalgo/Dirección de Convivencia y Promoción Deportiva",9,"Ciudad de México",16,"Miguel Hidalgo",1,"Miguel Hidalgo","Alejandro Dumas s/n esq. Emilio Castelar","Col. Polanco","11560","55 5281 3848","http://www.miguelhidalgo.gob.mx","decultura@miguelhidalgo.gob.mx",-99.19626,19.43,"http://sic.gob.mx/ficha.php?table=centro_cultural&table_id=984","2025-04-01 13:44:54-06"
3324,"Centro Cultural Ex-Fábrica MX","2020-01-01","",9,"Ciudad de México",16,"Miguel Hidalgo",1,"Miguel Hidalgo","Primavera 106","Tacuba","","55 2730 5716 ","","exfabricadeharina@gmail.com",-99.19056,19.40727,"http://sic.gob.mx/ficha.php?table=centro_cultural&table_id=3324","2025-06-26 17:25:40-06"
3056,"Centro Cultural de la India Guruv Tagore","2010-11-01","Embajada de la India",9,"Ciudad de México",16,"Miguel Hidalgo",1,"Miguel Hidalgo","Anatole France 319","Col. Polanco","11550","55 5203 1117","https://www.indiainmexico.gov.in/eoimx_pages/MjQy","gticc-eoi-mex@incc.com.mx, gticc.mexico@mea.gov.in",-99.19708,19.43686,"http://sic.gob.mx/ficha.php?table=centro_cultural&table_id=3056","2025-04-01 12:33:58-06"
3449,"Parque de Cultura Urbana (PARCUR)","2022-02-19","Gobierno de la Ciudad de México",9,"Ciudad de México",16,"Miguel Hidalgo",1,"Miguel Hidalgo","Av. Ignacio Zaragoza 224","Bosque de Chapultepec III Sección","11100 ","","","",-99.21935,19.39965,"http://sic.gob.mx/ficha.php?table=centro_cultural&table_id=3449","2024-02-29 13:38:45-06"
2199,"Centro Citibanamex","2002-01-01","Privado",9,"Ciudad de México",16,"Miguel Hidalgo",1,"Miguel Hidalgo","Av. del Conscripto 311","Col. Lomas de Sotelo","11200","55 5268 2000","http://www.centrobanamex.com/","info@centrobanamex.mx",-99.22272,19.44159,"http://sic.gob.mx/ficha.php?table=centro_cultural&table_id=2199","2025-03-31 13:55:43-06"
3398,"Centro de Cultura Ambiental","2023-01-21","Secretaría de Cultura del Gobierno de México / Secretaría de Medio Ambiente (SEDEMA) ",9,"Ciudad de México",16,"Miguel Hidalgo",1,"Miguel Hidalgo","Zona del Lago Menor en la Segunda Sección del Bosque de Chapultepec.","","11100 ","","","cultura.chapultepec@gmail.com",-99.19918,19.41153,"http://sic.gob.mx/ficha.php?table=centro_cultural&table_id=3398","2024-02-29 13:37:39-06"
3958,"Pabellón de Cultura Comunitaria","2024-10-02","Secretaría de Cultura Federal/Dirección General de Vinculación Cultural Comunitaria",9,"Ciudad de México",16,"Miguel Hidalgo",1,"Miguel Hidalgo","Av. Constituyentes 270","Col. Ampliación Daniel Garza","11100","","https://culturacomunitaria.cultura.gob.mx/conoce_mas/pabellon_de_cultura_comunitaria","contactopabellon@cultura.gob.mx",-99.19717,19.40953,"http://sic.gob.mx/ficha.php?table=centro_cultural&table_id=3958","2025-11-06 17:51:45-06"
3499,"PILARES Caneguín ","2019-07-27","Secretaría de Cultura de la Ciudad de México",9,"Ciudad de México",16,"Miguel Hidalgo",1,"Miguel Hidalgo","Lago Canegín 130","Col. Argentina Antigua ","11270","55 5134 0770 ext 1806","https://pilares.cdmx.gob.mx/","coord_comunicacion@pilares.cdmx.gob.mx",-99.20512,19.45478,"http://sic.gob.mx/ficha.php?table=centro_cultural&table_id=3499","2025-09-08 15:39:52-06"
3322,"Fábrica de Artes y Oficios (FARO) Cosmos","2021-03-13","Secretaría de Cultura de la Ciudad de México/Dirección General de Vinculación Cultural Comunitaria/Red de Faros",9,"Ciudad de México",16,"Miguel Hidalgo",1,"Miguel Hidalgo","Calz. México Tacuba s/n","Col. Tlaxpana","11370","55 1719 3000 exts. 1303, 1302","https://culturacomunitaria.cdmx.gob.mx/red-de-faros/faro-cosmos","lafarocosmos@gmail.com",-99.16625,19.44349,"http://sic.gob.mx/ficha.php?table=centro_cultural&table_id=3322","2026-08-03 13:50:41-06"
1440,"Casa del Lago Juan José Arreola","1959-09-15","UNAM",9,"Ciudad de México",16,"Miguel Hidalgo",1,"Miguel Hidalgo","1ra. sección del Bosque de Chapultepec","Col. San Miguel Chapultepec","11850","55 5211 1098","http://www.casadellago.unam.mx","jgimenez@unam.mx",-99.18582,19.4224,"http://sic.gob.mx/ficha.php?table=centro_cultural&table_id=1440","2020-04-22 08:19:04-05"
2881,"Centro Cultural Casa del Tiempo","1000-01-01","UUM/Coordinación General de Difusión",9,"Ciudad de México",16,"Miguel Hidalgo",1,"Miguel Hidalgo","Av. General Pedro Antonio de los Santos 84 esq. Tornell","Col. San Miguel Chapultepec","11850","55 5515 8737","http://www.uam.mx/_serv_comunidad/centros_culturales.html","casadeltiempo@correo.uam.mx",-99.18283,19.41183,"http://sic.gob.mx/ficha.php?table=centro_cultural&table_id=2881","2024-10-03 12:04:10-06"
3411,"Casa Marie José y Octavio Paz La Perulera","2023-03-31","Sistema de Desarrollo Integral de la Familia (DIF) de la Ciudad de México",9,"Ciudad de México",16,"Miguel Hidalgo",1,"Miguel Hidalgo","Felipe Carrillo Puerto 445","Col. Tacuba","11410","","https://www.youtube.com/watch?v=5PfILuhtD-g","casamariejoseoctaviopaz@dif.cdmx.gob.mx",-99.18975,19.45303,"http://sic.gob.mx/ficha.php?table=centro_cultural&table_id=3411","2025-04-24 14:32:02-06"
2473,"Centro Cultural Poniente del ISSSTE","2002-08-01","ISSSTE",9,"Ciudad de México",16,"Miguel Hidalgo",1,"Miguel Hidalgo","Gral. José Morán 81","Col. San Miguel Chapultepec, secc. I","11850","55 5276 0059","","",-99.18787,19.40901,"http://sic.gob.mx/ficha.php?table=centro_cultural&table_id=2473","2026-04-07 11:48:14-06"
991,"Casa de Cultura Quinta Colorada","1985-01-01","Alcaldía Miguel Hidalgo",9,"Ciudad de México",16,"Miguel Hidalgo",1,"Miguel Hidalgo","Pedro Antonio de los Santos s/n esq. Av. Constituyentes","1a. Sección del bosque de Chapultepec, entrada por la Puerta de Flores","11850","55 5281 5382","https://www.chapultepec.com.mx/visita/113","",-99.1812,19.41826,"http://sic.gob.mx/ficha.php?table=centro_cultural&table_id=991","2025-08-27 14:30:30-06"
2709,"Centro de Cultura Digital (CCD)","2012-09-01","Secretaría de Cultura",9,"Ciudad de México",16,"Miguel Hidalgo",1,"Miguel Hidalgo","Paseo de la Reforma s/n esq. Lieja","Col. Juárez ","06600","55 1000 2637","http://www.centroculturadigital.mx/","asistentedir.ccd@gmail.com",-99.17575,19.42311,"http://sic.gob.mx/ficha.php?table=centro_cultural&table_id=2709","2020-04-22 10:39:32-05"
3552,"PILARES Pensil","2020-01-16","Gobierno de la Ciudad de México",9,"Ciudad de México",16,"Miguel Hidalgo",1,"Miguel Hidalgo","Lago Trasimeno s/n esq. Lago Erne","Col. Reforma Pensil","11440","","https://www.jefaturadegobierno.cdmx.gob.mx/comunicacion/nota/inaugura-jefa-de-gobierno-reforma-pensil-en-la-alcaldia-miguel-hidalgo","pilarespensil@cdmx.gob.mx",-99.19451,19.44919,"http://sic.gob.mx/ficha.php?table=centro_cultural&table_id=3552","2024-06-17 10:10:36-06"
3067,"Casa Elena Poniatowska","2018-06-14","Fundación Elena Poniatoswska Amor, A.C.",9,"Ciudad de México",16,"Miguel Hidalgo",1,"Miguel Hidalgo","José Martí 105","Col. Escandón, sección I","11800","55 9048 6914","","gestionfepa@gmail.com",-99.18121,19.40339,"http://sic.gob.mx/ficha.php?table=centro_cultural&table_id=3067","2025-08-04 12:05:10-06"
3640,"PILARES Othón Salazar/Parque Salesiano","2021-08-07","Gobierno de la Ciudad de México",9,"Ciudad de México",16,"Miguel Hidalgo",1,"Miguel Hidalgo","Calle Colegio Salesiano s/n","Col. Anáhuac 1a. Sección","11320","55 5134 0770 ext 1806","https://pilares.cdmx.gob.mx/pilares/1678/othon-salazar","coord_comunicacion@pilares.cdmx.gob.mx",-99.17717,19.44771,"http://sic.gob.mx/ficha.php?table=centro_cultural&table_id=3640","2025-08-11 17:59:36-06"
3648,"PILARES Parque Velódromo","2021-01-01","Gobierno de la Ciudad de México",9,"Ciudad de México",17,"Venustiano Carranza",1,"Venustiano Carranza","Luis de la Rosa casi esq. con Genaro García","Jardín Balbuena","15900","55 5134 0770 ext 1806","https://pilares.cdmx.gob.mx/","coord_comunicacion@pilares.cdmx.gob.mx",-99.10257,19.41057,"http://sic.gob.mx/ficha.php?table=centro_cultural&table_id=3648","2025-06-06 19:33:02-06"
3585,"PILARES Candelaria","1000-01-01","Gobierno de la Ciudad de México",9,"Ciudad de México",17,"Venustiano Carranza",1,"Venustiano Carranza","Juan de la Granja s/n","Col. 10 de Mayo","15100","55 5134 0770 ext 1806","https://pilares.cdmx.gob.mx/pilares/1623/candelaria","coord_comunicacion@pilares.cdmx.gob.mx",-99.11983,19.43206,"http://sic.gob.mx/ficha.php?table=centro_cultural&table_id=3585","2024-06-19 11:48:15-06"
3614,"PILARES Pelón Osuna ","1000-01-01","Secretaría de Cultura de la Ciudad de México",9,"Ciudad de México",17,"Venustiano Carranza",1,"Venustiano Carranza","Norte 21 s/n","Col.  Moctezuma 2da Secc","15530","55 5134 0770 ext 1806","https://pilares.cdmx.gob.mx/","coord_comunicacion@pilares.cdmx.gob.mx",-99.0922,19.42793,"http://sic.gob.mx/ficha.php?table=centro_cultural&table_id=3614","2024-06-11 11:28:11-06"
3711,"PILARES 20 de Noviembre","1000-01-01","Secretaría de Cultura de la Ciudad de México",9,"Ciudad de México",17,"Venustiano Carranza",1,"Venustiano Carranza","Av. Canal del Desagüe s/n esq. Av. Canal del Norte","Col. Amp. Venustiano Carranza","15339","55 5134 0770 ext 1806","https://pilares.cdmx.gob.mx/","coord_comunicacion@pilares.cdmx.gob.mx",-99.10311,19.44749,"http://sic.gob.mx/ficha.php?table=centro_cultural&table_id=3711","2024-06-07 11:53:26-06"
2963,"Centro Cultural Keren Tá Merced","1000-01-01","UACM, Secretaría de Cultura de la Ciudad de México",9,"Ciudad de México",17,"Venustiano Carranza",1,"Venustiano Carranza","Rosario s/n Pta. 24 altos de Taquería el Pollo","Col. Merced Balbuena","15810","","https://kerentamerced.wordpress.com/","kerentamerced@mail.com",-99.1226,19.42543,"http://sic.gob.mx/ficha.php?table=centro_cultural&table_id=2963","2023-07-05 04:18:49-06"
3613,"PILARES Adolfo Lopez Mateos","1000-01-01","Gobierno de la Ciudad de México",9,"Ciudad de México",17,"Venustiano Carranza",1,"Venustiano Carranza","Eduardo Bustamante 102","Adolfo López Mateos","15670","55 5134 0770 ext 1806","https://pilares.cdmx.gob.mx/","coord_comunicacion@pilares.cdmx.gob.mx",-99.07165,19.42181,"http://sic.gob.mx/ficha.php?table=centro_cultural&table_id=3613","2024-06-07 11:27:02-06"
2471,"Centro Cultural Candelaria de los Patos","1988-02-07","Instituto de Seguridad y Servicios Sociales de los Trabajadores del Estado (ISSSTE)",9,"Ciudad de México",17,"Venustiano Carranza",1,"Venustiano Carranza","U.H. Candelaria de los Patos 7, entre Gral Anaya y Zavala","Col. La Merced","15100","(55) 5542 3783","","",-99.12246,19.42884,"http://sic.gob.mx/ficha.php?table=centro_cultural&table_id=2471","2026-05-25 19:29:51-06"
1035,"Centro de Arte y Cultura Circo Volador","1987-01-01","ONG",9,"Ciudad de México",17,"Venustiano Carranza",1,"Venustiano Carranza","Calz. la Viga 146 entre Rancho de la Cruz y Guillermo Prieto","Col. Jamaica","15800","55 8989 3019","https://www.circovoladorradio.org/?fbclid=IwY2xjawP63zJleHRuA2FlbQIxMABicmlkETJobElDS3BYMEJnOXJ0Yk9Oc3J0YwZhcHBfaWQQMjIyMDM5MTc4ODIwMDg5MgABHhs97QX1jFgjw1R18rzvs3aF1d2WGulQdmS_Hr-etd8cJwQlYVsP3pkR6n3j_aem_DH7tMRP2lDvWHZOpPpgjBg","comunidadcircovolador@gmail.com",-99.12416,19.40256,"http://sic.gob.mx/ficha.php?table=centro_cultural&table_id=1035","2026-02-12 11:05:44-06"
954,"Centro Cultural Carranza","1997-06-01","Alcaldía Venustiano Carranza",9,"Ciudad de México",17,"Venustiano Carranza",1,"Venustiano Carranza","Lázaro Pavia s/n","Col. Jardín Balbuena","15900","(55) 5764 1771","http://www.vcarranza.cdmx.gob.mx/ccc/index.html","cinecarranza@yahoo.com.mx; centrocultural@vcarranza.df.gob.mx",-99.11474,19.41894,"http://sic.gob.mx/ficha.php?table=centro_cultural&table_id=954","2025-06-13 14:21:17-06"
3710,"PILARES Felipe Ángeles","1000-01-01","Gobierno de la Ciudad de México",9,"Ciudad de México",17,"Venustiano Carranza",1,"Venustiano Carranza","Calle Estaño s/n","Felipe Ángeles","15310","55 5134 0770 ext 1806","https://pilares.cdmx.gob.mx/","coord_comunicacion@pilares.cdmx.gob.mx",-99.11348,19.45223,"http://sic.gob.mx/ficha.php?table=centro_cultural&table_id=3710","2024-06-10 13:22:59-06"
3556,"PILARES Viaducto","2020-02-18","Secretaría de Cultura de la Ciudad de México",9,"Ciudad de México",17,"Venustiano Carranza",1,"Venustiano Carranza","Viaducto Rio de la Piedad s/n","Col. Jardín Balbuena","15900","55 5134 0770 ext 1806","https://pilares.cdmx.gob.mx/","coord_comunicacion@pilares.cdmx.gob.mx",-99.11259,19.40644,"http://sic.gob.mx/ficha.php?table=centro_cultural&table_id=3556","2025-10-10 19:54:59-06"
3887,"El Zanate-Casa de arte","1000-01-01","",9,"Ciudad de México",17,"Venustiano Carranza",1,"Venustiano Carranza","Norte 180 núm. 648","Pensador mexicanoa","","55 5194 7766","","elzanate.casadearte@gmail.com",-99.08461,19.44497,"http://sic.gob.mx/ficha.php?table=centro_cultural&table_id=3887","2025-07-24 14:39:52-06"
953,"Casa de Cultura Enrique Ramírez y Ramírez","1981-03-01","Alcaldía Venustiano Carranza",9,"Ciudad de México",17,"Venustiano Carranza",1,"Venustiano Carranza","Vidal Alcocer 280","Col. Morelos","15270","(55) 5702 6709","","casadeculturaeramirez@yahoo.com.mx",-99.12326,19.44059,"http://sic.gob.mx/ficha.php?table=centro_cultural&table_id=953","2026-04-28 19:58:01-06"
3535,"PILARES Avenida del Taller","2019-10-21","Gobierno de la Ciudad de México",9,"Ciudad de México",17,"Venustiano Carranza",1,"Venustiano Carranza","Eje 3 Ote. Francisco del  Paso y Troncoso y Av. del Taller s/n","Col. Jardín Balbuena","15900","55 5134 0770 ext 1806","https://pilares.cdmx.gob.mx/pilares/1573/avenida-del-taller","coord_comunicacion@pilares.cdmx.gob.mx",-99.11304,19.41364,"http://sic.gob.mx/ficha.php?table=centro_cultural&table_id=3535","2025-10-15 15:47:05-06"
949,"Casa de Cultura Ing. Heberto Castillo Martínez","1990-01-01","Alcaldía Venustiano Carranza",9,"Ciudad de México",17,"Venustiano Carranza",1,"Venustiano Carranza","Av. Tahel s/n esq. Nte. 202","Col. Pensador Mexicano","15510","(55) 5786 8427","","",-99.07817,19.44301,"http://sic.gob.mx/ficha.php?table=centro_cultural&table_id=949","2019-11-27 04:44:24-06"
3784,"Espacio Cultural San Lázaro","2021-01-01","Cámara de Diputados/H. Congreso de la Unión",9,"Ciudad de México",17,"Venustiano Carranza",1,"Venustiano Carranza"," H.Congreso de la Unión 66,  ","El Parque","15960","55 5036 0000 ext. 8601","https://portalciudadano.diputados.gob.mx/espacio-cultural/home.html","espaciocultural@diputados.gob.mx",-99.11789,19.43042,"http://sic.gob.mx/ficha.php?table=centro_cultural&table_id=3784","2026-02-17 14:48:33-06"
3712,"PILARES Copil","2021-01-01","Gobierno de la Ciudad de México",9,"Ciudad de México",17,"Venustiano Carranza",1,"Venustiano Carranza","Chimalhuacán s/n","Col. Peñón de los Bañoz","15520","55 5134 0770 ext 1806","https://pilares.cdmx.gob.mx/","coord_comunicacion@pilares.cdmx.gob.mx",-99.08563,19.43717,"http://sic.gob.mx/ficha.php?table=centro_cultural&table_id=3712","2025-10-28 16:23:04-06"
3741,"PILARES Escuela Vasco de Quiroga","2021-01-01","Secretaría de Cultura de la Ciudad de México",9,"Ciudad de México",17,"Venustiano Carranza",1,"Venustiano Carranza","Eduardo Molina s/n","Col. Vasco de Quiroga","07440","55 5134 0770 ext 1806","https://pilares.cdmx.gob.mx/","coord_comunicacion@pilares.cdmx.gob.mx",-99.09073,19.49622,"http://sic.gob.mx/ficha.php?table=centro_cultural&table_id=3741","2025-06-19 17:04:33-06"
3740,"PILARES Progresista, Ave Fénix","2022-01-01","Gobierno de la Ciudad de México",9,"Ciudad de México",17,"Venustiano Carranza",1,"Venustiano Carranza","Chiclera 34","Col. Progresista","15370","55 5134 0770 ext. 1806","https://pilares.cdmx.gob.mx/","coord_comunicacion@pilares.cdmx.gob.mx",-99.1083,19.43575,"http://sic.gob.mx/ficha.php?table=centro_cultural&table_id=3740","2025-11-10 11:45:06-06"
3551,"PILARES Fray Servando","2019-01-01","Secretaría de Cultura de la Ciudad de México",9,"Ciudad de México",17,"Venustiano Carranza",1,"Venustiano Carranza","Eje 3 Ote. Francisco del Paso y Troncoso s/n esq. Av. Fray Servando Teresa de Mier","Col. Jardín Balbuena","15900","55 5134 0770 ext 1806","https://pilares.cdmx.gob.mx/","coord_comunicacion@pilares.cdmx.gob.mx",-99.1115,19.41988,"http://sic.gob.mx/ficha.php?table=centro_cultural&table_id=3551","2025-11-06 16:40:46-06"
2470,"Centro Cultural Balbuena II Sección ISSSTE","1970-02-18","Instituto de Seguridad y Servicios Sociales de los Trabajadores del Estado (ISSSTE)",9,"Ciudad de México",17,"Venustiano Carranza",1,"Venustiano Carranza","Av. del Taller 707","Col. Jardín Balbuena","15900","55 5571 6531","","ja_cop72@yahoo.com.mx",-99.10151,19.41129,"http://sic.gob.mx/ficha.php?table=centro_cultural&table_id=2470","2026-04-27 10:26:33-06"
634,"Casa de la Cultura Profra. Lilia Santaella Abud","2005-02-22","Ayuntamiento de Canatlán/Instituto Municipal de Arte y Cultura de Canatlán",10,"Durango",1,"Canatlán",1,"Canatlán","Av. Ferrocarril s/n","","34440","677 103 12 00","http://canatlan.durango.gob.mx/es/ayuntamiento","casadelacultura@gmail.com; yneytorres@gmail.com",-104.77348,24.5235,"http://sic.gob.mx/ficha.php?table=centro_cultural&table_id=634","2024-05-27 13:00:30-06"
2857,"Casa de Cultura Banamex, El Palacio del Conde del Valle de Súchil","2011-01-25","Fomento Cultural Banamex, A.C.",10,"Durango",5,"Durango",1,"Victoria de Durango","Av. 5 de Febrero","Centro","34000","(618)  811 71 36","https://fomentoculturalbanamex.org/condeValleSuchil.html","maria.fernanda.rangelchavira@citi.com	",-104.66875,24.02372,"http://sic.gob.mx/ficha.php?table=centro_cultural&table_id=2857","2025-08-12 12:18:08-06"
3434,"Centro de Formación de Tapia","1000-01-01","Instituto Municipal para el Desarrollo Humano y Valores a través de la Dirección Arte y Cultura",10,"Durango",5,"Durango",1,"Victoria de Durango","Hacienda los Laureles 134","Fracc. Hacienda de Tapia","34147","618 137 8496","","direccion.imac@gmail.com",-104.67019,24.02399,"http://sic.gob.mx/ficha.php?table=centro_cultural&table_id=3434","2026-01-15 13:20:36-06"
3435,"Centro de Formación Artística Guadalupe","2017-01-01","Instituto Municipal para el Desarrollo Humano y Valores a través de la Dirección Arte y Cultura",10,"Durango",5,"Durango",1,"Victoria de Durango","Mar de Plata 544","Fracc. Guadalupe","34220","618 153 0482","","",-104.62016,24.04499,"http://sic.gob.mx/ficha.php?table=centro_cultural&table_id=3435","2025-05-12 11:52:52-06"
1947,"Escuela de la Música Mexicana","1992-11-02","Instituto de Cultura del Estado de Durango/Secretaría de Educación del Estado de Durango",10,"Durango",5,"Durango",1,"Victoria de Durango","Zaragoza 210 Sur entre Negrete y 20 de Noviembre","Centro Histórico","34000","618 811 98 71","","esmumex.comunicacion@gmail.com",-104.67228,24.02497,"http://sic.gob.mx/ficha.php?table=centro_cultural&table_id=1947","2025-05-08 14:28:39-06"
1482,"Casa de la Cultura de Durango","1979-07-07","Instituto de Cultura del Estado de Durango",10,"Durango",5,"Durango",1,"Victoria de Durango","Negrete 900 Pte.","Centro Histórico","34000","618 811 02 19","https://iced.durango.gob.mx/centrosculturales.html","casaculturadurango@gmail.com",-104.6724,24.02553,"http://sic.gob.mx/ficha.php?table=centro_cultural&table_id=1482","2024-08-12 14:07:35-06"
1134,"Centro Multidisciplinario Olga Arias","1994-10-24","Instituto de Cultura del Estado de Durango",10,"Durango",5,"Durango",1,"Victoria de Durango","Florida 1145","Barrio del Calvario","34000","618 113 00 51","https://iced.durango.gob.mx/","correo@iced.gob.mx",-104.67618,24.02408,"http://sic.gob.mx/ficha.php?table=centro_cultural&table_id=1134","2025-04-22 13:03:11-06"
3828,"Casa de los Saberes Jurídicos en Durango Ministro Xavier Icaza y López Negrete","2000-03-17","Suprema Corte de Justicia de la Nación (SCJN) ",10,"Durango",5,"Durango",1,"Victoria de Durango","Aquiles Serdán 110 Poniente","Centro","34000","55 4113 1000 ext. 8374 y 8366","https://www.sitios.scjn.gob.mx/casascultura/casas-cultura-juridica/durango-durango","ccjdurango@mail.scjn.gob.mx",-104.66568,24.02768,"http://sic.gob.mx/ficha.php?table=centro_cultural&table_id=3828","2026-09-25 12:29:22-06"
1485,"Centro Cultural ISSSTE de Durango","1980-12-01","Instituto de Seguridad y Servicios Sociales de los Trabajadores del Estado (ISSSTE)",10,"Durango",5,"Durango",1,"Victoria de Durango","Bruno Martínez 520 Nte.","Zona Centro","34000","618 812 83 16, 817 73 23","https://issstecitas.mx/durango/","asocialdgo@issste.gob.mx",-104.67213,24.03328,"http://sic.gob.mx/ficha.php?table=centro_cultural&table_id=1485","2024-03-01 08:02:37-06"
2894,"Centro Cultural de las Artes Plásticas, Museo de Arte Guillermo Ceniceros","2014-10-04","Instituto de Cultura del Estado de Durango",10,"Durango",5,"Durango",1,"Victoria de Durango","Av. Aquiles Serdán 1225 Pte.","Centro Histórico","34000","618 825 0027","","museo.guillermoceniceros@hotmail.com; artesplasticasiced@hotmail.com; dfydgo@hotmail.com",-104.67681,24.02687,"http://sic.gob.mx/ficha.php?table=centro_cultural&table_id=2894","2026-01-07 08:54:47-06"
1408,"Centro de Iniciación al Arte y la Cultura (CIAC)","1992-09-17","Instituto de Cultura del Estado de Durango (ICED)",10,"Durango",5,"Durango",1,"Victoria de Durango","Aquiles Serdán 702 Pte. esq. Bruno Martínez","Zona Centro","34000","618 812 23 44","","iced.cg@outlook.com",-104.67143,24.02699,"http://sic.gob.mx/ficha.php?table=centro_cultural&table_id=1408","2025-05-09 17:45:39-06"
2856,"Centro Revueltas (CORE)","2012-12-15","Centro Revueltas, A.C.",10,"Durango",5,"Durango",1,"Victoria de Durango","Independencia 110","Zona Centro ","34000","618 813 26 91","","centrorevueltasac@gmail.com",-104.6745,24.02664,"http://sic.gob.mx/ficha.php?table=centro_cultural&table_id=2856","2025-05-12 11:57:13-06"
3057,"Casa de Cultura de General Simón Bolívar","1000-01-01","Ayuntamiento de General Simón Bolívar",10,"Durango",6,"General Simón Bolívar",1,"General Simón Bolívar","Álvaro Obregón s/n","Centro","35950","(671) 763 41 21","","",0,0,"http://sic.gob.mx/ficha.php?table=centro_cultural&table_id=3057","2018-03-14 10:53:29-06"
551,"Centro Cultural del ISSSTE de Gómez Palacio","1984-01-01","Instituto de Seguridad y Servicios Sociales de los Trabajadores del Estado (ISSSTE)",10,"Durango",7,"Gómez Palacio",1,"Gómez Palacio","Río Grijalba 917","Fracc. del Bosque","35048","","","mar.reyes@issste.gob.mx",-103.4933,25.57243,"http://sic.gob.mx/ficha.php?table=centro_cultural&table_id=551","2025-09-01 12:41:09-06"
598,"Casa de la Cultura Ernestina Gamboa de Gómez Palacio","1973-03-18","Instituto de Cultura del Estado de Durango",10,"Durango",7,"Gómez Palacio",1,"Gómez Palacio","Lisboa s/n esq. Londres","Col. Campestre","35080","871 714 07 11","","ccgp73@gmail.com; absalomr@hotmail.com",-103.50055,25.55093,"http://sic.gob.mx/ficha.php?table=centro_cultural&table_id=598","2025-09-01 11:08:56-06"
852,"Casa de la Cultura Francisco Zarco","1980-07-15","Instituto de Cultura del Estado de Durango",10,"Durango",12,"Lerdo",1,"Lerdo","Av. Francisco I. Madero 52 Norte esq. Allende","Centro","35150","871 725 06 04","https://www.durango.gob.mx/tramites-y-servicios/secretarias/instituto_de_cultura_del_estado_de_durango/talleres_casa_de_la_cultura_%E2%80%9Cfrancisco_zarco%E2%80%9D_de_cd_lerdo_dgo","raul_marmolejohrmh@hotmail.com",-103.52376,25.53629,"http://sic.gob.mx/ficha.php?table=centro_cultural&table_id=852","2026-01-19 11:48:12-06"
2664,"Casa de la Cultura de Bermejillo ","2009-06-01","Ayuntamiento de Bermejillo/Dirección de Cultura",10,"Durango",13,"Mapimí",14,"Bermejillo","Independencia s/n","Centro","35230","872 776 0021","","recepcionpresidenciamapimi@gmail.com; maricela_barraza@hotmail.com; cacube.paccube@facebook.com",-103.62474,25.89011,"http://sic.gob.mx/ficha.php?table=centro_cultural&table_id=2664","2026-03-10 12:49:29-06"
3403,"Casa de Cultura Guillermo Cisneros","1000-01-01","Ayuntamiento de Pueblo Nuevo",10,"Durango",23,"Pueblo Nuevo",1,"El Salto","Av. Ferrocarril s/n","Centro","34950","675 876 00 09","","karlospro@gmail.com",-105.36019,23.77815,"http://sic.gob.mx/ficha.php?table=centro_cultural&table_id=3403","2023-02-10 06:31:24-06"
333,"Casa de Cultura de San Juan del Río","1000-01-01","Ayuntamiento de San Juan del Río",10,"Durango",28,"San Juan del Río",1,"San Juan del Río del Centauro del Norte","San Francisco 14 ","","34490 ","(671) 791 04 94","","",-99.99432,20.38639,"http://sic.gob.mx/ficha.php?table=centro_cultural&table_id=333","2025-07-17 19:10:00-06"
330,"Casa de Cultura Familia Revueltas","2012-03-02","Ayuntamiento de Santiago Papasquiaro/Instituto Municipal de Arte y Cultura (IMAC)",10,"Durango",32,"Santiago Papasquiaro",1,"Santiago Papasquiaro","Dr. Barraza 4 esq. Hidalgo","Centro","34630","674 862 0946","","imacsantiagopapasquiaro1619@hotmail.com",-105.41932,25.04029,"http://sic.gob.mx/ficha.php?table=centro_cultural&table_id=330","2026-06-12 09:42:49-06"
3866,"Centro Cultural Francisco Murguía","1000-01-01","Ayuntamiento de Tepehuanes/Dirección de Cultura",10,"Durango",35,"Tepehuanes",1,"Santa Catarina de Tepehuanes","Prol. Hidalgo s/n esq. Gral. Rocha","Zona Centro","35630","674 107 3969","https://tepehuanes.durango.gob.mx/","ayuntamiento.tepehuanes@gmail.com; lindadgo791115@gmail.com",-105.72447,25.34182,"http://sic.gob.mx/ficha.php?table=centro_cultural&table_id=3866","2026-02-17 12:29:05-06"
549,"Casa de Cultura de Vicente Guerrero","1988-01-01","Ayuntamiento de Vicente Guerrero",10,"Durango",38,"Vicente Guerrero",1,"Vicente Guerrero","5 de Febrero 108","Ejido J. Guadalupe Rodríguez","34890","675 865 01 16","http://www.vicenteguerrero.gob.mx","culturavg2225@gmail.com, secretariavtegro@hotmail.com",-103.97994,23.72482,"http://sic.gob.mx/ficha.php?table=centro_cultural&table_id=549","2023-11-09 07:51:03-06"
2735,"Casa de la Cultura Valle de los Patos","2013-06-14","Ayuntamiento de Nuevo Ideal",10,"Durango",39,"Nuevo Ideal",1,"Nuevo Ideal","Francisco. I Madero 900 esq. Isabel la Católica","Centro","34420","677 873 08 32, 677 873 23 78","https://nuevoideal.durango.gob.mx/","comunicacion2225ni@gmail.com; casadelacultura@live.com.mx",-105.07539,24.88626,"http://sic.gob.mx/ficha.php?table=centro_cultural&table_id=2735","2024-04-04 12:09:48-06"
1578,"Casa de la Cultura de Abasolo","1994-12-01","Ayuntamiento de Abasolo",11,"Guanajuato",1,"Abasolo",1,"Abasolo","Primavera 104","Centro","36970","429 693 15 07","http://conoceabasolo.gob.mx/aba/","casaculturaabasolo@gmail.com",-101.5294,20.45041,"http://sic.gob.mx/ficha.php?table=centro_cultural&table_id=1578","2023-04-24 05:04:55-06"
579,"Centro Cultural Ignacio Ramírez El Nigromante","1962-08-17","Secretaría de Cultura/INBA",11,"Guanajuato",3,"San Miguel de Allende",1,"San Miguel de Allende","Dr. Hernández Macías 75","Centro","37700","(415) 152 02 89","http://www.elnigromante.bellasartes.gob.mx/","cceninba@prodigy.net.mx; elnigromante.informes@inba.gob.mx",-100.74563,20.91499,"http://sic.gob.mx/ficha.php?table=centro_cultural&table_id=579","2026-01-26 18:43:17-06"
3110,"Centro Cultural Juan Ignacio <i>Juani </i>Torres Landa García","2018-03-21","Ayuntamiento de San Miguel de Allende/Dirección de Cultura y Tradiciones",11,"Guanajuato",3,"San Miguel de Allende",1,"San Miguel de Allende","Garambullo s/n","Col. Palmita de Landeta","37748","415 110 3231","","amartinezr@sanmigueldeallende.gob.mx",-100.71338,20.90401,"http://sic.gob.mx/ficha.php?table=centro_cultural&table_id=3110","2026-07-06 13:40:22-06"
4000,"Casa de la Cultura El Chorro","1998-01-01","Ayuntamiento de San Miguel de Allende/Dirección de Cultura y Tradiciones",11,"Guanajuato",3,"San Miguel de Allende",1,"San Miguel de Allende","Bajada del Chorro 4","Centro","37700","415 15 4 5670","http://www.sanmiguelallende.gob.mx","amartinezr@sanmigueldeallende.gob.mx",-100.74061,20.90894,"http://sic.gob.mx/ficha.php?table=centro_cultural&table_id=4000","2026-07-23 10:13:07-06"
560,"Casa de la Cultura Mesones","2011-09-29","Ayuntamiento de San Miguel de Allende/Dirección de Cultura y Tradiciones",11,"Guanajuato",3,"San Miguel de Allende",1,"San Miguel de Allende","Mesones 71","Centro","37700","415 688 5076","http://www.sanmiguelallende.gob.mx","amartinezr@sanmigueldeallende.gob.mx",-100.74369,20.91561,"http://sic.gob.mx/ficha.php?table=centro_cultural&table_id=560","2026-07-23 09:18:13-06"
1517,"Casa de la Cultura de Apaseo El Alto","1995-06-16","Presidencia Municipal de Apaseo el Alto",11,"Guanajuato",4,"Apaseo el Alto",1,"Apaseo el Alto","José María Morelos y Pavón 106","Centro","38500","(413) 166 11 21","","culturaapaseoa@gmail.com",-100.62199,20.45712,"http://sic.gob.mx/ficha.php?table=centro_cultural&table_id=1517","2026-06-29 18:19:48-06"
1518,"Casa de la Cultura Poeta Antonio Plaza","1994-01-01","Presidencia Municipal de Apaseo el Grande",11,"Guanajuato",5,"Apaseo el Grande",1,"Apaseo el Grande","Morelos 308","Centro","38160","(413) 158 34 96","","ccapaseoelgrande@hotmail.com",-100.68479,20.54599,"http://sic.gob.mx/ficha.php?table=centro_cultural&table_id=1518","2025-09-18 19:56:34-06"
1519,"Casa de la Cultura de Atarjea","1995-01-01","Presidencia Municipal de Atarjea",11,"Guanajuato",6,"Atarjea",1,"Atarjea","Plaza Principal s/n","Centro","37940","(664)143 19 10 ","","cultura_atarjea@hotmail.com",-99.72016,21.26742,"http://sic.gob.mx/ficha.php?table=centro_cultural&table_id=1519","2025-09-22 16:38:23-06"
2445,"Casa del Diezmo","1976-01-01","Instituto Municipal de Arte y Cultura de Celaya",11,"Guanajuato",7,"Celaya",1,"Celaya","Benito Juárez 204","Centro","38000","461 613 2765","https://www.insmacc.gob.mx/blog/convocatorias/talleres-artisticos-casa-del-diezmo/","dvsismacc@gmail.com",-100.81541,20.521,"http://sic.gob.mx/ficha.php?table=centro_cultural&table_id=2445","2026-02-27 11:48:36-06"
1520,"Casa de la Cultura Ramón Torres Franco","1979-01-01","Ayuntamiento de Ciudad Manuel Doblado",11,"Guanajuato",8,"Manuel Doblado",1,"Ciudad Manuel Doblado","Álvaro Obregón 10","Centro","36470","(432) 744 01 50","http://manueldoblado.gob.mx/new-page.html","Cultura1821@autlook.com",-101.95344,20.72816,"http://sic.gob.mx/ficha.php?table=centro_cultural&table_id=1520","2025-06-11 17:28:18-06"
1521,"Casa de la Cultura Chamacuero","1992-09-01","Ayuntamiento de Comonfort",11,"Guanajuato",9,"Comonfort",1,"Comonfort","Mariano Arista 32","Centro","38200","412 156 3215","https://www.comonfort.gob.mx/","casa.cultura@comonfort.gob.mx;  culturaporchamacuero@gmail.com",-100.76181,20.71806,"http://sic.gob.mx/ficha.php?table=centro_cultural&table_id=1521","2026-04-27 11:43:29-06"
1522,"Casa de la Cultura de Coroneo","1972-09-01","Ayuntamiento de Coroneo",11,"Guanajuato",10,"Coroneo",1,"Coroneo","Pablo Mondragón  131","Centro","38590","421 473 05 32","","laculturacoroneo@hotmail.com",-100.3678,20.20146,"http://sic.gob.mx/ficha.php?table=centro_cultural&table_id=1522","2026-03-06 17:14:04-06"
1523,"Casa de la Cultura de Cortazar","1996-01-01","Presidencia Municipal de Cortazar",11,"Guanajuato",11,"Cortazar",1,"Cortazar","Ing, Antonio  Madrazo No. 602","Centro","38300","(411) 155 39 33","","centroculturalcortazar@hotmail.com",-100.96252,20.48881,"http://sic.gob.mx/ficha.php?table=centro_cultural&table_id=1523","2025-10-01 18:54:19-06"
1524,"Casa de la Cultura Salvador Contreras","1995-01-01","Presidencia Municipal de Cuerámaro",11,"Guanajuato",12,"Cuerámaro",1,"Cuerámaro","Puerta de la Reserva 200","Centro","36960","(429) 694 21 56","","cc.cueramaro@hotmail.com",-101.67041,20.63309,"http://sic.gob.mx/ficha.php?table=centro_cultural&table_id=1524","2025-07-02 17:38:15-06"
1534,"Casa de Cultura Xochiquetzal","2005-08-05","Presidencia Municipal de Doctor Mora",11,"Guanajuato",13,"Doctor Mora",1,"Doctor Mora","Av. Guanajuato 8","Centro","37960","(419) 193 07 75","","ccxochiquetzaldoctormora@gmaill.com",-100.3179,21.14203,"http://sic.gob.mx/ficha.php?table=centro_cultural&table_id=1534","2025-10-06 19:25:44-06"
1525,"Casa de la Cultura de Dolores Hidalgo","1994-11-18","Ayuntamiento de Dolores Hidalgo",11,"Guanajuato",14,"Dolores Hidalgo Cuna de la Independencia Nacional",1,"Dolores Hidalgo Cuna de la Independencia Nacional","Av. Educación Tecnológica s/n","Centro","37800","418 182 06 15","http://www.guanajuato.gob.mx/cultura/casas.php","culturadol@hotmail.com",-100.93382,21.16386,"http://sic.gob.mx/ficha.php?table=centro_cultural&table_id=1525","2025-07-30 14:26:05-06"
3349,"Factoría de 7 Arte y Cultura","2015-01-01","",11,"Guanajuato",15,"Guanajuato",1,"Guanajuato","Positos 25","","36000","473 732 1125","","",-101.25615,21.01833,"http://sic.gob.mx/ficha.php?table=centro_cultural&table_id=3349","2021-07-13 07:02:10-05"
1368,"Casa de la Cultura de Guanajuato","1997-11-01","Ayuntamiento de Guanajuato/Dirección Municipal de Cultura y Educación",11,"Guanajuato",15,"Guanajuato",1,"Guanajuato","5 de Mayo 1","Centro","36000","(473) 732 74 91","","lecturaug@gmail.com",-101.25922,21.01904,"http://sic.gob.mx/ficha.php?table=centro_cultural&table_id=1368","2025-09-22 19:59:46-06"
3060,"Centro Cultural Mariel","2015-07-20","Organización no Gubernamental",11,"Guanajuato",15,"Guanajuato",67,"Marfil","Molinos de Viento s/n","Las Teresas","36250","(473) 733 0685","http://centroculturalmariel.com/","centroculturalmariel@hotmail.com",-101.29475,20.99552,"http://sic.gob.mx/ficha.php?table=centro_cultural&table_id=3060","2019-09-25 09:24:01-05"
1526,"Casa de la Cultura de Huanímaro","1992-01-01","Presidencia Municipal de Huanímaro",11,"Guanajuato",16,"Huanímaro",1,"Huanímaro","Portal Morelos 1","Centro","36990","(429) 691 02 04","","cultura.huanimaro@gmail.com",-101.49664,20.36807,"http://sic.gob.mx/ficha.php?table=centro_cultural&table_id=1526","2026-06-29 18:28:12-06"
2625,"Casa de la Cultura Chinacos","1980-10-18","Instituto Municipal de Cultura Arte y Recreación de Irapuato",11,"Guanajuato",17,"Irapuato",1,"Irapuato","Calz. de Los Chinacos s/n","Col. Viveros Revolución","36690","+52 462  624 16 44","https://cultura.irapuato.gob.mx/casas-de-cultura/","promocincultural@yahoo.com.mx; irapuato.imcar@gmail.com; a.soloriorp@gmail.com",-101.36235,20.68649,"http://sic.gob.mx/ficha.php?table=centro_cultural&table_id=2625","2025-04-22 11:38:52-06"
3447,"Centro Regional de Expresión Artística (CREA)","2016-04-27","CREA, Arte, Cultura, Innovación y Ciencia, A.C.",11,"Guanajuato",17,"Irapuato",1,"Irapuato","Av. Guerrero 2955","Col. Las Plazas","36620","462 624 63 84","https://www.creacultura.com.mx/","contacto@creacultura.com.mx; ing.alvarez88@gmail.com",-101.35689,20.69925,"http://sic.gob.mx/ficha.php?table=centro_cultural&table_id=3447","2025-04-23 12:08:27-06"
1241,"Casa de Cultura Centro","1987-09-18","Instituto Municipal de Cultura, Arte y Recreación (IMCAR)",11,"Guanajuato",17,"Irapuato",1,"Irapuato","Av. Álvaro Obregón 16","Centro","36500","462 626 80 95","","irapuato.imcar@gmail.com",-101.34597,20.67209,"http://sic.gob.mx/ficha.php?table=centro_cultural&table_id=1241","2025-04-22 10:58:59-06"
3448,"Centro Cultural Akana","2013-11-29","Instituto de Cultura y Formación Teatral Akana, AC ",11,"Guanajuato",17,"Irapuato",1,"Irapuato","Francisco Sarabia 429  ","Col. Niños Héroes","36668","462 635 10 08  ","","teatro.akana@gmail.com",-101.34995,20.68632,"http://sic.gob.mx/ficha.php?table=centro_cultural&table_id=3448","2024-02-27 08:28:27-06"
937,"Casa de la Cultura Profr. Fulgencio Vargas Ortiz","1980-01-01","Presidencia Municipal de Jaral del Progreso",11,"Guanajuato",18,"Jaral del Progreso",1,"Jaral del Progreso","Maiz 209","Centro","38470","411 661 01 45 exts. 205, 106","","casaculturafulgenciovargas@gmail.com",-101.06396,20.37697,"http://sic.gob.mx/ficha.php?table=centro_cultural&table_id=937","2025-07-01 18:46:58-06"
1527,"Casa de la Cultura de Jerécuaro  ","1990-01-01","Presidencia Municipal de Jerécuaro",11,"Guanajuato",19,"Jerécuaro",1,"Jerécuaro","Fray Ángel No. 7","Centro","38540","421 100 0092,  421 105 3296","https://www.jerecuaro.gob.mx/?fbclid=IwY2xjawLRY6tleHRuA2FlbQIxMABicmlkETFxbXp2U2tJTFpmQjM5VXVyAR517NGXuIm9uk7ANXwrEK89PO-JzoRlDphuqLCQ5MwQEhFc9IzfWEdmyEnYgw_aem_d76WWQpincqYydAbgxx43w","casajerecuaro@hotmail.es; direcciondecultura@jercuaro.gob.mx",-100.51067,20.15005,"http://sic.gob.mx/ficha.php?table=centro_cultural&table_id=1527","2025-07-02 13:34:38-06"
3077,"Centro Cultural Ecológico Imagina","2016-09-01","Imagina Biblioteca Infantil A.C.",11,"Guanajuato",20,"León",1,"León de los Aldama","Murallas 133","Col. El Castillo Poniente","37209","477 790 4362 ext. 121","https://www.imaginabiblioteca.org.mx/Comunidad","hola@imaginabiblioteca.org.mx",-101.66276,21.19387,"http://sic.gob.mx/ficha.php?table=centro_cultural&table_id=3077","2026-04-20 09:15:19-06"
1647,"Forum Cultural Guanajuato","2006-01-01","Secretaría de Cultura, Instituto Estatal de la Cultura de Guanajuato, Universidad de Guanajuato",11,"Guanajuato",20,"León",1,"León de los Aldama","Prol. Calz. de los Héroes 308","Col. La Martinica","37500","477 763 3534 ext. 116","https://leon-mexico.com/centros-recreativos/forum-cultural-guanajuato/","",-101.6606,21.11645,"http://sic.gob.mx/ficha.php?table=centro_cultural&table_id=1647","2026-04-20 09:36:22-06"
232,"Casa de la Cultura Diego Rivera de León","1973-10-15","Instituto Cultural de León, Dirección de Desarrollo Académico ",11,"Guanajuato",20,"León",1,"León de los Aldama","Portal Delicias s/n, Plaza Fundadores","Centro","37000","477 716 9865","https://culturaleon.com/place/casa-de-la-cultura-diego-rivera","iclcasaculturaleon@gmail.com ",-101.68376,21.12254,"http://sic.gob.mx/ficha.php?table=centro_cultural&table_id=232","2026-05-14 10:23:51-06"
2334,"Centro Cultural San Gabriel","2000-01-01","Centro Cultural San Gabriel, A.C.",11,"Guanajuato",20,"León",1,"León de los Aldama","Circunvalación Pte. 1154","Col. Jardines del Moral","37160","477 773 54 13 ","https://www.sangabrielcentrocultural.com/","sangabrielcentrocultural@gmail.com",-101.69739,21.14791,"http://sic.gob.mx/ficha.php?table=centro_cultural&table_id=2334","2024-11-05 12:56:12-06"
3839,"Casa de los Saberes Jurídicos en León Ministro Euquerio Guerrero López","2006-01-01","Suprema Corte de Justicia de la Nación",11,"Guanajuato",20,"León",1,"León de los Aldama","Chiapas 309","Col. Bellavista","37360","55 4113 1000 ext. 8174  y 8168","https://www.sitios.scjn.gob.mx/casascultura/casas-cultura-juridica/leon-guanajuato","ccjleon@mail.scjn.gob.mx",-101.69241,21.12147,"http://sic.gob.mx/ficha.php?table=centro_cultural&table_id=3839","2026-09-25 12:27:01-06"
2992,"Centro Cultural Luciérnaga Azul Arte en Producción","2012-09-21","Particular",11,"Guanajuato",20,"León",1,"León de los Aldama","Donato Guerra 127","Centro","37000","477 713 31 27","","luciernagableu@gmail.com",-101.67923,21.12265,"http://sic.gob.mx/ficha.php?table=centro_cultural&table_id=2992","2026-04-20 09:29:43-06"
1468,"Casa de la Cultura Efrén Hernández","2003-10-02","Instituto Cultural de León",11,"Guanajuato",20,"León",1,"León de los Aldama","Monte de las Cruces 402","Fracc. Hidalgo","37220","477 779 6334","http://institutoculturaldeleon.org.mx/","erika.trujillo@culturaleon.com; ccefrenhernandez.ici@hotmail.com; ulises.torres@culturaleon.com",-101.66867,21.1435,"http://sic.gob.mx/ficha.php?table=centro_cultural&table_id=1468","2026-04-20 09:01:22-06"
1413,"Casa de la Cultura de Moroleón","1989-07-20","Presidencia Municipal de Moroleón",11,"Guanajuato",21,"Moroleón",1,"Moroleón","Salvador Díaz Mirón 45","Col. Villas del Sur","38800","445 457 44 39","https://casadelaculturamoroleon.gob.mx/","casadelaculturamoroleon21.24@gmail.com",-101.18814,20.12047,"http://sic.gob.mx/ficha.php?table=centro_cultural&table_id=1413","2024-07-10 14:50:09-06"
1528,"Casa de la Cultura Socorro Aranda Ocampo","1997-05-20","Presidencia Municipal de Ocampo",11,"Guanajuato",22,"Ocampo",1,"Ocampo","Guadalupe Victoria #206","Centro","37630","(428) 683 03 79","","culturaocampo2018@gmail.com",-101.4791,21.64953,"http://sic.gob.mx/ficha.php?table=centro_cultural&table_id=1528","2025-07-02 17:14:48-06"
942,"Casa de la Cultura Plazuelas","1995-10-11","Ayuntamiento de Pénjamo/Dirección de Desarrollo Social y Humano/Coordinación Casa de Cultura Plazuelas Pénjamo",11,"Guanajuato",23,"Pénjamo",1,"Pénjamo","Portal Zaragoza 44","Centro","36900","469 692 00 09 ext. 402","https://municipiodepenjamo.gob.mx/","casacultura_plazuelas_@hotmail.com",-101.72447,20.43136,"http://sic.gob.mx/ficha.php?table=centro_cultural&table_id=942","2024-07-19 11:02:02-06"
1529,"Casa de la Cultura de Pueblo Nuevo","1995-01-01","Presidencia Municipal de Pueblo Nuevo",11,"Guanajuato",24,"Pueblo Nuevo",1,"Pueblo Nuevo","Calz. del Panteón 310","Centro","36890","429 695 08 37","","cultura@pueblonuevogto.gob.mx",-101.37331,20.53185,"http://sic.gob.mx/ficha.php?table=centro_cultural&table_id=1529","2025-07-03 14:39:47-06"
1530,"Casa de Cultura Hermenegildo Bustos","2003-09-18","Ayuntamiento de Purísima del Rincón",11,"Guanajuato",25,"Purísima del Rincón",1,"Purísima de Bustos","5 de mayo 107","Centro","36300","476 744 5145","http://purisimadelrincon.mx/purisima/","cculturahb@gmail.com",-101.87861,21.02817,"http://sic.gob.mx/ficha.php?table=centro_cultural&table_id=1530","2025-10-27 12:23:08-06"
951,"Casa de la Cultura Margarita Fernández López","2000-02-01","Ayuntamiento de Romita",11,"Guanajuato",26,"Romita",1,"Romita","Av. Valentín Gómez Farías","Juárez","36206","(432) 745 29 92","","ccculturaromita.gto@autlook.es",-101.52237,20.87394,"http://sic.gob.mx/ficha.php?table=centro_cultural&table_id=951","2026-04-27 17:53:34-06"
1016,"Casa de Cultura de Salamanca ","1973-04-01","Dirección de Cultura",11,"Guanajuato",27,"Salamanca",1,"Salamanca","Revolución 204","Centro","36700","464 641 4500 ext. 3000","","casacultura421@gmail.com; direccion.cultura@salamanca.gob.mx",-101.19785,20.56783,"http://sic.gob.mx/ficha.php?table=centro_cultural&table_id=1016","2025-08-20 13:36:55-06"
993,"Centro de las Artes de Guanajuato","2002-11-17","Secretaría de Cultura del Gobierno del Estado de Guanajuato",11,"Guanajuato",27,"Salamanca",1,"Salamanca","Revolución 204","Centro","36700","464 641 6613","","vmarinm@guanajuato.gob.mx",-101.19773,20.56742,"http://sic.gob.mx/ficha.php?table=centro_cultural&table_id=993","2026-01-07 12:57:54-06"
3781,"Casa de Cultura Leona Vicario","2018-02-09","Casa de cultura Salamanca",11,"Guanajuato",27,"Salamanca",1,"Salamanca","Av. Leona Vicario ","Col. San Juan Chihuahua ","36744","464 641 45 00 ext 3000 a 3005","","casacultura421@gmail.com",-101.20322,20.58449,"http://sic.gob.mx/ficha.php?table=centro_cultural&table_id=3781","2024-07-29 10:33:44-06"
930,"Casa de la Cultura de Salvatierra","1989-01-01","Presidencia Municipal de Salvatierra",11,"Guanajuato",28,"Salvatierra",1,"Salvatierra","Zaragoza  738","Centro","38900","(466) 663 07 18","","casadecultura728@gmail.com",-100.87593,20.21467,"http://sic.gob.mx/ficha.php?table=centro_cultural&table_id=930","2019-10-02 08:04:51-05"
1549,"Casa de la Cultura de San Diego de la Unión","1992-01-01","Presidencia Municipal  de San Diego de la Unión",11,"Guanajuato",29,"San Diego de la Unión",1,"San Diego de la Unión","Hidalgo esquina con Acequia s/n","Centro","37850","(418) 684 09 11","","casadelaculturasdu@gmail.com",0,0,"http://sic.gob.mx/ficha.php?table=centro_cultural&table_id=1549","2019-10-02 08:11:12-05"
1531,"Casa de la Cultura de San Felipe","1993-01-01","Presidencia Municipal de San Felipe",11,"Guanajuato",30,"San Felipe",1,"San Felipe","Álvaro Obregón 201","Centro","37600","(428) 685 17 17","","culturasanfelipe@hotmail.com",-101.21534,21.48149,"http://sic.gob.mx/ficha.php?table=centro_cultural&table_id=1531","2025-10-08 17:52:40-06"
1532,"Casa de la Cultura de San Francisco del Rincón","1985-01-01","Ayuntamiento de San Francisco del Rincón",11,"Guanajuato",31,"San Francisco del Rincón",1,"San Francisco del Rincón","H. Colegio Militar s/n esq. Ignacio Altamirano","Centro","36300","(476) 743 22 66 ext. 1152 y 1153 ","","accionculturalsfr@gmail.com",-101.85879,21.01328,"http://sic.gob.mx/ficha.php?table=centro_cultural&table_id=1532","2025-08-29 19:56:48-06"
1550,"Casa de Cultura de San José Iturbide","1992-03-01","Ayuntamiento de San José Iturbide",11,"Guanajuato",32,"San José Iturbide",1,"San José Iturbide","Av. Manuel Rodríguez 120 ","Col. Loma de Guadalupe","37980","419 142 0003, 419 133 2119 ext. 720","","casasanjoseiturbide@outlook.com",-100.37777,21.00419,"http://sic.gob.mx/ficha.php?table=centro_cultural&table_id=1550","2026-01-16 12:10:45-06"
2720,"Centro Cultural Ludovicense","1992-01-01","Instituto Estatal de Cultura",11,"Guanajuato",33,"San Luis de la Paz",1,"San Luis de la Paz","Allende 829","Centro","37900","(468)  688 29 14","","casadecultura_sipz@hotmail.com",-100.52401,21.29216,"http://sic.gob.mx/ficha.php?table=centro_cultural&table_id=2720","2019-10-02 08:44:57-05"
1551,"Casa de la Cultura de San Luis de la Paz","1992-01-01","Ayuntamiento de San Luis de la Paz",11,"Guanajuato",33,"San Luis de la Paz",1,"San Luis de la Paz","Allende  829","Col. Nueva del Sol","37900","468 688 29 14","","casadecultura_slpz@hotmail.com",-100.51769,21.29113,"http://sic.gob.mx/ficha.php?table=centro_cultural&table_id=1551","2023-09-25 13:40:13-06"
1552,"Casa de la Cultura de Santa Catarina","1997-01-01","Presidencia Municipal de Santa Catarina",11,"Guanajuato",34,"Santa Catarina",32,"El Tablón","Palmeros s/n","Centro","37950","419 293 7141","","santacata.cultura@gmail.com",-100.0754,21.14248,"http://sic.gob.mx/ficha.php?table=centro_cultural&table_id=1552","2023-10-05 07:52:55-06"
1533,"Casa de la Cultura de Santa Cruz  de Juventino Rosas","1974-01-01","Presidencia Municipal de Santa Cruz de Juventino Rosas",11,"Guanajuato",35,"Santa Cruz de Juventino Rosas",1,"Juventino Rosas","16 de Septiembre 309","Centro","38240","(412) 157 30 20","","casadelacultura_jrosas@hotmail.com",-100.99488,20.64094,"http://sic.gob.mx/ficha.php?table=centro_cultural&table_id=1533","2025-07-04 17:33:15-06"
1553,"Casa de la Cultura de Santiago Maravatío Fray Nicolás P. Navarrete ","1998-01-01","Presidencia Municipal de Santiago Maravatio",11,"Guanajuato",36,"Santiago Maravatío",1,"Santiago Maravatío","Ignacio Zaragoza 24","Barrio de Guadalupe","38790","(466) 451 08 82","","sm.casadelacultura@gmail.com",-100.99623,20.17164,"http://sic.gob.mx/ficha.php?table=centro_cultural&table_id=1553","2026-07-01 18:44:25-06"
1554,"Casa de la Cultura Isauro Rionda Arreguín","1979-09-01","Ayuntamiento de Silao de la Victoria/Instituto Municipal de Cultura",11,"Guanajuato",37,"Silao de la Victoria",1,"Silao de la Victoria","Dr. Domenzain 29","Centro","36100","472 722 52 03","","culturasilao@gmail.com",-101.42946,20.94347,"http://sic.gob.mx/ficha.php?table=centro_cultural&table_id=1554","2025-02-06 08:41:16-06"
1555,"Casa de la Cultura de Tarandacuao","1994-01-01","Presidencia Municipal de Tarandacuao",11,"Guanajuato",38,"Tarandacuao",1,"Tarandacuao","Independencia 41","Centro","38790","(421) 474 01 50","http://www.tarandacuao.gob.mx/Casa_Cultura.htm","cculturatarandagto@hotmail.com",-100.51452,20.00048,"http://sic.gob.mx/ficha.php?table=centro_cultural&table_id=1555","2025-10-09 19:20:40-06"
1556,"Casa de la Cultura Lucas de San Juan","1994-01-01","Ayuntamiento de Tarimoro/Dirección de Cultura",11,"Guanajuato",39,"Tarimoro",1,"Tarimoro","Morelos 79","Centro","38700","466 664 1008","https://www.tarimoro.gob.mx/category/presidencia/","cctlucasdesanjuan@hotmail.com",-100.75885,20.2913,"http://sic.gob.mx/ficha.php?table=centro_cultural&table_id=1556","2026-05-18 13:09:55-06"
1557,"Casa de la Cultura de Tierra Blanca","1997-10-01","Ayuntamiento de Tierra Blanca",11,"Guanajuato",40,"Tierra Blanca",1,"Tierra Blanca","Zaragoza s/n","Centro","37970","(419) 690 30 08 ex.t 22, 234 00 95","","cctbgto1821@hotmail.com",0,0,"http://sic.gob.mx/ficha.php?table=centro_cultural&table_id=1557","2025-07-15 19:49:32-06"
1558,"Casa de la Cultura de Uriangato","1994-02-01","Presidencia Municipal de Uriangato",11,"Guanajuato",41,"Uriangato",1,"Uriangato","Fernando Montes de Oca No. 106, Fracc. Montes de Oca","","38980","(445) 457 56 20","","casadeculturauriangato@gmail.com",-101.18065,20.14937,"http://sic.gob.mx/ficha.php?table=centro_cultural&table_id=1558","2025-09-23 17:55:49-06"
1559,"Casa de la Cultura de Valle de Santiago","1996-01-01","Presidencia Municipal de Valle de Santiago",11,"Guanajuato",42,"Valle de Santiago",1,"Valle de Santiago","Carranza 25 ","Centro","38400","456 643 56 40","","casacultura.valle@hotmail.com",0,0,"http://sic.gob.mx/ficha.php?table=centro_cultural&table_id=1559","2023-07-28 06:38:06-06"
1560,"Casa de la Cultura de Victoria","1992-01-01","Presidencia Municipal de Victoria",11,"Guanajuato",43,"Victoria",1,"Victoria","Los Hernández s/n","Centro","37920","(419) 293 90 62","","m_amador@victoria.gob.mx",-100.2194,21.21541,"http://sic.gob.mx/ficha.php?table=centro_cultural&table_id=1560","2025-10-21 19:31:50-06"
940,"Casa de la Cultura de Villagrán Felipe Arpero","1994-05-07","Presidencia Municipal de Villagrán",11,"Guanajuato",44,"Villagrán",1,"Villagrán","Av. Praderas s/n","Praderas de la venta","","411 165 19 01, 411 1651 721","","casadelaculturavilla@gmail.com",-100.99847,20.52553,"http://sic.gob.mx/ficha.php?table=centro_cultural&table_id=940","2026-08-31 13:09:10-06"
1561,"Casa de la Cultura de Xichú","1994-01-01","Presidencia Municipal de Xichú",11,"Guanajuato",45,"Xichú",1,"Xichú","Hidalgo s/n","Centro","37930","(419) 294 10 21","","xichucultura@gmail.com",0,0,"http://sic.gob.mx/ficha.php?table=centro_cultural&table_id=1561","2019-10-04 07:34:27-05"
943,"Casa de la Cultura Yuriria","1989-01-01","Presidencia Municipal de Yuriria",11,"Guanajuato",46,"Yuriria",1,"Yuriria","Fray Nicolás P. Navarrete #7","Centro","38940","(445) 168 57 00","","casadelaculturade@yuriria.gob.mx",-101.1297,20.21523,"http://sic.gob.mx/ficha.php?table=centro_cultural&table_id=943","2025-07-02 17:38:58-06"
3827,"Casa de los Saberes Jurídicos en Acapulco Ministro Alberto Vásquez del Mercado","2006-01-01","Suprema Corte de Justicia de la Nación (SCJN)/ Dirección General de Casas de la Cultura Jurídica",12,"Guerrero",1,"Acapulco de Juárez",1,"Acapulco de Juárez","Av. Costera Miguel Alemán 2412","Fracc. Club Deportivo","39690","55 4113 1000 exst. 8181, 8182, 8185","https://www.sitios.scjn.gob.mx/casascultura/node/17","ccjacapulco@mail.scjn.gob.mx",-99.86003,16.85603,"http://sic.gob.mx/ficha.php?table=centro_cultural&table_id=3827","2026-09-24 14:24:21-06"
3888,"Alianza Francesa de Acapulco","1978-01-01","Federación de Alianzas Francesas en México",12,"Guerrero",1,"Acapulco de Juárez",1,"Acapulco de Juárez","Calle Antón de Alaminos 23","Fracc. Costa Azul","","744 484 2124","https://alianzafrancesa.org.mx/acapulco/conoce-la-alianza-francesa-acapulco/","contacto@afacapulco.com",-99.84978,16.85064,"http://sic.gob.mx/ficha.php?table=centro_cultural&table_id=3888","2025-09-04 11:13:56-06"
3912,"Centro Cultural Jardín","1000-01-01","Ayuntamiento de Acapulco/Dirección de Cultura",12,"Guerrero",1,"Acapulco de Juárez",1,"Acapulco de Juárez","Av. de las Palmas s/n","Col. Jardín Palmas","39422","744 482 4717","https://acapulco.gob.mx/","direcciondecultura@acapulco.gob.mx",-99.94703,16.88073,"http://sic.gob.mx/ficha.php?table=centro_cultural&table_id=3912","2026-08-28 11:08:38-06"
3911,"Centro Cultural Progreso","1000-01-01","Ayuntamiento de Acapulco/Dirección de Cultura",12,"Guerrero",1,"Acapulco de Juárez",1,"Acapulco de Juárez","Av. Durango s/n","Col. Progreso","39350","744  482 4717","https://acapulco.gob.mx/","direcciondecultura@acapulco.gob.mx",-99.89917,16.86262,"http://sic.gob.mx/ficha.php?table=centro_cultural&table_id=3911","2026-08-28 11:08:20-06"
605,"Centro Cultural Faro Zapata","2011-09-03","Secretaría de Cultura del Gobierno del Estado de Guerrero",12,"Guerrero",1,"Acapulco de Juárez",1,"Acapulco de Juárez","Calle 10, Sector 1, Mza 8 ","Col. Emiliano Zapata","39850","744 910 8875","https://www.guerrero.gob.mx/dependencia/sector-central/secretaria-de-cultura/","calvo24_aquiles@hotmail.com",-99.83205,16.89792,"http://sic.gob.mx/ficha.php?table=centro_cultural&table_id=605","2025-09-04 10:44:16-06"
2714,"Centro Cultural La Casa de los Vientos (en remodelación)","2013-07-26","Secretaría de Cultura del Estado de Guerrero",12,"Guerrero",1,"Acapulco de Juárez",1,"Acapulco de Juárez","Inalámbrica 6","Fracc. Las Playas","39390","","","",-99.91456,16.84449,"http://sic.gob.mx/ficha.php?table=centro_cultural&table_id=2714","2025-09-02 12:32:20-06"
326,"Centro Cultural Acapulco","1975-01-01","Secretaría de Cultura del Gobierno del Estado de Guerrero",12,"Guerrero",1,"Acapulco de Juárez",1,"Acapulco de Juárez","Av. Costera Miguel Alemán 4834","Fracc. Costa Azul","39850","744 484 2390","https://www.acapulco1930.com/centro-cultural-acapulco/","casadelacultura@gmail.com",-99.85086,16.84809,"http://sic.gob.mx/ficha.php?table=centro_cultural&table_id=326","2026-09-03 11:48:44-06"
3419,"Centro Cultural Rosalba de Olvera","1000-01-01","Fundación Cultural Cristo Rey Acapulco, A.C.",12,"Guerrero",1,"Acapulco de Juárez",1,"Acapulco de Juárez","Juan Serrano s/n esq. Dr. Ignacio Chávez","Fracc. Magallanes","39670","744 311 23 42;  744 136 6088","","cc.jorge92@gmail.com; ccrosalbaolvera@gmail.com",-99.87704,16.86281,"http://sic.gob.mx/ficha.php?table=centro_cultural&table_id=3419","2025-07-07 18:55:14-06"
2487,"Centro de Seguridad Social IMSS en Acapulco","1963-01-01","IMSS/Delegación Guerrero/Dirección de Prestaciones Económicas y Sociales",12,"Guerrero",1,"Acapulco de Juárez",1,"Acapulco de Juárez","Av. Cuauhtémoc 95","Centro","39300","744 482 3031 ext. 51154","http://www.imss.gob.mx","jose.mejiab@imss.gob.mx",-99.90228,16.85616,"http://sic.gob.mx/ficha.php?table=centro_cultural&table_id=2487","2026-08-28 13:13:55-06"
3812,"Centro Cultural Lucio Cabañas","2024-02-02","Ayuntamiento de Acapulco/Dirección de Cultura",12,"Guerrero",1,"Acapulco de Juárez",1,"Acapulco de Juárez","Capitán Malaespina 2 ","Centro","39300","744 482 4717","https://acapulco.gob.mx/","direcciondecultura@acapulco.gob.mx",-99.88639,16.86187,"http://sic.gob.mx/ficha.php?table=centro_cultural&table_id=3812","2025-09-02 14:36:46-06"
965,"Centro Cultural y Deportivo del ISSSTE Guerrero","1981-03-15","ISSSTE/Subdelegación de Prestaciones/Depto. de Acción Social, Cultural y Deportiva",12,"Guerrero",1,"Acapulco de Juárez",1,"Acapulco de Juárez","Av. del Maestro s/n entre Rinconada del Clipper y Rinconada del Crucero","Col. Vicente Guerrero","39500","55 5140 9617exts. 34045, 34251","http://www.issste.gob.mx","victor.carrilloz@issste.gob.mx; accionsocgro@issste.gob.mx",-99.89751,16.87717,"http://sic.gob.mx/ficha.php?table=centro_cultural&table_id=965","2026-08-31 13:12:16-06"
2337,"Centro Cultural Acapulco UAGro","1985-01-01","Universidad Autónoma de Guerrero",12,"Guerrero",1,"Acapulco de Juárez",1,"Acapulco de Juárez"," Paseo de la Cañada Mz. 5, Lote 2 A","Col. Saturación Progreso Infonavit","39570","744  471 93 10 ext. 3030","","artecultura_aca@uagro.mx",-99.88671,16.87625,"http://sic.gob.mx/ficha.php?table=centro_cultural&table_id=2337","2025-07-07 12:29:45-06"
3913,"Centro Cultural Ejido Nuevo","1000-01-01","Ayuntamiento de Acapulco/Dirección de Cultura",12,"Guerrero",1,"Acapulco de Juárez",102,"Ejido Nuevo","Domicilio conocido, frente al Panteón","","39924","744 482 4717","https://acapulco.gob.mx/","direcciondecultura@acapulco.gob.mx",-99.73809,16.97844,"http://sic.gob.mx/ficha.php?table=centro_cultural&table_id=3913","2025-09-02 14:37:25-06"
747,"Centro de Arte y Cultura Arcelia","1985-09-15","Universidad Autónoma de Guerrero UAGro",12,"Guerrero",7,"Arcelia",1,"Arcelia","Independencia 19","Col. Cuaramera","40500","732 364 1207","","cesarin.net@live.com.mx",-100.28633,18.31542,"http://sic.gob.mx/ficha.php?table=centro_cultural&table_id=747","2025-09-30 14:38:25-06"
1261,"Casa de la Cultura de Azoyú","2009-01-01","Ayuntamiento de Azoyú",12,"Guerrero",13,"Azoyú",1,"Azoyú"," Vicente Guerrero s/n esq. Guadalupe Victoria (Plaza Cívica de Azoyú)","Centro","41903","747 148 18 81","","educulturaazoyu@gmail.com; eduardo.hele9102@gmail.com",-98.60212,16.73299,"http://sic.gob.mx/ficha.php?table=centro_cultural&table_id=1261","2025-10-21 14:42:07-06"
3979,"Casa de la Cultura de Playa Ventura","2014-04-01","Ayuntamiento de Copala",12,"Guerrero",18,"Copala",9,"Colonia Juan N. Álvarez (Playa Ventura)","Domicilio conocido","Playa Ventura","41887","","","",-98.91472,16.53895,"http://sic.gob.mx/ficha.php?table=centro_cultural&table_id=3979","2026-02-26 12:57:19-06"
755,"Casa de Cultura de Coyuca de Benítez","1995-01-01","Secretaría de Cultura de Guerrero",12,"Guerrero",21,"Coyuca de Benítez",1,"Coyuca de Benítez","Prol. Vicente Guerrero s/n","Centro","40980","781 452 11 31 (recado)","http://www.coyuca.gob.mx/","presidencia@coyuca.gob.mx; culturacoyuca@hotmail.com",-100.0892,17.00925,"http://sic.gob.mx/ficha.php?table=centro_cultural&table_id=755","2023-10-30 08:22:05-06"
3777,"Centro Cultural Comunitario Teponastle (Nelvayotlanemiliskajle)","2024-06-15","Comisariado de Bienes Comunales/Gobierno del Estado de Guerrero/INPI",12,"Guerrero",28,"Chilapa de Álvarez",3,"Acatlán","Domicilio conocido","Localidad de Acatlán","41110","741 131 03 13","","",-99.16861,17.65718,"http://sic.gob.mx/ficha.php?table=centro_cultural&table_id=3777","2024-06-26 12:19:43-06"
3334,"Centro Cultural El Zanate Azul","2018-03-04","",12,"Guerrero",29,"Chilpancingo de los Bravo",1,"Chilpancingo de los Bravo","Av. Miguel Alemán 94","Col. Cuauhtémoc Sur","39060","747 545 14 65","","olgafigueroa@live.com.mx",-99.49745,17.54549,"http://sic.gob.mx/ficha.php?table=centro_cultural&table_id=3334","2025-10-10 19:51:01-06"
3437,"Arcadia Centro Cultural ","1000-01-01","",12,"Guerrero",29,"Chilpancingo de los Bravo",1,"Chilpancingo de los Bravo","27 de septiembre 15","Plazuela de San Francisco","39068","747 177 4108","","admon.arcadiacc@gmail.com",-99.50195,17.54914,"http://sic.gob.mx/ficha.php?table=centro_cultural&table_id=3437","2024-01-22 11:43:00-06"
3941,"Centro Cultural Chilpancingo UAGro","1992-11-13","Universidad Autónoma de Guerrero UAGro",12,"Guerrero",29,"Chilpancingo de los Bravo",1,"Chilpancingo de los Bravo","Abasolo 33","Centro","39000","747 108 9424","","arteycultura_@uagro.mx",-99.50083,17.55165,"http://sic.gob.mx/ficha.php?table=centro_cultural&table_id=3941","2025-10-01 11:27:36-06"
2050,"Casino del Estudiante","1989-02-17","Instituto Municipal de la Juventud",12,"Guerrero",29,"Chilpancingo de los Bravo",1,"Chilpancingo de los Bravo","Francisco I. Madero","Centro","39000","","https://chilpancingo.gob.mx/","ayuntamientompal2427@gmil.com",-99.5016,17.55309,"http://sic.gob.mx/ficha.php?table=centro_cultural&table_id=2050","2026-08-10 11:23:53-06"
1908,"Casa de Cultura de Huamuxtitlán","2013-11-02","Ayuntamiento de Huamuxtitlán",12,"Guerrero",33,"Huamuxtitlán",1,"Huamuxtitlán","San Pedro s/n","Col. San Pedro","41200","757 497 06 16","","casacultura25@hotmail.com; presidentehuamuxtitlan2021@gmail.com",-98.55938,17.81099,"http://sic.gob.mx/ficha.php?table=centro_cultural&table_id=1908","2025-03-04 09:56:34-06"
3945,"Centro Cultural de Iguala de la UAGro","1980-09-01","Universidad Autónoma de Guerrero UAGro",12,"Guerrero",35,"Iguala de la Independencia",1,"Iguala de la Independencia","Int. Complejo universitario, Carr. Iguala-Taxco s/n esq. Pacheco","Centro","40000","733 332 2870","https://www.uagro.mx/","arteycultura_iguala@uagro.mx; dividalibra@yahoo.com.mx",-99.51936,18.35277,"http://sic.gob.mx/ficha.php?table=centro_cultural&table_id=3945","2026-04-20 10:08:14-06"
3296,"Centro Cultural Miscelánea Cultural Yohuala","2020-02-24","Ayuntamiento Municipal Constitucional de Iguala de la Independencia, Guerrero",12,"Guerrero",35,"Iguala de la Independencia",1,"Iguala de la Independencia","Emiliano Zapata 355","Col. 24 de Febrero","40080","733 688 1210","https://adncultura.org/","direccionculturaiguala2021.2024@gmail.com",-99.53833,18.34455,"http://sic.gob.mx/ficha.php?table=centro_cultural&table_id=3296","2026-04-20 10:01:28-06"
593,"Casa de Cultura de Zihuatanejo","1985-01-01","Instituto Municipal de la Cultura de Zihuatanejo",12,"Guerrero",38,"Zihuatanejo de Azueta",1,"Zihuatanejo","Ejido 18","Centro","40890","755 554 40 70","","",-101.55915,17.63975,"http://sic.gob.mx/ficha.php?table=centro_cultural&table_id=593","2024-07-09 10:24:16-06"
1267,"Casa de la Cultura Ometepec","1990-07-01","Ayuntamiento de Ometepec",12,"Guerrero",46,"Ometepec",1,"Ometepec","Dr. Fidel Guillén Zamora s/n","Centro","41700","744 697 77 86","","casadecultura_ometepec@prodigy.net.mx",-98.40453,16.68619,"http://sic.gob.mx/ficha.php?table=centro_cultural&table_id=1267","2025-10-29 15:39:58-06"
1626,"Casa de la Cultura de Petatlán","1000-01-01","Ayuntamiento de Petatlán",12,"Guerrero",48,"Petatlán",1,"Petatlán","20 de Noviembre 169","Centro","40850","758 538 25 71","https://petatlan.gob.mx/","juvenal_ayala@hotmail.com",-101.27466,17.53908,"http://sic.gob.mx/ficha.php?table=centro_cultural&table_id=1626","2024-10-23 14:03:38-06"
751,"Casa de Cultura de Pungarabato","1986-01-01","Ayuntamiento de Pungarabato",12,"Guerrero",50,"Pungarabato",1,"Ciudad Altamirano","Morelos 24","Centro","40660","(767) 672 09 03","","raigel31@live.com.mx",-100.67687,18.36515,"http://sic.gob.mx/ficha.php?table=centro_cultural&table_id=751","2024-09-06 12:18:28-06"
3953,"Centro Cultural La Sanmarqueña","2016-07-11","",12,"Guerrero",53,"San Marcos",1,"San Marcos","Montes de Oca s/n","Col. El Aterrizaje","39960 ","747 274 58 28","","sanmarcosprecidencia2024@gmail.com",-99.38283,16.79632,"http://sic.gob.mx/ficha.php?table=centro_cultural&table_id=3953","2025-10-30 14:46:31-06"
1627,"Casa de la Cultura de San Miguel Totolapan","1000-01-01","Ayuntamiento de San Miguel Totolapan",12,"Guerrero",54,"San Miguel Totolapan",1,"San Miguel Totolapan","Domicilio conocido","Centro","40780","732 673 22 03  (Ayuntamiento)","","",-100.39055,18.16211,"http://sic.gob.mx/ficha.php?table=centro_cultural&table_id=1627","2024-01-26 07:09:45-06"
2426,"Centro Cultural Taxco Casa Borda","1978-01-01","Secretaría de Cultura de Guerrero",12,"Guerrero",55,"Taxco de Alarcón",1,"Taxco de Alarcón","Plaza Borda  1","Centro","40200","762 622 66 17","","centroculturalcasaborda@gmail.com",-99.60514,18.55682,"http://sic.gob.mx/ficha.php?table=centro_cultural&table_id=2426","2025-12-09 13:18:01-06"
3942,"Centro Cultural Ex Hacienda de San Juan Bautista","1000-01-01","Universidad Autónoma de Guerrero UAGro",12,"Guerrero",55,"Taxco de Alarcón",49,"Taxco el Viejo","Domicilio conocido","Col. Ex Hacienda de San Juan Bautista","40323","762 621 3534","","patrimonio_cultural@uagro.mx; dir_cultura@uagro.mx",-99.58444,18.48526,"http://sic.gob.mx/ficha.php?table=centro_cultural&table_id=3942","2025-10-09 11:40:39-06"
1625,"Centro Cultural Tecoanapa","1000-01-01","Ayuntamiento de Tecoanapa/Dirección de Cultura",12,"Guerrero",56,"Tecoanapa",1,"Tecoanapa","Plan de Ayutla s/n","Centro","39270","745 125 0613","https://tecoanapa.gob.mx/","baams@hotmail.com",-99.25984,16.98864,"http://sic.gob.mx/ficha.php?table=centro_cultural&table_id=1625","2026-02-18 13:26:00-06"
2340,"Casa de la Cultura de Técpan de Galeana","2007-01-01","Ayuntamiento de Tecpan de Galeana",12,"Guerrero",57,"Técpan de Galeana",1,"Técpan de Galeana","José E. Solís Romero 1","Centro","40911","742 425 13 80","","",-100.6323,17.2226,"http://sic.gob.mx/ficha.php?table=centro_cultural&table_id=2340","2024-06-04 11:25:45-06"
3427,"Centro Cultural Vicente Guerrero Saldaña","2021-11-15","Ayuntamiento de Tixtla de Guerrero",12,"Guerrero",61,"Tixtla de Guerrero",1,"Tixtla de Guerrero","Independencia 2","Centro","39170","","","centroculturalvicenteguerrero@gmail.com",-99.39823,17.5678,"http://sic.gob.mx/ficha.php?table=centro_cultural&table_id=3427","2023-09-08 10:45:43-06"
610,"Centro Cultural Margarito Damián Vargas","1989-02-01","Ayuntamiento de Tixtla de Guerrero",12,"Guerrero",61,"Tixtla de Guerrero",1,"Tixtla de Guerrero","Av. Morelos 59","Barrio de San Isidro","39170","754 474 00 95","","tixtlagro@live.com.mx; tixtla.jorgeluiscampos@gmail.com",-99.39946,17.56472,"http://sic.gob.mx/ficha.php?table=centro_cultural&table_id=610","2023-09-08 09:52:41-06"
2341,"Casa de la Cultura Municipal de Tlapa de Comonfort","1979-07-01","Ayuntamiento de Tlapa de Comonfort/Dirección de Cultura",12,"Guerrero",66,"Tlapa de Comonfort",1,"Tlapa de Comonfort","Comonfort s/n esq. Guerrero","Centro","41300","","","ely2123@smn.com",-98.58042,17.5463,"http://sic.gob.mx/ficha.php?table=centro_cultural&table_id=2341","2026-06-25 13:15:02-06"
3954,"Casa de Cultura y de las Artes Nnanncue Ñomndaa ","2021-02-01","Comisariado Ejidal de Xochistlahuaca",12,"Guerrero",71,"Xochistlahuaca",1,"Xochistlahuaca","Hidalgo 1 ","Centro","41770","741 125 93 84","","casaculturanomndaa@gmail.com",-98.24258,16.79048,"http://sic.gob.mx/ficha.php?table=centro_cultural&table_id=3954","2025-10-31 11:43:45-06"
731,"Casa de Cultura Eduardo Neri","1985-01-01","Ayuntamiento de Eduardo Neri",12,"Guerrero",75,"Eduardo Neri",1,"Zumpango del Río","Av. Cuauhtémoc  16","Zumpango del Río","40180","Cel. 747 529 9107","","axel_blue10@hotmail.com",-99.52634,17.65149,"http://sic.gob.mx/ficha.php?table=centro_cultural&table_id=731","2024-08-06 12:21:03-06"
606,"Casa de la Cultura Marquelia","1999-01-01","Ayuntamiento de Marquelia",12,"Guerrero",77,"Marquelia",1,"Marquelia","Miguelo Hidalgo s/n esq. Emiliano Zapata","Centro","41934","","","culturamarquelia@hotmail.com",-98.81918,16.58279,"http://sic.gob.mx/ficha.php?table=centro_cultural&table_id=606","2021-07-23 03:51:56-05"
518,"Casa de la Cultura Actopan Abel Pérez Ángeles","1991-02-24","Ayuntamiento de Actopan",13,"Hidalgo",3,"Actopan",1,"Actopan","Av. 5 de Mayo s/n","Centro","42500","772 161 9244, 772 727 00 04","https://actopanhidalgo.gob.mx/?fbclid=IwY2xjawE9jaJleHRuA2FlbQIxMAABHYqpS9OtA-wtYsd2nJnKQhlMVej9CtjXDGPvUwx_8WOW8F77qsNphYXndQ_aem_bPt19XmsRXonzvBHSms6Yg","casadecultura.actopan2024@gmail.com",-98.9423,20.26841,"http://sic.gob.mx/ficha.php?table=centro_cultural&table_id=518","2024-08-29 11:53:45-06"
512,"Casa de Cultura de Ajacuba","1983-01-01","Ayuntamiento de Ajacuba/Dirección de Casas de Cultura, Turismo y Educación Municipal",13,"Hidalgo",5,"Ajacuba",1,"Ajacuba","Eustolio Becerra s/n","Centro","42150","778 782 4141, 778 782 4145","http://www.municipioajacuba.gob.mx","ajacubahidalgo@outlook.com; yami-1705@hotmail.com",-99.12348,20.09283,"http://sic.gob.mx/ficha.php?table=centro_cultural&table_id=512","2025-11-14 14:15:33-06"
517,"Casa de Cultura Almoloya Hidalgo","2012-08-13","Ayuntamiento de Almoloya",13,"Hidalgo",7,"Almoloya",1,"Almoloya","Hidalgo s/n","Centro","43940","(748) 912 18 33","http://almoloya.hidalgo.gob.mx/","ecologiayturismoalmoloya@hotmail.com",-98.40273,19.70316,"http://sic.gob.mx/ficha.php?table=centro_cultural&table_id=517","2019-01-21 04:32:53-06"
1848,"Centro Cultural Arnulfo Durán Jiménez","2000-01-01","Consejo Estatal para la Cultura y las Artes de Hidalgo",13,"Hidalgo",8,"Apan",1,"Apan","Lauro L. Méndez s/n esq. Zaragoza","Centro","43900","748 912 92 55","","educacion.y.cultura@apan.gob.mx",-98.45211,19.70993,"http://sic.gob.mx/ficha.php?table=centro_cultural&table_id=1848","2024-01-29 02:26:54-06"
521,"Casa de Cultura Palacio Toltecatl-Calli","1994-11-20","Ayuntamiento de Atitalaquia",13,"Hidalgo",10,"Atitalaquia",1,"Atitalaquia","Av. Luis Donaldo Colosio s/n","Centro","42970","778 737 3654","http://www.atitalaquia.gob.mx","toltectl_calli@live.com",-99.21966,20.05821,"http://sic.gob.mx/ficha.php?table=centro_cultural&table_id=521","2024-08-05 10:20:18-06"
1850,"Casa de la Cultura  de Cuautepec de Hinojosa","1990-01-01","Secretaría de Cultura del Estado de Hidalgo",13,"Hidalgo",16,"Cuautepec de Hinojosa",1,"Cuautepec","Corregidora Plaza del Sol s/n, Hotel Dorado","Centro","43740","775 754 01 25","","",0,0,"http://sic.gob.mx/ficha.php?table=centro_cultural&table_id=1850","2021-09-14 11:01:39-05"
1840,"Casa de Cultura de Chapulhuacán","2009-01-22","Consejo Estatal para la Cultura y las Artes de Hidalgo",13,"Hidalgo",18,"Chapulhuacán",1,"Chapulhuacán","Felipe Ángeles s/n","Centro","42280","483 378 22 42","","informes@chapulhuacan.gob.mx",-98.90594,21.15664,"http://sic.gob.mx/ficha.php?table=centro_cultural&table_id=1840","2025-10-21 18:43:38-06"
649,"Centro Cultural Regional Emiliano Zapata","1992-01-22","Secretaría de Cultura del Estado de Hidalgo/Coordinación Centro de las Artes de Hidalgo",13,"Hidalgo",21,"Emiliano Zapata",1,"Emiliano Zapata","Guerrero 18","Ejido del Centro","43960","748 915 04 92","http://cultura.hidalgo.gob.mx/6887/","investigacionydocenciahgo@gmail.com",-98.54439,19.65419,"http://sic.gob.mx/ficha.php?table=centro_cultural&table_id=649","2024-09-09 18:20:00-06"
477,"Casa de Cultura de Huascazaloyam","1995-01-01","Ayuntamiento de Huasca de Ocampo",13,"Hidalgo",24,"Huasca de Ocampo",1,"Huasca de Ocampo","Av. Hidalgo esq. Morelos s/n","Centro","43500","771 792 0253","","cultura_y_educacion@huascadeocampo.gob.mx",-98.57742,20.20371,"http://sic.gob.mx/ficha.php?table=centro_cultural&table_id=477","2026-03-18 13:57:26-06"
520,"Casa de la Cultura de Huejutla de Reyes","1991-01-01","Ayuntamiento de Huejutla de Reyes",13,"Hidalgo",28,"Huejutla de Reyes",1,"Huejutla de Reyes","Paseo de los Framboyanes s/n","Col. Jacarandas","43000","(789) 896 15 15","","municipiodehuejutla@gmail.com; casadelacultura_huejutla@hotmail.com",-98.41044,21.14622,"http://sic.gob.mx/ficha.php?table=centro_cultural&table_id=520","2025-09-03 18:20:55-06"
483,"Casa de Cultura del Instituto Huichapense de Cultura","1992-04-24","Ayuntamiento de Huichapan",13,"Hidalgo",29,"Huichapan",1,"Huichapan","Manuel González 2","Centro Histórico","42400","761 782 00 13; 761 782 1802","","",-99.65023,20.37471,"http://sic.gob.mx/ficha.php?table=centro_cultural&table_id=483","2024-10-17 12:48:22-06"
577,"Centro Cultural Regional del Valle del Mezquital","1987-03-18","Consejo Estatal para la Cultura y las Artes de Hidalgo",13,"Hidalgo",30,"Ixmiquilpan",1,"Ixmiquilpan","Av. Insurgentes Ote. 105","Col. El Bondho","42300","771 175 96 63","","centroculturaldelvalle@gmail.com",-99.22235,20.47811,"http://sic.gob.mx/ficha.php?table=centro_cultural&table_id=577","2026-08-14 11:59:34-06"
511,"Casa de la Cultura Comunitaria Región Jacala","1991-02-21","Ayuntamiento de Jacala de Ledezma",13,"Hidalgo",31,"Jacala de Ledezma",1,"Jacala","Av. Pino Suárez s/n","Col. San Isidro","42200","441 293 30 77","www.facebook.com/casadecultura.jacala","josejuanlugom@hotmail.com; casadeculturajacala@hotmail.com",-99.19096,21.0072,"http://sic.gob.mx/ficha.php?table=centro_cultural&table_id=511","2021-10-25 09:30:51-05"
630,"Centro Cultural Real del Monte","1998-05-01","Secretaría de Cultura del Estado de Hidalgo",13,"Hidalgo",39,"Mineral del Monte",1,"Mineral del Monte","Teodomiro Manzano 1","Centro","42130","771 797 05 10, 797 12 13 ext. 109","https://culturahidalgo.gob.mx/","ccr.realdelmonteh@gmail.com; cultura.realdelmonte@gmail.com",-98.6725,20.14088,"http://sic.gob.mx/ficha.php?table=centro_cultural&table_id=630","2025-12-29 11:11:52-06"
1839,"Casa de la Cultura de La Misión","1985-01-16","Ayuntamiento de La Misión",13,"Hidalgo",40,"La Misión",1,"La Misión","A la Misión s/n, casi esq. 5 de febrero","Centro","42260","4412932091","https://lamision.gob.mx/","maravi4_13@hotmail.com",-99.12281,21.09851,"http://sic.gob.mx/ficha.php?table=centro_cultural&table_id=1839","2023-07-17 06:02:59-06"
519,"Casa de Cultura de Mixquiahuala","1987-01-01","Consejo Estatal para la Cultura y las Artes de Hidalgo",13,"Hidalgo",41,"Mixquiahuala de Juárez",1,"Mixquiahuala de Juárez","Teatro Cuauhtémoc<br>Av. Hidalgo s/n","Centro","42700","7387252093, 552967151","http://www.mixquiahuala.gob.mx/","comunicacionsoc.mix@gmail.com",-99.21315,20.22963,"http://sic.gob.mx/ficha.php?table=centro_cultural&table_id=519","2023-07-12 04:28:49-06"
1836,"Casa de Cultura de Nopala","1980-01-01","Consejo Estatal para la Cultura y las Artes de Hidalgo",13,"Hidalgo",44,"Nopala de Villagrán",1,"Nopala de Villagrán","Palacio Municipal s/n ","Centro","42470","773 109 3838","","",-99.64432,20.25199,"http://sic.gob.mx/ficha.php?table=centro_cultural&table_id=1836","2023-07-25 09:24:36-06"
1973,"Casa de Cultura Maravillas","1996-09-14","Casa de la Cultura Maravillas, Hidalgo A.C.",13,"Hidalgo",44,"Nopala de Villagrán",19,"Maravillas","Av. Las Maravillas s/n esq. Av. Juárez","Centro","42490","761 782 7010","","quetaresenr@gmail.com",-99.58713,20.20427,"http://sic.gob.mx/ficha.php?table=centro_cultural&table_id=1973","2025-07-08 12:33:07-06"
1844,"Cuartel del Arte","2003-07-18","Consejo Estatal para la Cultura y las Artes de Hidalgo",13,"Hidalgo",48,"Pachuca de Soto",1,"Pachuca de Soto","Plaza Aniseto Ortega, Cl. Miguel Hidalgo 901, Guadalupe","Guadalupe","42050","771 715 41 86","https://culturahidalgo.gob.mx/","galerias_cecultah@hotmail.com",-98.73203,20.12152,"http://sic.gob.mx/ficha.php?table=centro_cultural&table_id=1844","2024-01-23 06:18:19-06"
3870,"Parque Cultural Hidalguense David Ben Gurión","2025-05-11","Gobierno del Estado de Hidalgo",13,"Hidalgo",48,"Pachuca de Soto",1,"Pachuca de Soto","David Ben Gurión","Zona Plateada","42083","","https://www.guiahidalgo.com.mx/index.php/turismo/item/436-parque-cultural-hidalguense-ben-gurion","",-98.7728,20.09385,"http://sic.gob.mx/ficha.php?table=centro_cultural&table_id=3870","2025-08-05 11:42:43-06"
1299,"Foro Cultural Efrén Rebolledo","1982-01-01","Consejo Estatal para la Cultura y las Artes de Hidalgo",13,"Hidalgo",48,"Pachuca de Soto",1,"Pachuca de Soto","Bravo 202","Centro","42000","771 715 36 28","http://cultura.hidalgo.gob.mx/","cecultah@hidalgo.gob.mx",-98.73272,20.1288,"http://sic.gob.mx/ficha.php?table=centro_cultural&table_id=1299","2024-01-23 07:06:12-06"
3845,"Casa de los Saberes Jurídicos en Pachuca Ministro Manuel Yáñez Ruiz","1994-01-01","Suprema Corte de Justicia de la Nación (SCJN)",13,"Hidalgo",48,"Pachuca de Soto",1,"Pachuca de Soto","José María Morelos y Pavón 720","Centro","42000","55 4113 1000 ext. 8051 y 8056","https://www.sitios.scjn.gob.mx/casascultura/casas-cultura-juridica/pachuca-hidalgo","ccjpachuca@mail.scjn.gob.mx",-98.73118,20.12196,"http://sic.gob.mx/ficha.php?table=centro_cultural&table_id=3845","2026-09-25 13:02:23-06"
589,"Centro Cultural del Ferrocarril","1999-01-01","Secretaría de Cultura de Hidalgo",13,"Hidalgo",48,"Pachuca de Soto",1,"Pachuca de Soto","Gral. Ignacio Mejía s/n","Col. Morelos","42040","771 715 36 28","https://cartelera.culturahidalgo.gob.mx/lugar/centro-cultural-del-ferrocarril/","cic@hidalgo.gob.mx",-98.74078,20.12219,"http://sic.gob.mx/ficha.php?table=centro_cultural&table_id=589","2026-02-16 14:42:45-06"
3783,"Centro Cultural Casa del Periodismo y Letras Miguel Ángel Granados Chapa","2021-01-01","Secretaría de Desarrollo Humano y Social/Instituto Municipal para la Cultura de Pachuca",13,"Hidalgo",48,"Pachuca de Soto",1,"Pachuca de Soto","Héroes de Chapultepec, Parque de la Morelos","Morelos","42040","","https://www.pachuca.gob.mx/portal/instituto-municipal-para-la-cultura/","culturaparapachuca@gmail.com",-98.74431,20.12481,"http://sic.gob.mx/ficha.php?table=centro_cultural&table_id=3783","2026-08-19 09:42:25-06"
1845,"Centro Estatal de las Artes","1992-09-11","Consejo Estatal para  la Cultura y las Artes de Hidalgo",13,"Hidalgo",48,"Pachuca de Soto",1,"Pachuca de Soto","Bartolome de Médina s/n <br>Ex Convento de San Francisco","Centro","42000","771 714 25 08","https://culturahidalgo.gob.mx/?fbclid=IwAR2mV8c0fBRDJm_aBTEO4Gf52UOI6hyMAb34ufAl6gkraVLR7iqWKTiWdWo","",-98.73079,20.12064,"http://sic.gob.mx/ficha.php?table=centro_cultural&table_id=1845","2023-12-27 07:02:52-06"
3971,"Centro Cultural Universitario La Garza","2012-01-01","Universidad Autónoma del Estado de Hidalgo",13,"Hidalgo",48,"Pachuca de Soto",1,"Pachuca de Soto","Mariano Abasolo 600 ","Col. Centro","42010","771 717 20 00 ext. 2601  ","https://www.uaeh.edu.mx/extension-cultura/centro-cultural/","coord_extension@uaeh.edu.mx",-98.73446,20.12846,"http://sic.gob.mx/ficha.php?table=centro_cultural&table_id=3971","2026-01-09 19:20:43-06"
3813,"Casa de Cultura de Pachuca de Soto","2009-01-01","Ayuntamiento de Pachuca de Soto/Instituto Municipal para la Cultura",13,"Hidalgo",48,"Pachuca de Soto",1,"Pachuca de Soto","Arizpe 108 entre Viaducto Nuevo Hidalgo y Matamoros","Centro ","42000","771 489 8052","https://sites.google.com/view/culturaparapachuca/inicio","culturaparapachuca@gmail.com",-98.73181,20.12721,"http://sic.gob.mx/ficha.php?table=centro_cultural&table_id=3813","2026-08-19 09:42:10-06"
3962,"Casa de Cultura Xihueska","1000-01-01","",13,"Hidalgo",48,"Pachuca de Soto",1,"Pachuca de Soto","Ferrocarril Hidalgo, ","Real Toledo","42119","771 364 9856","","casadelaculturaxihueska@gmail.com",-98.78269,20.02849,"http://sic.gob.mx/ficha.php?table=centro_cultural&table_id=3962","2025-12-02 13:11:13-06"
393,"Centro Cultural Universitario Víctor Manuel Ballesteros","1993-07-01","Universidad Autónoma del Estado de Hidalgo",13,"Hidalgo",48,"Pachuca de Soto",1,"Pachuca de Soto","Morelos 704","Centro","42000","771  717 2000 exts. 4810, 4811","https://www.uaeh.edu.mx/promocion-cultural/","",-98.73069,20.12325,"http://sic.gob.mx/ficha.php?table=centro_cultural&table_id=393","2026-01-09 17:09:47-06"
1838,"Casa de Cultura de Pisaflores","2009-01-01","Ayuntamiento de Pisaflores",13,"Hidalgo",49,"Pisaflores",1,"Pisaflores","Plaza principal s/n ","Centro","42220","483 378 60 27","","tresi.pisaflores@hotmail.com",0,0,"http://sic.gob.mx/ficha.php?table=centro_cultural&table_id=1838","2021-04-20 07:27:10-05"
3076,"Centro Mineralense de las Artes","2016-03-21","Ayuntamiento Mineral de la Reforma/Dirección de Arte y Cultura",13,"Hidalgo",51,"Mineral de la Reforma",96,"La Colonia","Calli 137","Fracc. La Colonia","42083","771 473 80 79","","arteycultura@mineraldelareforma.gob.mx",-98.73246,20.0643,"http://sic.gob.mx/ficha.php?table=centro_cultural&table_id=3076","2023-02-07 07:47:39-06"
524,"Casa de Cultura de Poxindeje","1987-01-01","Ayuntamiento de Poxindeje",13,"Hidalgo",54,"San Salvador",1,"San Salvador","Gral. Felipe Ángeles 1","Centro","42640","7387832030","https://sansalvador.gob.mx/","ayuntamiento@sansalvador.gob.mx",-99.01574,20.28446,"http://sic.gob.mx/ficha.php?table=centro_cultural&table_id=524","2023-08-07 05:25:44-06"
640,"Casa de la Cultura Abundio Álvarez","1988-01-01","Ayuntamiento de Santiago Tulantepec",13,"Hidalgo",56,"Santiago Tulantepec de Lugo Guerrero",1,"Santiago Tulantepec","Jardín Carrillo Puerto w/n","Centro","43760","775 688 19 18","","",-98.35732,20.03944,"http://sic.gob.mx/ficha.php?table=centro_cultural&table_id=640","2025-09-05 19:54:42-06"
642,"Casa de Cultura de Singuilucan","2000-01-01","Ayuntamiento de Singuilucan",13,"Hidalgo",57,"Singuilucan",1,"Singuilucan","Av. Revolución s/n","Centro","43780","775 755 30 73","","",-98.51878,19.96747,"http://sic.gob.mx/ficha.php?table=centro_cultural&table_id=642","2025-08-04 18:01:34-06"
645,"Casa de Cultura de Tasquillo","2002-09-13","Consejo Estatal para la Cultura y las Artes de Hidalgo",13,"Hidalgo",58,"Tasquillo",1,"Tasquillo","20 de Noviembre s/n","Centro","42381","759 723 54 42","","",0,0,"http://sic.gob.mx/ficha.php?table=centro_cultural&table_id=645","2023-08-04 04:41:36-06"
544,"Centro Cultural Regional de Tepeapulco","1994-02-18","Ayuntamiento de Tepeapulco ",13,"Hidalgo",61,"Tepeapulco",1,"Tepeapulco","Av Miguel Hidalgo 27","Centro","43970","775 146 55 38","cultura.hidalgo.gob.mx","ccr.tepeapulco@gmail.com",-98.5515,19.78529,"http://sic.gob.mx/ficha.php?table=centro_cultural&table_id=544","2024-01-24 08:24:30-06"
554,"Centro Cultural Tepeji","1989-10-03","Secretaría de Cultura del Estado de Hidalgo, Ayuntamiento de Tepeji del Río de Ocampo",13,"Hidalgo",63,"Tepeji del Río de Ocampo",1,"Tepeji del Río de Ocampo","José Luis Cuevas 8","Col. El Cerrito","42850","(773) 733 17 04","http://cultura.hidalgo.gob.mx/centro-cultural-de-tepeji-del-rio/; https://www.facebook.com/Centro-Cultural-de-Tepeji-del-R%C3%ADo-123831390984551/","cculturatepeji@gmail.com",-99.33694,19.91083,"http://sic.gob.mx/ficha.php?table=centro_cultural&table_id=554","2025-07-08 14:07:54-06"
443,"Casa de Cultura de Villa de Tezontepec","1988-03-25","Ayuntamiento de Tezontepec",13,"Hidalgo",66,"Villa de Tezontepec",1,"Tezontepec","Av. Centenario Sur s/n","Centro","43880","(743) 741 01 31, 741 00 11","http://villatezontepec.hidalgo.gob.mx/","enciso_p_5@hotmail.com<br>choroenciso@yahoo.com.mx",0,0,"http://sic.gob.mx/ficha.php?table=centro_cultural&table_id=443","2024-05-13 12:07:38-06"
3107,"Centro Cultural Regional Tlahuelilpan","2018-08-21","Ayuntamiento de Tlahuelipan/Dirección de Educación y Cultura",13,"Hidalgo",70,"Tlahuelilpan",1,"Tlahuelilpan","Av. Universidad s/n","Centro","42785","(763) 786 00 10","","ccrtlahuelilpan2020@gmail.com.",-99.23476,20.13081,"http://sic.gob.mx/ficha.php?table=centro_cultural&table_id=3107","2026-05-27 18:41:25-06"
412,"Centro Cultural de Tlaxcoapan","1997-01-01","Ayuntamiento de Tlaxcoapan",13,"Hidalgo",74,"Tlaxcoapan",1,"Tlaxcoapan","Plaza Juárez s/n","Centro","42950","778 737 00 35","https://tlaxcoapan.hidalgo.gob.mx/","presidencia.tlaxcoapan2020@gmail.com; educycul2024@gmail.com",-99.22185,20.09208,"http://sic.gob.mx/ficha.php?table=centro_cultural&table_id=412","2024-05-13 11:08:43-06"
426,"Casa de Cultura de Tolcayuca","1994-01-01","Consejo Estatal para la Cultura y las Artes de Hidalgo",13,"Hidalgo",75,"Tolcayuca",1,"Tolcayuca","Av. Reforma s/n","Col. Independencia","43860","743 741 09 77","","",-98.91744,19.95886,"http://sic.gob.mx/ficha.php?table=centro_cultural&table_id=426","2025-12-16 17:38:54-06"
427,"Casa de Cultura Tula de Allende","1994-11-20","Ayuntamiento de Tula de Allende",13,"Hidalgo",76,"Tula de Allende",1,"Tula de Allende","Priv. Juan Rulfo s/n","Centro","42500","773 732 4154","","sadotchapa@gmail.com; aro_didis@live.com.mx",-99.34782,20.055,"http://sic.gob.mx/ficha.php?table=centro_cultural&table_id=427","2024-03-19 11:08:11-06"
442,"Centro Cultural Ricardo Garibay","2014-01-01","Ayuntamiento de Tulancingo de Bravo/Dirección de Cultura",13,"Hidalgo",77,"Tulancingo de Bravo",1,"Tulancingo","Parque Juárez 105","Centro","43600","775 754 39 40","","direcciondecultura@tulancingo.gob.mx",-98.36953,20.08206,"http://sic.gob.mx/ficha.php?table=centro_cultural&table_id=442","2025-05-21 11:13:11-06"
445,"Centro Cultural de Zacualtipán de Ángeles","1989-01-01","Consejo Estatal para la Cultura y las Artes de Hidalgo",13,"Hidalgo",81,"Zacualtipán de Ángeles",1,"Zacualtipán","Av. 5 de Mayo s/n esq. Cuauhtémoc","Barrio Cosapa","43200","774 742 05 77","https://culturahidalgo.gob.mx/museo-regional-de-la-sierra-alta-de-zacualtipan/","zacualtipan@hidalgo.gob.mx<br>deduca09zac@hotmail.com;  luputasanroman_17@hotmail.com",0,0,"http://sic.gob.mx/ficha.php?table=centro_cultural&table_id=445","2025-07-08 18:49:15-06"
431,"Casa de Cultura de Acayuca","1995-05-01","Ayuntamiento de Zapotlán de Juárez, Hidalgo",13,"Hidalgo",82,"Zapotlán de Juárez",2,"Acayuca","Plaza Hidalgo s/n","Centro","42191","743 791 0404 ","","casacultura2024@gmail.com",-98.84211,20.03046,"http://sic.gob.mx/ficha.php?table=centro_cultural&table_id=431","2023-07-26 07:20:49-06"
1851,"Casa de Cultura de Zempoala","2002-01-01","Ayuntamiento de Zempoala/Dirección de Cultura",13,"Hidalgo",83,"Zempoala",1,"Zempoala","Bravo s/n ","Centro","43838","743 741 50 88","https://zempoala.gob.mx/","zempoala@hidalgo.com.mx; cultura@zempoala.gob.mx",-98.66842,19.91686,"http://sic.gob.mx/ficha.php?table=centro_cultural&table_id=1851","2024-04-02 12:32:58-06"
446,"Casa de Cultura Comunitaria Regional de Zimapán","1988-01-01","Secretaría de Cultura del Estado de Hidalgo",13,"Hidalgo",84,"Zimapán",1,"Zimapán","Plaza de la Constitución 1","Centro","42330","759 728 24 28","","cultura_zimapan@hotmail.com",-99.38185,20.7393,"http://sic.gob.mx/ficha.php?table=centro_cultural&table_id=446","2025-10-15 16:58:05-06"
3460,"Centro Cultural Regional de Zimapán","2017-12-11","Secretaría de Cultura de Hidalgo",13,"Hidalgo",84,"Zimapán",1,"Zimapán","General Tapia 6","Col. Zimapán","42330","772 112 23 77","","ccrzimapan22@gmail.com",-99.38191,20.73859,"http://sic.gob.mx/ficha.php?table=centro_cultural&table_id=3460","2025-08-29 18:01:13-06"
754,"Casa de la Cultura de Acatic ","1998-10-01","Ayuntamiento de Acatic/Dirección de Cultura",14,"Jalisco",1,"Acatic",1,"Acatic","Javier Mina 18","Centro","45470","378 715 00 13, 378 715 04 91","https://acatic.com.mx/","cultura@acatic.gob.mx",-102.90933,20.77707,"http://sic.gob.mx/ficha.php?table=centro_cultural&table_id=754","2024-11-15 11:20:29-06"
343,"Casa de la Cultura de Acatlán de Juárez","1983-01-01","Ayuntamiento de Acatlán de Juárez/Dirección de Cultura",14,"Jalisco",2,"Acatlán de Juárez",1,"Acatlán de Juárez","Dr. Tranquilino Elizondo 71","Centro","45700","33 1171 3879","","gobierno_acatlan@hotmail.com",-103.58722,20.42139,"http://sic.gob.mx/ficha.php?table=centro_cultural&table_id=343","2024-01-30 07:55:54-06"
1883,"Casa de la Cultura Dr. Leonardo Oliva","2007-02-28","Ayuntamiento de Ahualulco de Mercado",14,"Jalisco",3,"Ahualulco de Mercado",1,"Ahualulco de Mercado","José María Mercado 15","Centro","46730","386 104 40 51","","culturaahualulcointerno@gmail.com",-103.97639,20.70218,"http://sic.gob.mx/ficha.php?table=centro_cultural&table_id=1883","2023-10-02 06:54:10-06"
15,"Casa de la Cultura Amacueca","1998-11-22","Ayuntamiento de Amacueca/Dirección de Cultura",14,"Jalisco",4,"Amacueca",1,"Amacueca","Pedro Moreno 2","Centro","49370","372 688 01 35","https://amacueca.jalisco.gob.mx/","cultura.amacueca@gmail.com",-103.59889,20.01188,"http://sic.gob.mx/ficha.php?table=centro_cultural&table_id=15","2024-01-10 07:07:24-06"
1872,"Centro Cultural Hilarión Romero Gil","2004-09-16","Ayuntamiento de Ameca",14,"Jalisco",6,"Ameca",1,"Ameca","Alameda 2","Los Naranjos","46600","375 755 89 74 directo","","cronistaarchivo_amk@hotmail.com",-104.04676,20.55404,"http://sic.gob.mx/ficha.php?table=centro_cultural&table_id=1872","2023-09-20 03:29:26-06"
117,"Casa de la Cultura de Ameca","1982-02-01","Ayuntamiento de Ameca",14,"Jalisco",6,"Ameca",1,"Ameca","Juárez s/n","Centro","46600","375 758 07 60","https://respaldo.ameca.gob.mx/dependencia/21/cultura","cultura@ameca.gob.mx",-104.04655,20.54856,"http://sic.gob.mx/ficha.php?table=centro_cultural&table_id=117","2023-09-15 06:11:33-06"
30,"Casa de la Cultura Antonio Domínguez Ocampo","1998-07-25","Ayuntamiento de San Juanito Escobedo",14,"Jalisco",7,"San Juanito de Escobedo",1,"San Juanito de Escobedo","Juárez 13","Centro","46560","386 754 09 01","","vero_p.social@yahoo.com.mx",-104.00173,20.79967,"http://sic.gob.mx/ficha.php?table=centro_cultural&table_id=30","2025-06-17 17:34:37-06"
3960,"Centro Cultural Arandas  Justino Ramos","2024-09-06","Secretaría de Cultura del Gobierno de Jalisco",14,"Jalisco",8,"Arandas",1,"Arandas","Ladrillera 16a,  esquina Degollado","Parque Lineal Río Colorado","","348 118 0059, 3486881121","","cultura@arandas.gob.mx",-102.34306,20.70346,"http://sic.gob.mx/ficha.php?table=centro_cultural&table_id=3960","2025-11-13 17:03:28-06"
2087,"Casa de Cultura Arandas ","2007-08-01","Ayuntamiento de Arandas/Dirección de Cultura",14,"Jalisco",8,"Arandas",1,"Arandas","Francisco Mora 77","Centro","47180","348 784 90 20",""," cultura@arandas.gob.mx",-102.34528,20.70482,"http://sic.gob.mx/ficha.php?table=centro_cultural&table_id=2087","2025-11-18 11:44:27-06"
1971,"Casa de la Cultura de El Arenal","2008-04-01","Ayuntamiento de El Arenal",14,"Jalisco",9,"El Arenal",1,"El Arenal","Feliciano Sánchez 14","Centro","45350","374 748 0226","https://elarenaljalisco.gob.mx/municipio/area/casa-de-la-cultura","culturaelarenal2021@gmail.com",-103.69394,20.77906,"http://sic.gob.mx/ficha.php?table=centro_cultural&table_id=1971","2023-08-11 08:01:42-06"
10,"Casa de la Cultura de Atemajac de Brizuela","2000-01-10","Ayuntamiento de Atemajac de Brizuela",14,"Jalisco",10,"Atemajac de Brizuela",1,"Atemajac de Brizuela","Avila Camacho 66","Centro","45790","326 4250 287,  326 4250 114   ","","cultura.turismo@atemajac.gob.mx",-103.72791,20.14206,"http://sic.gob.mx/ficha.php?table=centro_cultural&table_id=10","2025-08-07 12:22:19-06"
1917,"Casa de la Cultura Ismael Cárdenas","2007-08-01","Ayuntamiento de Atengo",14,"Jalisco",11,"Atengo",1,"Atengo","Chimalhuacan 16","Centro","48190","349 771 03 75","","casadelacultura_.atengo@hotmail.com",-104.23899,20.27453,"http://sic.gob.mx/ficha.php?table=centro_cultural&table_id=1917","2023-07-27 03:52:51-06"
1630,"Centro Cultural Regional Dr. Juan José Espinoza ","2006-11-26","Ayuntamiento de Atotonilco El Alto",14,"Jalisco",13,"Atotonilco el Alto",1,"Atotonilco el Alto","Independencia 100","Col. La Estación","47750","391 917 18 26","","cultura@atotonilco.gob.mx; presidenciamunicipal@atotonilco.gob.mx",-102.5163,20.54504,"http://sic.gob.mx/ficha.php?table=centro_cultural&table_id=1630","2025-10-13 18:22:59-06"
2312,"Casa de la Cultura de Atoyac","2009-12-16","Ayuntamiento de Atoyac",14,"Jalisco",14,"Atoyac",1,"Atoyac","Allende 128-A","Centro","49200","372 410 2701","","casadecultura@miatoyac-jal.gob.mx",-103.51968,20.01101,"http://sic.gob.mx/ficha.php?table=centro_cultural&table_id=2312","2025-08-08 12:44:54-06"
3025,"Centro Cultural José Atanasio Monroy","2001-05-01","Universidad de Guadalajara/Centro Universitario de la Costa Sur",14,"Jalisco",15,"Autlán de Navarro",1,"Autlán de Navarro","Av. Independencia Nacional 151","Centro","48900","317 382 50 12 ext. 57107","http://www.cuc.udg.mx/","gsaldivar@cucsur.udg.mx",-104.35891,19.77316,"http://sic.gob.mx/ficha.php?table=centro_cultural&table_id=3025","2025-05-21 09:34:59-06"
45,"Casa de la Cultura Efraín González Luna","1979-02-26","Ayuntamiento de Autlán de Navarro",14,"Jalisco",15,"Autlán de Navarro",1,"Autlán de Navarro","Av. Hidalgo  247","Centro","48900","317 382 29 91","https://letrafria.com/casa-de-la-cultura-reactivara-talleres-artisticos-de-forma-virtual/","nomilssey@hotmail.com",-104.36095,19.77232,"http://sic.gob.mx/ficha.php?table=centro_cultural&table_id=45","2023-12-15 06:37:49-06"
1654,"Casa de la Cultura Agustín Zúñiga","2003-12-01","Ayuntamiento de Ayotlán",14,"Jalisco",16,"Ayotlán",1,"Ayotlán","Zaragoza 193","Centro","47930","345 918 21 25","","cfabyhola@hotmail.com",0,0,"http://sic.gob.mx/ficha.php?table=centro_cultural&table_id=1654","2023-09-27 07:20:42-06"
1115,"Centro Cultural La Moreña","1975-01-01","Secretaria de Cultura Jalisco/Organismo Público Descentralizado (OPD) Museos, Exposiciones y Galerías (MEG) de Jalisco",14,"Jalisco",18,"La Barca",1,"La Barca","Portal Independencia 46","Centro","47910","393 935 3017","http://museosdejalisco.com","Centroregionallamorena.megj@jalisco.gob.mx",-102.54934,20.27651,"http://sic.gob.mx/ficha.php?table=centro_cultural&table_id=1115","2026-02-10 12:49:42-06"
50,"Casa de la Cultura Raymundo Váquez Herrera","1982-11-30","Ayuntamiento de La Barca/Dirección de Cultura",14,"Jalisco",18,"La Barca",1,"La Barca","Corregidora 139","Centro","47910","393 935 44 42","","casadelaculturalabarca@gmail.com",-102.54392,20.28763,"http://sic.gob.mx/ficha.php?table=centro_cultural&table_id=50","2024-11-25 13:10:45-06"
1655,"Casa de la Cultura Caja Real de Bolaños 1752","2007-02-27","Ayuntamiento de Bolaños",14,"Jalisco",19,"Bolaños",1,"Bolaños","Iturbide 2","Centro","46130","437 7952 5040 ext. 118","https://bolanosjal.gob.mx/Gobierno","dirturismobolanos@bolanosjal.gob.mx",-103.782,21.83003,"http://sic.gob.mx/ficha.php?table=centro_cultural&table_id=1655","2025-08-11 17:10:00-06"
1875,"Casa de la Cultura de Cabo Corrientes","2006-11-13","Ayuntamiento de Cabo Corrientes",14,"Jalisco",20,"Cabo Corrientes",1,"El Tuito","Portal Hidalgo 12","Centro","48400","322 269 00 90 ext. 112","cabocorrientes.gob.mx","dr_ayotl7@hotmail.com",-105.32735,20.32017,"http://sic.gob.mx/ficha.php?table=centro_cultural&table_id=1875","2024-06-04 13:58:46-06"
440,"Casa de Cultura Fulgencio Zamora Ramos","1986-02-02","Ayuntamiento de Casimiro Castillo/Dirección de Cultura",14,"Jalisco",21,"Casimiro Castillo",1,"La Resolana","Niños Héroes 79","Centro","48930","357 388 0156","","casaculturacc@hotmail.com; uttransparencia@casimirocastillojal.gob.mx",-104.43963,19.6052,"http://sic.gob.mx/ficha.php?table=centro_cultural&table_id=440","2025-07-04 11:22:04-06"
1885,"Casa de la Cultura Cihuatlán","2006-11-30","Ayuntamiento de Cihuatlán",14,"Jalisco",22,"Cihuatlán",1,"Cihuatlán","Heliodoro Trujillo 1","Centro","48970","315 355 14 31","https://cihuatlan.gob.mx/","cultura@cihuatlan.gob.mx ",-104.56533,19.23584,"http://sic.gob.mx/ficha.php?table=centro_cultural&table_id=1885","2025-08-12 14:29:14-06"
2134,"Casa del Arte Dr. Vicente Preciado Zacarías","1997-02-19","Universidad de Guadalajara/Centro Universitario del Sur",14,"Jalisco",23,"Zapotlán el Grande",1,"Ciudad Guzmán","Av. Cristóbal Colón 143 ","Centro","49000","(341) 412 58 80","http://www.cusur.udg.mx/es/casa-del-arte","casadelarte@cusur.udg.mx; casadelartecusur@gmail.com",-103.46134,19.7253,"http://sic.gob.mx/ficha.php?table=centro_cultural&table_id=2134","2019-02-27 05:33:17-06"
2085,"Casa Taller Literario Juan José Arreola","2008-02-25","Secretaría de Cultura del Gobierno del Estado de Jalisco",14,"Jalisco",23,"Zapotlán el Grande",1,"Ciudad Guzmán","Prol. Pedro Moreno s/n","Col. Loma del Barro","49000","341 412 9745","https://museosdejalisco.com/espacio-casa-taller-juan-jose-arreola/","orsoarreola@yahoo.com.mx; casajjarreola.megj@jalisco.gob.mx",-103.46317,19.70461,"http://sic.gob.mx/ficha.php?table=centro_cultural&table_id=2085","2026-09-29 10:34:11-06"
441,"Casa de la Cultura de Ciudad Guzmán","1982-01-01","Ayuntamiento de Zapotlán el Grande",14,"Jalisco",23,"Zapotlán el Grande",1,"Ciudad Guzmán","Guadalupe Victoria  22","Centro","49000","341 412 38 22","http://www.ciudadguzman.gob.mx/Pagina.aspx?id=b31e61cd-2753-4434-abba-f307755f7dd0","c_culturazapotlan@hotmail.com",-103.46454,19.70864,"http://sic.gob.mx/ficha.php?table=centro_cultural&table_id=441","2024-05-27 10:49:35-06"
1886,"Casa de la Cultura de Cocula","2011-01-01","Ayuntamiento de Cocula",14,"Jalisco",24,"Cocula",1,"Cocula","Ocampo 94","Centro","48500","377 773 32 39 ext. 102","http://www.cocula.gob.mx/","hector_ramirez_o@hotmail.com",0,0,"http://sic.gob.mx/ficha.php?table=centro_cultural&table_id=1886","2021-09-22 11:16:39-05"
47,"Casa de la Cultura de Colotlán","2001-01-01","Ayuntamiento de Colotlán/Dirección de Cultura",14,"Jalisco",25,"Colotlán",1,"Colotlán","Nicolás Bravo 29","Centro","46200","499 992 02 09, 499 992 02 03","https://www.colotlan.gob.mx/","cultura.colotlan2124@gmail.com",-103.26929,22.1148,"http://sic.gob.mx/ficha.php?table=centro_cultural&table_id=47","2024-05-31 11:49:35-06"
1887,"Casa de la Cultura Luis Ochoa Hermosillo","2006-07-01","Ayuntamiento de Concepción de Buenos Aires/Dirección de Cultura",14,"Jalisco",26,"Concepción de Buenos Aires",1,"Concepción de Buenos Aires","Aquiles Serdán 35 esq. Vallarta","Centro","49170","372 426 1018","https://concepciondebuenosaires.jalisco.gob.mx","casadelaculturaconcepcion@gmail.com",-103.25855,19.97866,"http://sic.gob.mx/ficha.php?table=centro_cultural&table_id=1887","2026-07-28 11:16:11-06"
1888,"Casa de la Cultura Raúl Delgado Benavides","2007-03-08","Ayuntamiento de Cuautitlán de García Barragán",14,"Jalisco",27,"Cuautitlán de García Barragán",1,"Cuautitlán de García Barragán","García Barragán 67","Centro","48950","317 129 01 42","https://cuautitlan-jalisco.gob.mx/","casa.cultura@cuautitlan-jalisco.gob.mx",-104.35858,19.45264,"http://sic.gob.mx/ficha.php?table=centro_cultural&table_id=1888","2025-08-20 17:49:07-06"
1889,"Casa de la Cultura Profra. Luz Margarita Ramírez Pérez","2006-12-01","Ayuntamiento de Cuautla",14,"Jalisco",28,"Cuautla",1,"Cuautla","Emiliano Zapata 7","Centro","48150","316 384 3353","","culturayturismocuautla@gmail.com",-104.40876,20.20371,"http://sic.gob.mx/ficha.php?table=centro_cultural&table_id=1889","2025-08-13 12:18:25-06"
1890,"Casa de la Cultura de Cuquío Unidad Cultural Filiberto Rubalcaba","2006-11-01","Ayuntamiento de Cuquío",14,"Jalisco",29,"Cuquío",1,"Cuquío","Alvaro Obregón s/n esq. Aldama","Centro","45480","373 796 60 32","","casadelaculturadecuquio@hotmail.com",-103.0243,20.93019,"http://sic.gob.mx/ficha.php?table=centro_cultural&table_id=1890","2024-01-25 12:10:31-06"
1653,"Centro Cultural González Gallo","2006-03-26","Secretaría de Cultura del Gobierno del Estado de Jalisco",14,"Jalisco",30,"Chapala",1,"Chapala","Av. González Gallo 1500","Centro","45915","376 765 7424","https://museosdejalisco.com/espacio-centro-cultural-gonzalez-gallo/","gonzalezgallo.sc@jalisco.gob.mx",-103.1829,20.29337,"http://sic.gob.mx/ficha.php?table=centro_cultural&table_id=1653","2026-09-29 09:28:35-06"
1881,"Centro Cultural de Ajijic","2006-08-01","Ayuntamiento de Chapala",14,"Jalisco",30,"Chapala",2,"Ajijic","Jardín Norte 6","Centro","45920","376 766 23 73","","ajijic.cc@gmail.com ",-103.2622,20.30028,"http://sic.gob.mx/ficha.php?table=centro_cultural&table_id=1881","2026-03-24 10:35:07-06"
3394,"Centro para la Cultura y las Artes de la Ribera de Chapala","2022-12-17","Secretaría de Cultura Jalisco/Gobierno de Chapala",14,"Jalisco",30,"Chapala",2,"Ajijic","Carretera Chapala - Jocotepec 168","Col. La Floresta ","45920","","https://espaciosescenicos.jalisco.gob.mx/lago_chapala","auditoriodelaribera.cultura@jalisco.gob.mx",-103.25306,20.29904,"http://sic.gob.mx/ficha.php?table=centro_cultural&table_id=3394","2025-08-06 13:58:39-06"
1916,"Casa de la Cultura de Chimaltitán","2006-11-25","Ayuntamiento de Chimaltitán",14,"Jalisco",31,"Chimaltitán",1,"Chimaltitán","Aldama s/n","Col. San José","46300","437 952 51 21","","cultura2324chimaltitan@gmail.con",0,0,"http://sic.gob.mx/ficha.php?table=centro_cultural&table_id=1916","2024-01-29 05:14:01-06"
1874,"Casa de la Cultura de Chiquilistlán","2006-12-31","Ayuntamiento de Chiquilistlán",14,"Jalisco",32,"Chiquilistlán",1,"Chiquilistlán","Reforma 5A","Centro","48640","385 755 51 49, 375 113 03 14","","presidencia@chiquilistlan.gob.mx; cultura@chiquilistlan.gob.mx",-103.86212,20.09058,"http://sic.gob.mx/ficha.php?table=centro_cultural&table_id=1874","2025-08-11 18:52:34-06"
1873,"Casa para la Cultura Dr. Rafael López Castro","1982-11-20","Ayuntamiento de Degollado/Ayuntamiento de Degollado/Dirección de Educación, Cultura y Turismo",14,"Jalisco",33,"Degollado",1,"Degollado","Juárez 38","Centro","47980","345 937 01 01 ext. 1200","","educacioncultura@degollado.gob.mx",-102.13412,20.44632,"http://sic.gob.mx/ficha.php?table=centro_cultural&table_id=1873","2024-03-19 13:22:32-06"
3454,"Casa para la Cultura, la Lectura y las Artes Manuel Arellano Hernández","1997-01-01","Patronato de la Casa para la Cultura, la Lectura y las Artes Manuel Arellano Hernández, A.C.",14,"Jalisco",33,"Degollado",1,"Degollado","Calle 5 de febrero 49","Centro","47980","348 135 56 84","casaculturamanuelaha@gmail.com","bravomartinezjosefina@gmil.com",-102.13288,20.44702,"http://sic.gob.mx/ficha.php?table=centro_cultural&table_id=3454","2024-04-29 12:53:55-06"
3438,"Casa de la Cultura de Ejutla","1000-01-01","Ayuntamiento de Ejutla",14,"Jalisco",34,"Ejutla",1,"Ejutla","Colón Nte. 3","Centro","48680","","","",-104.16194,19.90639,"http://sic.gob.mx/ficha.php?table=centro_cultural&table_id=3438","2024-01-25 09:14:19-06"
447,"Casa de la Cultura de Encarnación de Díaz","1995-01-01","Ayuntamiento de Encarnación de Díaz",14,"Jalisco",35,"Encarnación de Díaz",1,"Encarnación de Díaz","Ramón Corona 117","Centro","47270","475 953 2746","https://encarnaciondediaz.gob.mx/casa-de-cultura/","casa.cultura@encarnaciondediaz.gob.mx",-102.23957,21.52543,"http://sic.gob.mx/ficha.php?table=centro_cultural&table_id=447","2025-05-07 14:14:40-06"
1892,"Casa de la Cultura de Etzatlán","2006-10-20","Ayuntamiento de Etzatlán",14,"Jalisco",36,"Etzatlán",1,"Etzatlán","Mariano Escobedo 359","Centro","46500","386 753 30 52","http://visitetzatlan.com/detalles/29"," turismoetzatlan@outlook.com",-104.07943,20.76351,"http://sic.gob.mx/ficha.php?table=centro_cultural&table_id=1892","2023-11-17 04:49:28-06"
748,"Centro Cultural Regional El Grullo","1980-08-12","Ayuntamiento de El Grullo",14,"Jalisco",37,"El Grullo",1,"El Grullo","Hidalgo 449 esq. Jesús Madera","Col. Santa Cecilia","48740","321 387 32 73, 321 387 01 26","","lgc.gestionando.cultura@gmail.com",-104.22581,19.81051,"http://sic.gob.mx/ficha.php?table=centro_cultural&table_id=748","2025-11-19 11:43:53-06"
1893,"Casa de la Cultura de Guachinango","1994-01-30","Ayuntamiento de Guachinango",14,"Jalisco",38,"Guachinango",1,"Guachinango","Aldama 4","Centro","46800","388 736 01 33","","cultura@guachinango.gob.mx",-104.38098,20.57617,"http://sic.gob.mx/ficha.php?table=centro_cultural&table_id=1893","2024-11-26 12:50:25-06"
2858,"Centro Cultural Santa Cecilia","2011-12-11","Secretaría de Cultura Municipal de Guadalajara",14,"Jalisco",39,"Guadalajara",1,"Guadalajara","Alfonso Esparza Oteo 2115","Col. Santa Cecilia ","44700","33 3674 7087 ","https://sc.jalisco.gob.mx/content/centro-cultural-santa-cecilia","santaceciliacc14@gmail.com; centrosculturalesgdl@gmail.com",-103.28963,20.70685,"http://sic.gob.mx/ficha.php?table=centro_cultural&table_id=2858","2023-10-10 07:31:23-06"
3836,"Casa de los Saberes Jurídicos en Guadalajara Ministro Mariano Azuela Rivera","2005-04-01","Suprema Corte de Justicia de la Nación (SCJN)",14,"Jalisco",39,"Guadalajara",1,"Guadalajara","Av. Francisco Javier Gamboa 98 esq. Manuel López Cotilla","Col. Americana","44160","55 4113 1000 exts. 8317, 8318, 8321","https://www.sitios.scjn.gob.mx/casascultura/casas-cultura-juridica/guadalajara-jalisco","ccjguadalajara@scjn.gob.mx",-103.37751,20.67346,"http://sic.gob.mx/ficha.php?table=centro_cultural&table_id=3836","2026-09-25 13:18:37-06"
1152,"Centro Cultural Patio de Los Ángeles","1995-09-20","Secretaría de Cultura del Gobierno del Estado de Jalisco",14,"Jalisco",39,"Guadalajara",1,"Guadalajara","Cuitláhuac 305","Barrio de Analco","44450","33 3030 1400","https://sc.jalisco.gob.mx/inicio","",-103.34304,20.66625,"http://sic.gob.mx/ficha.php?table=centro_cultural&table_id=1152","2026-06-19 12:59:03-06"
2314,"Casa Escorza","1000-01-01","Universidad de Guadalajara",14,"Jalisco",39,"Guadalajara",1,"Guadalajara","Escorza 83-A","Centro","44100","33 3826 8696","","ricardo.guzman@redudg.udg.mx",0,0,"http://sic.gob.mx/ficha.php?table=centro_cultural&table_id=2314","2021-04-21 06:10:19-05"
2420,"Centro Cultural o Laboratorio de Arte Variedades (LARVA)","2006-01-01","Ayuntamiento de Guadalajara",14,"Jalisco",39,"Guadalajara",1,"Guadalajara","Av. Juárez 451","Centro Histórico","44100","333 614 1893","","laboratoriodeartevariedades@gmail.com",-103.34979,20.67492,"http://sic.gob.mx/ficha.php?table=centro_cultural&table_id=2420","2025-06-26 10:54:38-06"
1173,"Casa de la Cultura Jalisciense Agustín Yáñez","1959-02-07","Secretaría de Cultura del Gobierno del Estado de Jalisco",14,"Jalisco",39,"Guadalajara",1,"Guadalajara","Constituyentes 21 entre Av. 16 de Septiembre y Calz. Independencia","Centro","44100","333 852 6713 ","","casadelacultura.cultura@jalisco.gob.mx",-103.34932,20.66223,"http://sic.gob.mx/ficha.php?table=centro_cultural&table_id=1173","2026-01-22 13:24:20-06"
2623,"Centro Cultural Casa Colomos","1892-03-01","Ayuntamiento de Guadalajara/Dirección de Cultura",14,"Jalisco",39,"Guadalajara",1,"Guadalajara","El Chaco 3200","Col.  Providencia","44630","(33) 3642 0132","http://www.cultura.guadalajara.gob.mx","ccc.colomos@gmail.com; ccc.colomos@hotmail.com",-103.38775,20.7037,"http://sic.gob.mx/ficha.php?table=centro_cultural&table_id=2623","2018-12-27 05:31:31-06"
3344,"Centro Cultural Estudio Teorema","2016-10-14","Particular",14,"Jalisco",39,"Guadalajara",1,"Guadalajara","Plátano 1421","Col. del Fresno","44900","33 3713 6998","https://www.estudioteorema.com/","hola@estudioteorema.com",-103.37866,20.65998,"http://sic.gob.mx/ficha.php?table=centro_cultural&table_id=3344","2021-07-08 14:10:53-05"
3283,"Casa Alcalde Cultural","1000-01-01","",14,"Jalisco",39,"Guadalajara",1,"Guadalajara","Av. Fray Antonio Alcalde 302","Centro Barranquitas","44100","33 1699 1040","","",-103.34745,20.68125,"http://sic.gob.mx/ficha.php?table=centro_cultural&table_id=3283","2025-08-13 17:52:01-06"
1142,"Centro Cultural Chapalita","1995-02-27","Residentes de Chapalita A.C.",14,"Jalisco",39,"Guadalajara",1,"Guadalajara","Calle Pocito 91 entre Av. Tepeyac y Niño Obrero","Col. Chapalita","45050","33 3647 2395","","chapalitacentrocultural@gmail.com",-103.40732,20.66086,"http://sic.gob.mx/ficha.php?table=centro_cultural&table_id=1142","2023-07-28 04:09:35-06"
2315,"Instituto Cultural de Asistencia Social  ICAS","2009-01-01","OPD Sistema Integral de la familia",14,"Jalisco",39,"Guadalajara",1,"Guadalajara","Gral. Eulogio Parra 2539","Col. Lomas de Guevara","44679","333 848 5091","https://difgdl.gob.mx/catalogo","centro_cultural@difgdl.gob.mx",-103.38074,20.6872,"http://sic.gob.mx/ficha.php?table=centro_cultural&table_id=2315","2026-01-26 08:17:55-06"
1148,"Centro Cultural Atlas","1962-05-01","Secretaría del  Cultura del Gobierno de Guadalajara",14,"Jalisco",39,"Guadalajara",1,"Guadalajara","Río de la Barca s/n esq. Río Mascota","Col. Atlas","44870","","","centrosculturalesgdl@gmail.com; cc.atlas.guadalajara@gmail.com",-103.32904,20.645,"http://sic.gob.mx/ficha.php?table=centro_cultural&table_id=1148","2025-08-26 18:01:20-06"
2859,"Centro Creativo La Ferro","2013-02-14","Secretaría de Cultura Municipal de Guadalajara",14,"Jalisco",39,"Guadalajara",1,"Guadalajara","Unidad Deportiva La Ferro, Calle 10 s/n entre la 7 y la 9","Col. Ferrocarril","44440","(33) 3810 5731","","gahdiel.andrade@gmail.com; centrosculturalesgdl@gmail.com",-103.34941,20.6443,"http://sic.gob.mx/ficha.php?table=centro_cultural&table_id=2859","2026-02-18 17:22:03-06"
1600,"Centro Cultural San Diego","1993-01-01","Secretaría de Cultura Municipal de Guadalajara",14,"Jalisco",39,"Guadalajara",1,"Guadalajara","González Ortega 443 esq. Manuel Acuña","Col. El Santuario","44100","(33) 1201 8730 al 33","http://cultura.guadalajara.gob.mx/?q=espacios/centro-cultural/centro-cultural-san-diego","alexmt75@hotmail.com; centrosculturalesgdl@gmail.com",-103.35034,20.68309,"http://sic.gob.mx/ficha.php?table=centro_cultural&table_id=1600","2018-12-26 08:13:17-06"
1249,"Casa ITESO Clavigero","2001-04-25","Instituto Tecnológico de Estudios Superiores de Occidente (ITESO)",14,"Jalisco",39,"Guadalajara",1,"Guadalajara","José Guadalupe Zuno 2083 esq. Av. Chapultepec y Marsella","Col. Americana","44160","33 3615 8347","https://cultura.iteso.mx/casa-iteso-clavigero","fernanda.ordonana@iteso.mx",-103.37,20.67081,"http://sic.gob.mx/ficha.php?table=centro_cultural&table_id=1249","2026-01-15 13:48:07-06"
1605,"Centro Cultural Casa Vallarta","1996-01-31","Universidad de Guadalajara ",14,"Jalisco",39,"Guadalajara",1,"Guadalajara","Av. Vallarta 1668","Col. Americana","44160","33 3044 4050","https://www.mexicoescultura.com/recinto/65706/centro-cultural-casa-vallarta.html","ricardo.guzman@redudg.udg.mx",-103.37201,20.67472,"http://sic.gob.mx/ficha.php?table=centro_cultural&table_id=1605","2023-12-28 06:31:05-06"
3861,"Centro Cultural NEM, Neo Efecto Mariposa","2023-04-06","Museo Medieval,A.C.",14,"Jalisco",39,"Guadalajara",1,"Guadalajara","Maestranza 78 esq. Av. Juárez","Centro","44100","33 3801 4924","https://centroculturalnem.com/","centroculturalnemgdl@gmail.com",-103.3458,20.67552,"http://sic.gob.mx/ficha.php?table=centro_cultural&table_id=3861","2025-03-05 14:00:35-06"
1604,"Centro Cultural Luis Páez Brotchie","1970-11-14","Secretaría de Cultura Municipal de Guadalajara",14,"Jalisco",39,"Guadalajara",1,"Guadalajara","Av. Centro Médico 208","Col. Independencia Oriente ","44340","33 1201 8728","","centrocultural.luispaez@gmail.com",-103.33061,20.68886,"http://sic.gob.mx/ficha.php?table=centro_cultural&table_id=1604","2024-12-18 09:30:15-06"
3302,"Centro Cultural para la Niñez","2016-05-27","",14,"Jalisco",39,"Guadalajara",1,"Guadalajara","Reforma 369","","44100","33 3614 3672","https://www.lacoperacha.mx","la_coperacha@yahoo.com.mx",-103.34872,20.6802,"http://sic.gob.mx/ficha.php?table=centro_cultural&table_id=3302","2025-10-21 17:31:50-06"
1882,"Centro Cultural Hacienda de Oblatos","2006-02-23","Secretaría de Cultura Municipal de Guadalajara",14,"Jalisco",39,"Guadalajara",1,"Guadalajara","San Pedro 2919-A","Col. Oblatos","44720","331 657 8423","","centroculturalhoblatos@hotmail.com",-103.29311,20.68354,"http://sic.gob.mx/ficha.php?table=centro_cultural&table_id=1882","2026-10-01 10:11:46-06"
2007,"Centro Cultural Mixcoacalli","2004-01-01","Independiente",14,"Jalisco",39,"Guadalajara",1,"Guadalajara","Contreras Medellín 276 esq. Reforma y Garibaldi","Centro","44100","33 3614 6686","https://www.mexicoescultura.com/recinto/65732/centro-cultural-mixcoacalli.html","mixcoalli@yahoo.com.mx",-103.3512,20.68067,"http://sic.gob.mx/ficha.php?table=centro_cultural&table_id=2007","2024-02-15 05:18:08-06"
3355,"Centro Joce","1000-01-01","Educación Especializada para Discapacidad Intelectual",14,"Jalisco",39,"Guadalajara",1,"Guadalajara","Av. Alemania 1827","Col. Moderna","44190","33 2011 3950","","centrojoce@gmail.com",-103.36569,20.66658,"http://sic.gob.mx/ficha.php?table=centro_cultural&table_id=3355","2025-08-20 12:14:31-06"
1140,"Centro Cultural Centenario","1991-08-02","Asociación Jalisciense de Artistas Plásticos, A. C./Sede del Seminario de Cultura Mexicana, Corresponsalía Guadalajara",14,"Jalisco",39,"Guadalajara",1,"Guadalajara","San Felipe 730 esq. Federalismo","Col. Jesús","44200","33 3825 1356","","culturalcentenario@hotmail.com",-103.35477,20.67945,"http://sic.gob.mx/ficha.php?table=centro_cultural&table_id=1140","2025-03-27 13:49:16-06"
2133,"Casa de la Cultura de Hostotipaquillo","2009-03-30","Ayuntamiento de Hostotipaquillo",14,"Jalisco",40,"Hostotipaquillo",1,"Hostotipaquillo","Zaragoza esq. Torres s/n","Centro","46440","386 744 51 21","https://www.hostotipaquillojalisco.gob.mx/noticias/cultura-y-turismo/","culturayturismohosto@gmail.com",-104.05164,21.05736,"http://sic.gob.mx/ficha.php?table=centro_cultural&table_id=2133","2024-07-23 11:58:00-06"
2316,"Casa de la Cultura Pueblo, historia y tradición","2009-12-18","Ayuntamiento de Huejuquilla el Alto",14,"Jalisco",42,"Huejuquilla el Alto",1,"Huejuquilla el Alto","Victoria 84","Centro","46000","457 98 37421","https://huejuquillaelalto.gob.mx/Gobierno","carmencho33@hotmail.com",-103.89914,22.62564,"http://sic.gob.mx/ficha.php?table=centro_cultural&table_id=2316","2023-08-15 06:13:38-06"
52,"Casa de la Cultura Profesora Idolina Gaona de Cosio","1989-01-01","Ayuntamiento de La Huerta",14,"Jalisco",43,"La Huerta",1,"La Huerta","Vicente Guerrero 52 esq. Gral. García Barragan","Centro","48850","357 384 13 50","","info@lahuerta.gob.mx",-104.64359,19.48182,"http://sic.gob.mx/ficha.php?table=centro_cultural&table_id=52","2023-07-18 06:21:55-06"
1899,"Casa de la Cultura de Ixtlahuacán de los Membrillos","2006-05-01","Ayuntamiento de Ixtlahuacán de los Membrillos",14,"Jalisco",44,"Ixtlahuacán de los Membrillos",1,"Ixtlahuacán de los Membrillos","Calle 16 de septiembre 60","Bajío o Barrio Pobre, Bajos Hornos","45850","376 762 01 62","imembrillos.gob.mx","presidencia@imembrillos.gob.mx",-103.19404,20.35141,"http://sic.gob.mx/ficha.php?table=centro_cultural&table_id=1899","2023-10-27 06:42:25-06"
263,"Casa de la Cultura de Atequiza","1988-01-01","Ayuntamiento de Ixtlahuacán de los Membrillos",14,"Jalisco",44,"Ixtlahuacán de los Membrillos",2,"Atequiza","López Cotilla 99","Centro","45860","376 762 30 00, 376 762 00 44","","casaculturaatequiza@hotmail.com; presidencia@imembrillos.gob.mx",-103.13513,20.39752,"http://sic.gob.mx/ficha.php?table=centro_cultural&table_id=263","2025-06-11 17:00:09-06"
1894,"Casa de la Cultura de Ixtlahuacán del Río","2006-01-01","Ayuntamiento de Ixtlahuacán del Río",14,"Jalisco",45,"Ixtlahuacán del Río",1,"Ixtlahuacán del Río","Industria 403","Col. de la Cruz","45260","373 734 75 04","","ccc.ixtlahuacandelrío@gmail.com",-103.24313,20.86479,"http://sic.gob.mx/ficha.php?table=centro_cultural&table_id=1894","2025-08-18 12:52:27-06"
17,"Casa de la Cultura de Jalostotitlán","2000-05-01","Ayuntamiento de Jalostotitlán",14,"Jalisco",46,"Jalostotitlán",1,"Jalostotitlán","Allende 28","Centro","47120","431  746 29 28","http://www.jalostotitlan.gob.mx/site/","casaculturajalos@gmail.com",-102.46843,21.16671,"http://sic.gob.mx/ficha.php?table=centro_cultural&table_id=17","2023-08-07 04:24:53-06"
18,"Casa de Cultura Paco Ochoa Jamay","2006-05-15","Ayuntamiento de Jamay/Dirección de Cultura",14,"Jalisco",47,"Jamay",1,"Jamay","Francisco I. Madero 14","Centro","47900","392 92 4 00 70","http://jamayjalisco.gob.mx/","cultura.jamay@gmail.com",-102.71068,20.2899,"http://sic.gob.mx/ficha.php?table=centro_cultural&table_id=18","2024-05-22 09:35:48-06"
19,"Casa de la Cultura Profa. María Sánchez Zarate","2000-10-01","Ayuntamiento Municipal de Jesús María",14,"Jalisco",48,"Jesús María",1,"Jesús María","Constitución 56","Centro","47950","3487040777","http://www.jesusmariajalisco.gob.mx/","cultura@jesusmariajalisco.gob.mx",-102.22283,20.60561,"http://sic.gob.mx/ficha.php?table=centro_cultural&table_id=19","2023-08-14 07:11:56-06"
1651,"Casa de la Cultura de Jocotepec","2003-12-01","Ayuntamiento de Jocotepec",14,"Jalisco",50,"Jocotepec",11,"San Juan Cosalá","Hidalgo Nte. 38","Centro","45800","387 763 16 21","","casadeculturajoco@hotmail.com",-103.43047,20.28604,"http://sic.gob.mx/ficha.php?table=centro_cultural&table_id=1651","2025-10-01 19:15:15-06"
20,"Casa de la Cultura de Juanacatlán","1992-01-01","Ayuntamiento de Juanacatlán",14,"Jalisco",51,"Juanacatlán",1,"Juanacatlán","Herrera y Cairo 84","Centro","45880","33 3732 3067","","",-103.16978,20.51032,"http://sic.gob.mx/ficha.php?table=centro_cultural&table_id=20","2023-10-17 05:01:54-06"
1895,"Casa de la Cultura Leocricia Arreola García","2006-11-17","Ayuntamiento de Juchitlán",14,"Jalisco",52,"Juchitlán",1,"Juchitlán","Degollado 219","Centro","48600","(349) 374 02 75","","juchitlan_mipueblo@hotmail.com; soco_2680@hotmail.com",-104.09867,20.08813,"http://sic.gob.mx/ficha.php?table=centro_cultural&table_id=1895","2025-10-21 18:03:29-06"
51,"Casa de la Cultura de Lagos de Moreno","1991-09-18","Patronato de la Casa de la Cultura",14,"Jalisco",53,"Lagos de Moreno",1,"Lagos de Moreno","Miguel Leandro Guerra s/n esq. Mariano Azuela","Centro","47400","474 742 17 44","","cclagos1990@hotmail.com",-101.92982,21.35408,"http://sic.gob.mx/ficha.php?table=centro_cultural&table_id=51","2025-03-06 13:33:40-06"
3792,"Centro de las Artes Manuel González Serrano","2016-01-16","Ayuntamiento de Lagos de Moreno/Dirección de Cultura",14,"Jalisco",53,"Lagos de Moreno",1,"Lagos de Moreno","Miguel Hidalgo y Costilla 474 y 476","Centro","47400","474 741 1592","https://ldm.gob.mx/el-centro-de-las-artes-manuel-gonzalez-serrano-ofrece-una-variedad-de-talleres/","ccmgs@outlook.com",-101.93252,21.35473,"http://sic.gob.mx/ficha.php?table=centro_cultural&table_id=3792","2025-08-15 13:37:37-06"
3865,"Casa de la Cultura de Cristeros","2017-07-27","Ayuntamiento de Lagos de Moreno/Dirección de Cultura",14,"Jalisco",53,"Lagos de Moreno",1,"Lagos de Moreno","Leonardo Pérez Larios 176","Col. Cristeros","47476","474 118 0667","","centrocultural.cristeros@ldm.gob.mx",-101.97201,21.31991,"http://sic.gob.mx/ficha.php?table=centro_cultural&table_id=3865","2025-08-14 11:57:40-06"
3897,"Casa de la Cultura San Miguel del Cuarenta","2014-10-01","Ayuntamiento de Lagos de Moreno/Dirección de Cultura",14,"Jalisco",53,"Lagos de Moreno",1,"Lagos de Moreno","Roble 1","Col. La Huerta, localidad: San Miguel del Cuarenta","47525","474 688 0194","","",-101.92917,21.35639,"http://sic.gob.mx/ficha.php?table=centro_cultural&table_id=3897","2025-08-18 10:11:16-06"
3898,"Centro Cultural y Museo de la Ciudad de Lagos de Moreno","2024-08-24","Ayuntamiento de Lagos de Moreno/Dirección de Cultura",14,"Jalisco",53,"Lagos de Moreno",1,"Lagos de Moreno","Benito Juárez s/n","Centro","47400","474 741 1189","","centrocultural.museolagos@hotmail.com",-101.93072,21.35419,"http://sic.gob.mx/ficha.php?table=centro_cultural&table_id=3898","2025-08-20 09:23:35-06"
1891,"Casa de la Cultura de El Limón","2006-07-05","Ayuntamiento de El Limón",14,"Jalisco",54,"El Limón",1,"El Limón","Ocampo 5","Centro","48700","321 373 00 28","https://ellimon.gob.mx/","culturaellimon@gmail.com; ellimon@jalisco.gob. mx",-104.15786,19.82638,"http://sic.gob.mx/ficha.php?table=centro_cultural&table_id=1891","2025-11-20 13:20:34-06"
2318,"Casa de la Cultura de Magdalena","2009-12-01","Alcaldía La Magdalena Contreras",14,"Jalisco",55,"Magdalena",1,"Magdalena","Javier Mina 44","Centro","46470","444 814 1012","","presidenciamunicipal.magdalena@jalisco.gob.mx",-103.98037,20.90945,"http://sic.gob.mx/ficha.php?table=centro_cultural&table_id=2318","2024-07-23 11:46:08-06"
54,"Casa de la Cultura de La Manzanilla de La Paz","2009-12-01","Ayuntamiento de La Manzanilla de La Paz",14,"Jalisco",57,"La Manzanilla de la Paz",1,"La Manzanilla de la Paz","Cerro de García 3","Centro","49460","372 435 03 62","","rossyrios5@hotmail.com",-103.15821,20.00779,"http://sic.gob.mx/ficha.php?table=centro_cultural&table_id=54","2025-11-19 18:52:55-06"
59,"Palacio de Cultura y el Arte de Mascota","2001-08-11","Ayuntamiento de Mascota",14,"Jalisco",58,"Mascota",1,"Mascota","Allende 115","Centro","46900","(388) 386 16 79","","palaciodelartemascota@gmail.com",-104.78698,20.5229,"http://sic.gob.mx/ficha.php?table=centro_cultural&table_id=59","2024-07-11 13:08:15-06"
1896,"Casa de la Cultura de Mazamitla","2006-11-01","Ayuntamiento de Mazamitla",14,"Jalisco",59,"Mazamitla",1,"Mazamitla","Cuitláhuac 10","Centro","49500","382 538 1547","https://mazamitla.gob.mx/Transparencia/","",-103.01836,19.91622,"http://sic.gob.mx/ficha.php?table=centro_cultural&table_id=1896","2023-08-11 05:16:00-06"
55,"Casa de la Cultura de Mexticacán","1992-01-01","Ayuntamiento Municipal de Mexticacán",14,"Jalisco",60,"Mexticacán",1,"Mexticacán","Morelos 1","Centro","47340","344 103 07 23","","culturamexticacan2124@gmail.com",-102.77694,21.26442,"http://sic.gob.mx/ficha.php?table=centro_cultural&table_id=55","2025-08-14 17:54:00-06"
756,"Casa de la Cultura de Mezquitic","1978-04-01","Ayuntamiento de Mezquitic",14,"Jalisco",61,"Mezquitic",1,"Mezquitic","5 de Mayo núm. 2","Centro","46040","457 981 01 72 ext. 1019","","cultura.mezjal@gmail.com",-103.72896,22.38873,"http://sic.gob.mx/ficha.php?table=centro_cultural&table_id=756","2023-02-13 06:02:30-06"
56,"Casa de la Cultura de Ocotlán","1982-09-10","Ayuntamiento de Ocotlán",14,"Jalisco",63,"Ocotlán",1,"Ocotlán","Coronel Guerrero s/n esq. Niños Héroes","Centro","47800","392 922 31 85","","imcaocotlan@gmail.com",-102.77381,20.34557,"http://sic.gob.mx/ficha.php?table=centro_cultural&table_id=56","2023-11-06 07:32:07-06"
28,"Casa de la Cultura de Ojuelos","1901-01-01","Ayuntamiento de Ojuelos/Dirección de Cultura",14,"Jalisco",64,"Ojuelos de Jalisco",1,"Ojuelos de Jalisco","Plaza Principal 1","Centro","47540","496 851 0256","","",-101.59244,21.86577,"http://sic.gob.mx/ficha.php?table=centro_cultural&table_id=28","2025-10-07 08:11:11-06"
57,"Casa de la Cultura Gonzálo Rodríguez Hinojosa","1985-01-01","Ayuntamiento de Pihuamo",14,"Jalisco",65,"Pihuamo",1,"Pihuamo","López Cotilla 15","Centro","49870","(312) 396 12 27","","casaculturapihuamo@hotmail.com",-103.37826,19.25508,"http://sic.gob.mx/ficha.php?table=centro_cultural&table_id=57","2025-07-11 17:37:54-06"
3111,"Centro Cultural Metropolitano Dr. Ramón Vargas","2016-11-01","Ayuntamiento de Poncitlán",14,"Jalisco",66,"Poncitlán",1,"Poncitlán"," Lázaro Cárdenas 295","Col. El Cerrito","45950","391 912 6497","https://www.poncitlan.gob.mx/gaceta_virtual.php","turismo.cultura.poncitlan@gmail.com",-102.93749,20.37997,"http://sic.gob.mx/ficha.php?table=centro_cultural&table_id=3111","2025-08-21 13:02:57-06"
79,"Unidad Administrativa municipal y Casa Cultural","1994-07-02","Ayuntamiento de Poncitlán",14,"Jalisco",66,"Poncitlán",1,"Poncitlán","Zaragoza  74","Centro","45950","3919126470","http://www.poncitlan.gob.mx/","gobierno@poncitlan.gob.mx, turismo.cultura.poncitlan@gmail.com",-102.92878,20.3839,"http://sic.gob.mx/ficha.php?table=centro_cultural&table_id=79","2025-08-21 12:42:52-06"
1705,"Centro Cultural Cuale","2003-03-27","Instituto Vallartense de Cultura",14,"Jalisco",67,"Puerto Vallarta",1,"Puerto Vallarta","Isla Río Cuale, Aquiles Serdán 437 int..38 ","Col. Emiliano Zapata","48380","322 223 00 95","https://cultura.puertovallarta.gob.mx/","cultura@puertovallarta.gob.mx",-105.23208,20.60605,"http://sic.gob.mx/ficha.php?table=centro_cultural&table_id=1705","2025-06-11 16:58:12-06"
3341,"Centro Cultural El Pitillal","2021-06-23","Instituto Vallartense de Cultura",14,"Jalisco",67,"Puerto Vallarta",1,"Puerto Vallarta","Hidalgo s/n","Col. Leandro Valle","48290","322 403 0494"," https://cultura.puertovallarta.gob.mx/","cultura.pitillal@gmail.com; coordinacion.ccepi@gmail.com",-105.2204,20.6498,"http://sic.gob.mx/ficha.php?table=centro_cultural&table_id=3341","2025-08-22 19:13:12-06"
3327,"Centro Cultural Vallartense","1000-01-01","Particular",14,"Jalisco",67,"Puerto Vallarta",1,"Puerto Vallarta","Aquiles Serdán 437 (Isla del Río Cuale 33)","Col. Emiliano Zapata","48380","322 273 69 87","","centroculturalv@gmail.com",-105.23263,20.60607,"http://sic.gob.mx/ficha.php?table=centro_cultural&table_id=3327","2021-06-23 06:10:30-05"
3368,"Centro de Cultura y Artes - Tercera Llamada","2015-04-18","Particular",14,"Jalisco",67,"Puerto Vallarta",1,"Puerto Vallarta","González Gallo 103","Col. Vida Vallarta","48318","322 157 26 44","https://www.instagram.com/tercerallamadapv/?hl=es-la","dulce.alvarado6@gmail.com",-105.21761,20.64639,"http://sic.gob.mx/ficha.php?table=centro_cultural&table_id=3368","2025-10-13 19:29:11-06"
38,"Casa de la Cultura de Villa Purificación","1000-01-01","Ayuntamiento de Villa Purificación",14,"Jalisco",68,"Villa Purificación",1,"Villa Purificación","Abasolo s/n esq. 16 de Septiembre","Centro","48800","357 375 05 86","https://villapurificacion.gob.mx/municipio/area/arte-y-cultura","arteycultura@villapurificacion.gob.mx",-104.60655,19.71795,"http://sic.gob.mx/ficha.php?table=centro_cultural&table_id=38","2025-09-19 16:55:15-06"
2313,"Casa de la Cultura de El Salto","2009-12-04","Ayuntamiento de El Salto",14,"Jalisco",70,"El Salto",1,"El Salto","Narciso Mendoza 18 ","Centro","45680","33 32 84 12 40 Ext. 303 y 304","https://elsalto.gob.mx/","cultura@elsalto.gob.mx cassandra.flores@elsalto.gob.mx",-103.17813,20.51914,"http://sic.gob.mx/ficha.php?table=centro_cultural&table_id=2313","2024-02-22 08:12:13-06"
468,"Casa de la Cultura de San Cristóbal de la Barranca","1999-11-01","Ayuntamiento de San Cristóbal de la Barranca",14,"Jalisco",71,"San Cristóbal de la Barranca",1,"San Cristóbal de la Barranca","Hidalgo 67","Centro","45250","373 732 90 95","","guzman_elvis.01@hotmail.com<br>presidencia_sancristobal@hotmail.com",-103.42835,21.0447,"http://sic.gob.mx/ficha.php?table=centro_cultural&table_id=468","2025-07-07 19:01:17-06"
261,"Casa de la Cultura de San Diego de Alejandría","1985-03-01","Ayuntamiento de San Diego de Alejandría",14,"Jalisco",72,"San Diego de Alejandría",1,"San Diego de Alejandría","5 de mayo 202","Centro","47590","395 726 0541","","casadelacultura@sandiegodealejandria.gob.mx",-101.99294,20.9934,"http://sic.gob.mx/ficha.php?table=centro_cultural&table_id=261","2023-08-01 08:23:09-06"
29,"Casa de la Cultura María Izquierdo","1992-03-06","Ayuntamiento de San Juan de los Lagos",14,"Jalisco",73,"San Juan de los Lagos",1,"San Juan de los Lagos","Rita Pérez de Moreno 3","Centro","47000","3957850007","http://www.sanjuandeloslagos.gob.mx","casadelaculturasanjuan@hotmail.com",-102.33478,21.24568,"http://sic.gob.mx/ficha.php?table=centro_cultural&table_id=29","2023-07-24 05:23:29-06"
31,"Casa de la Cultura Lic. José de Jesús Hernández Gutiérrez","1999-12-01","Ayuntamiento de San Julián",14,"Jalisco",74,"San Julián",1,"San Julián","Hidalgo 49 Ote.","Centro","47170","347 718 0214","https://sanjulian.gob.mx/","cultura@sanjulian.gob",-102.18093,21.01078,"http://sic.gob.mx/ficha.php?table=centro_cultural&table_id=31","2025-09-05 13:53:30-06"
2320,"Casa de la Cultura de San Marcos","2009-12-15","Ayuntamiento de San Marcos",14,"Jalisco",75,"San Marcos",1,"San Marcos","Independencia 4","Centro","46540","(386) 757 06 45","http://www.sanmarcos.jalisco.gob.mx/index.html","presidenciasanmarcos2021@gmail.com",-104.1949,20.79191,"http://sic.gob.mx/ficha.php?table=centro_cultural&table_id=2320","2019-02-14 03:44:25-06"
1906,"Casa de la Cultura Martha Reyes López","2006-01-01","Ayuntamiento de San Martín de Bolaños",14,"Jalisco",76,"San Martín de Bolaños",1,"San Martín de Bolaños","Cuauhtémoc s/n","Centro","46350","437 952 53 59","","ayuntamientosmb@yahoo.com.mx",0,0,"http://sic.gob.mx/ficha.php?table=centro_cultural&table_id=1906","2021-10-11 08:46:52-05"
1897,"Casa de la Cultura de San Martín de Hidalgo","2006-05-10","Ayuntamiento de San Martín de Hidalgo",14,"Jalisco",77,"San Martín Hidalgo",1,"San Martín Hidalgo","Gabino Barreda 2","Centro","46770","385 755 14 31","","presidencia@sanmartindehidalgo.gob.mx",-103.92942,20.4365,"http://sic.gob.mx/ficha.php?table=centro_cultural&table_id=1897","2023-07-18 06:04:47-06"
430,"Casa de Cultura Profra. Idolina Gaona de Cosio Vidaurri","1992-01-30","Ayuntamiento de San Miguel el Alto",14,"Jalisco",78,"San Miguel el Alto",1,"San Miguel el Alto","Fray Miguel de Bolonia 140","Centro","47140","347 788 32 97","http://www.sanmiguelelalto.gob.mx/","casadelacultura@sanmiguelelalto.gob.mx<br>",-102.4068,21.03257,"http://sic.gob.mx/ficha.php?table=centro_cultural&table_id=430","2025-09-05 17:19:25-06"
1970,"Casa de la Cultura de Gómez Farías","2008-02-14","Ayuntamiento de Gómez Farías",14,"Jalisco",79,"Gómez Farías",1,"San Sebastián del Sur","Iturbide 49 ","Col. Reforma","49120","341 433 03 99","http://www.gomezfarias.jalisco.gob.mx/index.html","mariano_cano180493@outlook.com",0,0,"http://sic.gob.mx/ficha.php?table=centro_cultural&table_id=1970","2023-10-19 06:59:36-06"
264,"Casa de la Cultura Juan Rulfo","1982-01-01","Ayuntamiento de Sayula/Dirección de Cultura",14,"Jalisco",82,"Sayula",1,"Sayula","Prisciliano Sánchez s/n esq. 16 de Septiembre","Centro","48050","342 422 1065, 342 108 7147","https://www.sayula.gob.mx/","culturasayula@gmail.com",-103.60136,19.88457,"http://sic.gob.mx/ficha.php?table=centro_cultural&table_id=264","2026-04-16 13:04:17-06"
1652,"Casa de la Cultura de Talpa de Allende","2003-11-01","Ayuntamiento de Talpa de Allende",14,"Jalisco",84,"Talpa de Allende",1,"Talpa de Allende","Calle Orquídea s/n","Col. Lomas de San Francisco","48207","388 385 15 18","http://www.talpadeallende.gob.mx/","culturatalpa@gmail.com",-104.81889,20.37617,"http://sic.gob.mx/ficha.php?table=centro_cultural&table_id=1652","2023-10-24 05:29:15-06"
35,"Centro Cultural Julio Barbosa Castañeda","2000-12-13","Ayuntamiento de Tamazula de Gordiano",14,"Jalisco",85,"Tamazula de Gordiano",1,"Tamazula de Gordiano","Hidalgo 238","Centro","49650","358 416 34 44","http://www.tamazuladegordiano.gob.mx/","casacultura@tamazuladegordiano.gob.mx",-103.25786,19.67744,"http://sic.gob.mx/ficha.php?table=centro_cultural&table_id=35","2025-09-19 17:45:59-06"
2322,"Casa de Cultura de Tapalpa","1000-01-01","Ayuntamiento de Tapalpa",14,"Jalisco",86,"Tapalpa",1,"Tapalpa","Luis Enrique Bracamontes 1","Centro","49340","343 432 1089","","rcmartha5@hotmail.com; presidenciatapalpa@hotmail.com",-103.75908,19.9463,"http://sic.gob.mx/ficha.php?table=centro_cultural&table_id=2322","2025-10-10 17:21:41-06"
450,"Casa de la Cultura de Tapalpa","2009-12-17","Ayuntamiento de Tapalpa/Dirección de Cultura",14,"Jalisco",86,"Tapalpa",1,"Tapalpa","Luis Enrique Bracamontes 1","Centro","49340","343 432 10 89","https://www.tapalpa.gob.mx/","culturatapalpa2124@gmail.com",-103.75918,19.9462,"http://sic.gob.mx/ficha.php?table=centro_cultural&table_id=450","2023-08-09 03:56:28-06"
1907,"Casa de la Cultura de Tecalitlán","2006-05-01","Ayuntamiento de Tecalitlán",14,"Jalisco",87,"Tecalitlán",1,"Tecalitlán","Cuauhtémoc 23","Centro","49900","371 418 40 00 ext. 125","http://www.tecalitlan.gob.mx/","",-103.3062,19.47128,"http://sic.gob.mx/ficha.php?table=centro_cultural&table_id=1907","2023-08-07 07:54:05-06"
22,"Casa de la Cultura Arquitecto Adrián Márquez Rodríguez","2006-10-01","Ayuntamiento de Techaluta de Montenegro",14,"Jalisco",89,"Techaluta de Montenegro",1,"Techaluta de Montenegro","Allende s/n","Centro","49230","372 424 51 03, 372 424 51 39","","techaluta_jalisco@hotmail.com ",-103.55023,20.07246,"http://sic.gob.mx/ficha.php?table=centro_cultural&table_id=22","2024-09-05 10:14:32-06"
1915,"Casa de la Cultura Engracia Santa Anna","2007-08-04","Ayuntamiento de Tenamaxtlán",14,"Jalisco",90,"Tenamaxtlán",1,"Tenamaxtlán","Guadalupe Victoria 14","Centro","48570","349 775 11 42","","culturatenamaxtlan2124@gmail.com",-104.16189,20.21769,"http://sic.gob.mx/ficha.php?table=centro_cultural&table_id=1915","2023-09-20 07:49:42-06"
2771,"Centro Cultural González Hermosillo, Casa Pinta","1000-01-01","Ayuntamiento de Teocaltiche",14,"Jalisco",91,"Teocaltiche",1,"Teocaltiche","Victoriano Salado Álvarez 84","Centro","47200","346 787 2152","","casapinta.teocal.cultura@hotmail.com",-102.57652,21.43499,"http://sic.gob.mx/ficha.php?table=centro_cultural&table_id=2771","2024-06-21 13:42:34-06"
2773,"Casa de Cultura Ex Hospital de Indios Hospitalito","1000-01-01","Ayuntamiento de Teocaltiche",14,"Jalisco",91,"Teocaltiche",1,"Teocaltiche","Francisco  I.  Madero s/n esq. Alberto Orozco Romero","Centro","47200","(346) 787 21 52 ext. 126","","casapinta.teocal.cultura@hotmail.com	",-102.57643,21.43797,"http://sic.gob.mx/ficha.php?table=centro_cultural&table_id=2773","2018-12-26 07:34:22-06"
2335,"Casa de la Cultura de Teocuitatlán de Corona","1000-01-01","Ayuntamiento de Teocuitatlán de Corona",14,"Jalisco",92,"Teocuitatlán de Corona",1,"Teocuitatlán de Corona","Morelos 98","Centro","49250","372 428 12 19","","",-103.37708,20.08956,"http://sic.gob.mx/ficha.php?table=centro_cultural&table_id=2335","2025-08-13 19:27:21-06"
761,"Casa de la Cultura J. Jesús González Martín","1979-01-01","Ayuntamiento de Tepatitlán de Morelos/Dirección de Arte y Cultura",14,"Jalisco",93,"Tepatitlán de Morelos",1,"Tepatitlán de Morelos","Samartín 35","Centro","47600","378 782 0509","https://www.tepatitlan.gob.mx/casadelacultura/","casadelacultura@tepatitlan.gob.mx; redmunicipaldetalleres@gmail.com",-102.75955,20.81546,"http://sic.gob.mx/ficha.php?table=centro_cultural&table_id=761","2026-10-01 14:29:39-06"
1876,"Casa de la Cultura de Tequila","2007-01-25","Ayuntamiento de Tequila/Dirección de Cultura de Tequila",14,"Jalisco",94,"Tequila",1,"Tequila","Lerdo de Tejada 25","Centro","46400","374 742 24 10","http://www.tequilajalisco.gob.mx/","cultura@tequilajalisco.gob.mx",-103.84007,20.88631,"http://sic.gob.mx/ficha.php?table=centro_cultural&table_id=1876","2025-04-02 10:54:53-06"
3095,"Centro Cultural Juan Beckmann Gallardo","2018-12-07","José Cuervo",14,"Jalisco",94,"Tequila",1,"Tequila","José Cuervo 124","Col. La Villa","46400","374 742 68 40","https://www.mundocuervo.com/esp/centro-cultural-jbg/","info@centroculturaljbg.mx",-103.84164,20.88618,"http://sic.gob.mx/ficha.php?table=centro_cultural&table_id=3095","2023-06-06 06:50:07-06"
453,"Casa de la Cultura de Teuchitlán","2000-12-01","Ayuntamiento Municipal de Teuchitlán",14,"Jalisco",95,"Teuchitlán",1,"Teuchitlán","16 de Septiembre s/n","Centro","46760","(384) 733 07 33","","",-103.8483,20.68365,"http://sic.gob.mx/ficha.php?table=centro_cultural&table_id=453","2025-08-21 18:20:52-06"
2336,"Casa de la Cultura de Tizapán el Alto","2007-01-01","Ayuntamiento de Tizapán el Alto",14,"Jalisco",96,"Tizapán el Alto",1,"Tizapán el Alto","Canal 34","Lázaro Cárdenas y Unidad","49400","376 768 0506","","cultura@tizapan-elalto.gob.mx",-103.05035,20.16418,"http://sic.gob.mx/ficha.php?table=centro_cultural&table_id=2336","2025-09-09 17:01:08-06"
269,"Casa de la Cultura Dr. Francisco Sánchez Flores","1986-01-01","Ayuntamiento de Tlajomulco de Zúñiga/Dirección de Cultura",14,"Jalisco",97,"Tlajomulco de Zúñiga",1,"Tlajomulco de Zúñiga","And. Zaragoza 9","Centro","45640","333 283 4400 exts. 3210, 3211","http://www.tlajomulco.gob.mx","cultura@tlajomulco.gob.mx",-103.44676,20.4754,"http://sic.gob.mx/ficha.php?table=centro_cultural&table_id=269","2026-06-17 09:44:49-06"
2323,"Casa de la Cultura San Agustín","1000-01-01","Ayuntamiento de Tlajomulco de Zúñiga/Dirección de Cultura",14,"Jalisco",97,"Tlajomulco de Zúñiga",25,"San Agustín","Pedro Loza 127","Col. San Agustin ","45645","333 283 4400 exts. 3210, 3211","http://www.tlajomulco.gob.mx/","cultura@tlajomulco.gob.mx",-103.46743,20.54676,"http://sic.gob.mx/ficha.php?table=centro_cultural&table_id=2323","2026-06-18 13:38:58-06"
2324,"Casa de la Cultura de San Sebastián","1000-01-01","Ayuntamiento de Tlajomulco de Zúñiga/Dirección de Cultura",14,"Jalisco",97,"Tlajomulco de Zúñiga",32,"San Sebastián el Grande","Priv. Juárez s/n","Centro","45640","333 283 4400 exts. 3210, 3211","http://www.tlajomulco.gob.mx","cultura@tlajomulco.gob.mx",-103.42576,20.53398,"http://sic.gob.mx/ficha.php?table=centro_cultural&table_id=2324","2026-06-18 13:38:23-06"
3910,"Escuela de Artes Plásticas, Artesanías y Oficios Ángel Carranza","1985-05-02","Ayuntamiento de San Pedro Tlaquepaque",14,"Jalisco",98,"San Pedro Tlaquepaque",1,"Tlaquepaque","Contreras Medellín 194","Centro","45500","33 3657 0480","https://www.tlaquepaque.gob.mx/desglose_post?id=3726","promocion.cultural.tlaquepaque@gmail.com",-103.31365,20.64284,"http://sic.gob.mx/ficha.php?table=centro_cultural&table_id=3910","2025-09-01 17:05:31-06"
1606,"Centro Cultural El Refugio","1997-07-27","Ayuntamiento de Tlaquepaque",14,"Jalisco",98,"San Pedro Tlaquepaque",1,"Tlaquepaque","Donato Guerra 160","Centro","45500","33 3659 0945","https://pueblosmagicos.mexicodesconocido.com.mx/atractivos/5793-centro-cultural-el-refugio/","elrefugiocentrocultural@gmail.com",-103.31324,20.64226,"http://sic.gob.mx/ficha.php?table=centro_cultural&table_id=1606","2026-02-19 13:07:07-06"
3909,"Casa de la Cultura Las Juntas","2018-09-30","Ayuntamiento de San Pedro Tlaquepaque",14,"Jalisco",98,"San Pedro Tlaquepaque",1,"Tlaquepaque","San Miguel 327","Las Juntas","45590","33 3670 0817","https://www.tlaquepaque.gob.mx/desglose_post?id=1788","",-103.3364,20.60984,"http://sic.gob.mx/ficha.php?table=centro_cultural&table_id=3909","2025-09-01 16:08:22-06"
3907,"Casa de la Cultura Santa Anita","1000-01-01","Ayuntamiento de San Pedro Tlaquepaque",14,"Jalisco",98,"San Pedro Tlaquepaque",14,"Santa Anita","Morelos 115","Santa Anita Tlaquepaque ","45600","33 3109 3248","https://www.tiktok.com/@culturatlaquepaque1","",-103.44259,20.54908,"http://sic.gob.mx/ficha.php?table=centro_cultural&table_id=3907","2025-09-01 15:30:52-06"
1877,"Casa de la Cultura de Tolimán","2009-12-15","Ayuntamiento de Tolimán",14,"Jalisco",99,"Tolimán",1,"Tolimán","José Santos Palacio 16","Centro","49750","343 434 01 28","","comunicacion.social@toliman.gob.mx",-103.91431,19.60259,"http://sic.gob.mx/ficha.php?table=centro_cultural&table_id=1877","2023-07-18 07:12:16-06"
1878,"Casa de la Cultura de Tomatlán","2006-11-10","Ayuntamiento de Tomatlán",14,"Jalisco",100,"Tomatlán",1,"Tomatlán","Av. del Campesino 155","Col. Las Delicias","48450","322 298 72 47","https://tomatlanjal.gob.mx/index.html","cultura_tomatlan@hotmail.com",0,0,"http://sic.gob.mx/ficha.php?table=centro_cultural&table_id=1878","2021-07-08 13:20:03-05"
2888,"Centro Cultural Loma Dorada","2014-11-01","Ayuntamiento de Tonalá/Dirección de Cultura",14,"Jalisco",101,"Tonalá",1,"Tonalá","Loma Tacámbaro Ote. s/n entre Cto. Loma Sur y División del Norte<br>Deleg. Loma Dorada Secc. D","Col. Loma Dorada","45400","33 1200 3943","https://tonala.gob.mx/","culturatonalamx@gmail.com",-103.25845,20.62129,"http://sic.gob.mx/ficha.php?table=centro_cultural&table_id=2888","2026-02-12 09:20:55-06"
2887,"Centro Cultural Colonia Jalisco","2015-01-01","Ayuntamiento de Tonalá/Dirección de Cultura",14,"Jalisco",101,"Tonalá",1,"Tonalá","Atotonilco El Alto 3 esq. Tlaquepaque","Col. Jalisco","45412","33 3607 7247","https://tonala.gob.mx/portal/","culturatonalamx@gmail.com",-103.2635,20.68638,"http://sic.gob.mx/ficha.php?table=centro_cultural&table_id=2887","2026-02-12 09:50:49-06"
2884,"Centro Cultural Santa Paula","2014-10-01","Ayuntamiento de Tonalá/Dirección de Cultura",14,"Jalisco",101,"Tonalá",1,"Tonalá","Lázaro Cárdenas s/n esq. López Mateos<br>Delegación  Santa Paula 2da. Sección","Col. Santa Rosa","45426","33 3586 6000 exts. 1521, 1523","https://tonala.gob.mx/portal/","culturatonalamx@gmail.com",-103.23933,20.58971,"http://sic.gob.mx/ficha.php?table=centro_cultural&table_id=2884","2026-02-16 11:14:55-06"
1607,"Casa de Cultura Tonalá","1988-12-21","Ayuntamiento de Tonalá/Dirección de Cultura",14,"Jalisco",101,"Tonalá",1,"Tonalá","Morelos 180","Centro","45400","333 586 6000 exts. 1521, 1523","https://tonala.gob.mx/portal/","culturatonalamx@gmail.com",-103.24298,20.62766,"http://sic.gob.mx/ficha.php?table=centro_cultural&table_id=1607","2026-04-20 10:15:16-06"
2186,"Centro Cultural Los Ariles","2009-01-01","Ma. Teresa Figueroa Damián",14,"Jalisco",101,"Tonalá",1,"Tonalá","Benito Juárez 309","Col. La Alberca","44400","33 3331 8875","","matefida14@hotmail.com",-103.24906,20.62552,"http://sic.gob.mx/ficha.php?table=centro_cultural&table_id=2186","2026-02-12 11:40:33-06"
2885,"Centro Cultural de Puente Grande","1985-01-01","Ayuntamiento de Tonalá/Dirección de Cultura",14,"Jalisco",101,"Tonalá",26,"Puente Grande","Hidalgo 173 entre 16 de Septiembre y Vicente Guerrero","Delegación Puente  Grande","45427","33 3586 6000 exts.1521, 1524","http://www.tonala.gob.mx","culturatonalamx@gmail.com",-103.15122,20.56981,"http://sic.gob.mx/ficha.php?table=centro_cultural&table_id=2885","2026-02-16 10:58:11-06"
1879,"Casa de la Cultura de Tonaya Dr. Mónico Soto Grajeda","2007-12-01","Ayuntamiento de Tonaya",14,"Jalisco",102,"Tonaya",1,"Tonaya","Vicente Guerrero 2","Centro","48761","343 431 07 67","https://www.tonayajalisco.gob.mx/Portal/","casacultura2018-2021@hotmail.com<br>presidenciatonaya@gmail.com",-103.97063,19.78705,"http://sic.gob.mx/ficha.php?table=centro_cultural&table_id=1879","2024-01-15 07:12:44-06"
2325,"Casa de la Cultura de Tonila","2009-12-01","Ayuntamiento de Tonila",14,"Jalisco",103,"Tonila",1,"Tonila","Allende 2","Centro","49840","312 321 59 69","","victorzepeda2010@hotmail.com",0,0,"http://sic.gob.mx/ficha.php?table=centro_cultural&table_id=2325","2023-07-24 07:53:02-06"
1656,"Casa de la Cultura de Totatiche","2005-11-21","Ayuntamiento de Totatiche",14,"Jalisco",104,"Totatiche",1,"Totatiche","Seminario 14","Centro","46170","437 964 0008; 437 96 4 0164","https://totatiche.jalisco.gob.mx/inicio","luzelenacar2124@gmail.com",-103.4453,21.92872,"http://sic.gob.mx/ficha.php?table=centro_cultural&table_id=1656","2023-08-15 08:14:38-06"
1898,"Casa de la Cultura José Moreno Hernández","2006-07-01","Ayuntamiento de Tototlán",14,"Jalisco",105,"Tototlán",1,"Tototlán","Fray Juan de Zumarraga 4","Col. Guadalupe","47730","391 916 1435","","culcultura@tototlan.gob.mx; culturatototlan@gmail.com",-102.7919,20.54682,"http://sic.gob.mx/ficha.php?table=centro_cultural&table_id=1898","2024-04-16 12:55:55-06"
1905,"Casa de la Cultura Juan Rulfo","2007-12-01","Ayuntamiento de Tuxcacuesco",14,"Jalisco",106,"Tuxcacuesco",1,"Tuxcacuesco","Independencia 40","Centro","48770","343 413 95 06","","Dicultuxca@gmail.com",-103.98297,19.69857,"http://sic.gob.mx/ficha.php?table=centro_cultural&table_id=1905","2024-01-09 06:43:46-06"
3094,"Casa de la Cultura de Tuxpan","1000-01-01","Ayuntamiento de Tuxpan",14,"Jalisco",108,"Tuxpan",1,"Tuxpan","Reforma 6","","","(371) 417 31 70","","",-103.3758,19.55559,"http://sic.gob.mx/ficha.php?table=centro_cultural&table_id=3094","2018-12-26 07:22:18-06"
282,"Casa de las Culturas Indígenas","1994-05-01","Unión de Comunidades Indígenas Nahuatl de Tuxpan, S.S.S",14,"Jalisco",108,"Tuxpan",1,"Tuxpan","Hidalgo 52","Centro","49800","371 417 2136","","",0,0,"http://sic.gob.mx/ficha.php?table=centro_cultural&table_id=282","2025-12-05 11:08:56-06"
2326,"Casa de la Cultura Arq. Gonzalo Villa Chávez","2009-12-26","Ayuntamiento de Tuxpan",14,"Jalisco",108,"Tuxpan",1,"Tuxpan","Reforma 6","Centro","49800","371 417 31 70","","cultura.tuxpan2124@gmail.com",-103.3758,19.55575,"http://sic.gob.mx/ficha.php?table=centro_cultural&table_id=2326","2024-05-02 11:23:09-06"
6,"Casa de la Cultura de Unión de San Antonio","2000-01-01","Ayuntamiento de Unión de San Antonio",14,"Jalisco",109,"Unión de San Antonio",1,"Unión de San Antonio","Carr. Unión Lagos s/n","Col. Calzada","47570","(395) 725 05 56","http://www.uniondesanantonio.gob.mx/casadelacultura.html","casacultura_usa012-015@hotmail.com",-102.00175,21.13266,"http://sic.gob.mx/ficha.php?table=centro_cultural&table_id=6","2025-06-16 19:42:15-06"
2105,"Casa de la Cultura de Unión de Tula","2009-02-16","Ayuntamiento de Unión de Tula",14,"Jalisco",110,"Unión de Tula",1,"Unión de Tula","Av. México 540 Nte.","Centro","48000","316 371 17 81","http://www.uniondetula.gob.mx","cultura_uniondtula@hotmail.com",-99.34797,20.05503,"http://sic.gob.mx/ficha.php?table=centro_cultural&table_id=2105","2025-10-31 19:07:40-06"
2327,"Centro Cultural Valle de Guadalupe","2009-12-13","Ayuntamiento de Valle de Guadalupe/Dirección de Desarrollo Cultural",14,"Jalisco",111,"Valle de Guadalupe",1,"Valle de Guadalupe","C. Olas Altas 84-A","Valle de Guadalupe","47380","347 714 1022","","dirtecciondecultura.valledegpe@outlook.com; cultura.valledegpe@outlook.com",-102.61967,21.01178,"http://sic.gob.mx/ficha.php?table=centro_cultural&table_id=2327","2025-11-12 19:05:14-06"
1910,"Casa de la Cultura de Valle de Juárez ","2006-11-01","Ayuntamiento de Valle de Júarez",14,"Jalisco",112,"Valle de Juárez",1,"Valle de Juárez","Hidalgo s/n","Centro","49540","382 571 03 69","","angelica.t.c@hotmail.com",-102.94163,19.93481,"http://sic.gob.mx/ficha.php?table=centro_cultural&table_id=1910","2025-09-23 18:22:54-06"
27,"Casa de la Cultura Enrique Trujillo González","1999-05-01","Ayuntamiento  de San Gabriel",14,"Jalisco",113,"San Gabriel",1,"San Gabriel","Mariano Moret 9","Col. La Quinta","49700","343 427 06 01","","",-103.76671,19.74858,"http://sic.gob.mx/ficha.php?table=centro_cultural&table_id=27","2023-10-26 07:06:35-06"
3780,"Casa de la cultura Villa Corona ","2000-01-01","H. Ayuntamiento de Villa Corona ",14,"Jalisco",114,"Villa Corona",1,"Villa Corona","Manuel M. Dieguez 114","Centro","45730","387 690 1560","","cultura@villacorona.gob.mx",-103.66276,20.41806,"http://sic.gob.mx/ficha.php?table=centro_cultural&table_id=3780","2024-07-09 13:49:43-06"
44,"Casa de la Cultura de Villa Guerrero","2009-11-22","Ayuntamiento de Villa Guerrero",14,"Jalisco",115,"Villa Guerrero",1,"Villa Guerrero","López Rayón 38","Col. San Francisco","46100","(437) 964 50 52","https://www.facebook.com/villaguerrero.jal/posts/4442852955793770/","",-103.59211,21.98124,"http://sic.gob.mx/ficha.php?table=centro_cultural&table_id=44","2025-10-01 20:02:07-06"
286,"Casa de Cultura de Villa Hidalgo","2007-02-01","Ayuntamiento de Villa Hidalgo",14,"Jalisco",116,"Villa Hidalgo",1,"Villa Hidalgo","Av. Los Maestros s/n","Col. Primavera","47250","495 968 04 32","http://www.villahidalgo.gob.mx/","culturavillahidalgo@hotmail.com<br>casadelacultura@villahidalgo.gob.mx",-102.59213,21.68201,"http://sic.gob.mx/ficha.php?table=centro_cultural&table_id=286","2025-09-19 18:53:48-06"
2328,"Casa de la Cultura Tepusco","2009-12-04","Delegación Tepusco, Villa Hidalgo, Jalisco",14,"Jalisco",116,"Villa Hidalgo",46,"San Juanico de Enmedio","Ávila Camacho s/n","Centro","47260","495 9680 736 ","http://www.villahidalgo.gob.mx/","casadelaculturatepuscov.h.18.21@gmail.com",-102.6021,21.60867,"http://sic.gob.mx/ficha.php?table=centro_cultural&table_id=2328","2024-02-27 04:48:30-06"
1884,"Casa de la Cultura de Cañadas de Obregón","2006-12-01","Ayuntamiento de Cañadas de Obregón",14,"Jalisco",117,"Cañadas de Obregón",1,"Cañadas de Obregón","La Luz 47","Centro","47361","4314030066","canadasdeobregon.jalisco.gob.mx","casaculturaturismo21@gmail.com",-102.68908,21.14838,"http://sic.gob.mx/ficha.php?table=centro_cultural&table_id=1884","2023-08-07 07:34:57-06"
42,"Casa de la Cultura de Yahualica de González Gallo","1998-12-01","Ayuntamiento de Yahualica de González Gallo",14,"Jalisco",118,"Yahualica de González Gallo",1,"Yahualica de González Gallo","Mariano Jiménez 303 esq. Nicolás Bravo","Col. La Cantera","47300","344 784 19 59","","liviervillalaz@hotmail.com",-102.88957,21.18386,"http://sic.gob.mx/ficha.php?table=centro_cultural&table_id=42","2025-10-29 17:59:35-06"
265,"Casa de la Cultura de Zacoalco de Torres","2007-05-12","Ayuntamiento de Zacoalco de Torres",14,"Jalisco",119,"Zacoalco de Torres",1,"Zacoalco de Torres","González Ortega 129 A","Centro","45750","326 423 17 42","","casadelacultura_zacoalco@hotmail.com;  casaculturazacoalco1821@gmail.com",0,0,"http://sic.gob.mx/ficha.php?table=centro_cultural&table_id=265","2023-07-31 08:48:14-06"
3041,"Conjunto Santander de Artes Escénicas","2017-10-22","Universidad de Guadalajara",14,"Jalisco",120,"Zapopan",1,"Zapopan","Anillo Periférico Norte 1695  ","Col. Parque Industrial Belenes Norte","45145","","https://conjuntosantander.com/","contacto@conjuntosantander.com",-103.38144,20.73628,"http://sic.gob.mx/ficha.php?table=centro_cultural&table_id=3041","2024-03-11 06:41:23-06"
2157,"Centro Cultural Universitario (CCU)","2007-01-01","Universidad de Guadalajara",14,"Jalisco",120,"Zapopan",1,"Zapopan","Periférico Norte Manuel Gómez Morín 1695 ","Col. Parque Industrial Belenes Nte.","45150","33 1377 5300","https://centrocultural.org.mx/","contacto@centrocultural.org.mx",-103.38106,20.73809,"http://sic.gob.mx/ficha.php?table=centro_cultural&table_id=2157","2025-12-18 16:48:10-06"
1608,"Centro Municipal de la Cultura","1979-12-01","Ayuntamiento de Zapopan/Dirección de Cultura",14,"Jalisco",120,"Zapopan",1,"Zapopan","Vicente Guerrero 233 esq. Av. Hidalgo","Col. La Huerta","45100","333 818 22 00  ext. 3852","https://www.zapopan.gob.mx/v3/node/6425  ","informescentrosculturales@gmail.com",-103.39426,20.72176,"http://sic.gob.mx/ficha.php?table=centro_cultural&table_id=1608","2025-05-12 12:08:45-06"
2132,"Instituto Cultural Ignacio Dávila Garibi","1983-08-04","Instituto Cultural Ignacio Dávila Garibi, A.C./Cámara Nacional de Comercio",14,"Jalisco",120,"Zapopan",1,"Zapopan","Av. Vallarta 4095","Col. Camino Real","45049","33 3121 9590 ext. 2112","https://www.nuestraguadalajara.com/","institutocultural.davilagaribi@gmail.com",-103.40868,20.67595,"http://sic.gob.mx/ficha.php?table=centro_cultural&table_id=2132","2024-07-02 17:11:23-06"
1967,"Centro Cultural Constitución","2016-09-21","Ayuntamiento de Zapopan/Dirección de Cultura",14,"Jalisco",120,"Zapopan",1,"Zapopan","Manuel M. Diéguez 369","Col. Constitución","45180","33 3818 2200 ext. 5813","","mayra.kitroser@zapopan.gob.mx",-103.36806,20.72708,"http://sic.gob.mx/ficha.php?table=centro_cultural&table_id=1967","2024-10-04 09:54:07-06"
1969,"Centro Cultural Las Águilas","2009-04-24","Ayuntamiento de Zapopan/Dirección de Cultura",14,"Jalisco",120,"Zapopan",1,"Zapopan","Av. López Mateos Sur 5001","Col. Las Águilas","45080","(33) 3631 1217","https://issuu.com/culturazapopan/docs/ubica_tu_centro_cultural_m__s_cerca/1?ff=true","paleedith1958@gmail.com",-103.4149,20.6315,"http://sic.gob.mx/ficha.php?table=centro_cultural&table_id=1969","2018-12-27 05:49:12-06"
1645,"Centro Cultural Paraísos del Colli","1994-01-01","Ayuntamiento de Zapopan/Dirección de Cultura",14,"Jalisco",120,"Zapopan",1,"Zapopan","Int. Plaza Cívica El Donante, Prol. del Colli 1000","Col. Paraísos del Colli ","45069","333 180 12 72","","difusion.culturazapopan@gmail.com ",-103.45353,20.64961,"http://sic.gob.mx/ficha.php?table=centro_cultural&table_id=1645","2026-09-07 14:03:08-06"
2329,"Centro Cultural Jardines de Nuevo México","2011-04-30","Ayuntamiento de Zapopan/Dirección de Cultura",14,"Jalisco",120,"Zapopan",1,"Zapopan","Idolina Gaona de Cosío s/n entre entre Décima Ote. y Séptima Ote.","Col. Jardínes de Nuevo México","45138","(33) 3672 1588","","sandra.jimenez@zapopan.gob.mx",-103.44599,20.76634,"http://sic.gob.mx/ficha.php?table=centro_cultural&table_id=2329","2025-12-12 19:22:45-06"
3023,"Centro Cultural San Isidro","2016-02-01","Ayuntamiento de Zapopan/Dirección de Cultura",14,"Jalisco",120,"Zapopan",1,"Zapopan","Av. Rio Blanco s/n","Col. San Isidro","45188","(33) 3818 2200 exts. 3844, 3846","","mayra.kitroser@zapopan.gob.mx;  informescentrosculturales@gmail.com",-103.38501,20.75378,"http://sic.gob.mx/ficha.php?table=centro_cultural&table_id=3023","2026-01-30 18:11:19-06"
1914,"Centro Cultural Tabachines","2000-01-01","Ayuntamiento de Zapopan/Dirección de Cultura",14,"Jalisco",120,"Zapopan",1,"Zapopan","Av. Tabachines 2590","Col. Tabachines","45188","333 660 98 86","https://www.zapopan.gob.mx/v3/","informescentrosculturales@gmail.com; culturatabachines@gmail.com",-103.36964,20.74047,"http://sic.gob.mx/ficha.php?table=centro_cultural&table_id=1914","2025-05-09 13:41:37-06"
1912,"La Casa del Mezquite","1998-12-01","Particular",14,"Jalisco",120,"Zapopan",1,"Zapopan","Aldama 22","Col. Atemajac del Valle","45190","33 3823 4864","","lacasadelmezquite@hotmail.com",-103.35571,20.72035,"http://sic.gob.mx/ficha.php?table=centro_cultural&table_id=1912","2023-07-11 03:10:36-06"
454,"Casa de la Cultura de Zapotiltic","1986-06-29","Ayuntamiento de Zapotiltic",14,"Jalisco",121,"Zapotiltic",1,"Zapotiltic","Prol. Mariano Escobedo 254","Centro","49600","341 108 3037","http://zapotiltic.gob.mx/","casacultura@zapotiltic.gob.mx",-103.41013,19.62806,"http://sic.gob.mx/ficha.php?table=centro_cultural&table_id=454","2025-09-08 18:21:43-06"
1650,"Casa de la Cultura de Zapotitlán de Vadillo","2006-03-07","Ayuntamiento de Zapotitlán de Vadillo",14,"Jalisco",122,"Zapotitlán de Vadillo",1,"Zapotitlán de Vadillo","Anacleto Álvarez 21","Centro","49770","343 434 09 76","http://www.zapotitlandevadillo.gob.mx/","casacultura@zapotitlandevadillo.gob.mx",-103.81396,19.54683,"http://sic.gob.mx/ficha.php?table=centro_cultural&table_id=1650","2025-10-08 18:24:45-06"
1880,"Casa de la Cultura de Zapotlán del Rey","2006-12-11","Ayuntamiento de Zapotlán del Rey",14,"Jalisco",123,"Zapotlán del Rey",1,"Zapotlán del Rey","Juárez 26","Centro","45980","391 921 51 80 ext. 118 ","https://zapotlandelrey.jalisco.gob.mx/inicio","educacionycultura123@hotmail.com",-102.92481,20.46742,"http://sic.gob.mx/ficha.php?table=centro_cultural&table_id=1880","2024-02-23 05:17:19-06"
764,"Casa de la Cultura de Zapotlanejo","1989-12-08","Ayuntamiento de Zapotlanejo",14,"Jalisco",124,"Zapotlanejo",1,"Zapotlanejo","Porfirio Díaz 40","Centro","45430","3737341549 ext. 101 y 103","http://www.zapotlanejo.gob.mx/","culturaz@zapotlanejo.gob.mx",-103.06867,20.62254,"http://sic.gob.mx/ficha.php?table=centro_cultural&table_id=764","2023-08-15 05:36:13-06"
2319,"Casa de la Cultura de San Ignacio Cerro Gordo","2009-12-28","Ayuntamiento de San Ignacio Cerro Gordo",14,"Jalisco",125,"San Ignacio Cerro Gordo",1,"San Ignacio Cerro Gordo","Ignacio L. Prado s/n","Centro","47190","(348) 716 04 15","http://www.sanignaciocg.gob.mx","casadelaculturasanignacio@gmail.com",-102.54177,20.73992,"http://sic.gob.mx/ficha.php?table=centro_cultural&table_id=2319","2025-11-03 18:31:42-06"
289,"Centro Regional de Cultura Dr. Maximiliano Ruiz Castañeda de Acambay","1978-11-15","Secretaría de Cultura y Turismo del Gobierno del Estado de México",15,"México",1,"Acambay de Ruíz Castañeda",1,"Villa de Acambay de Ruíz Castañeda","Dra. María Luisa Ochoa de Ruiz Castañeda 9","Centro","50300","718 127 0664","https://patrimonioyserviciosc.edomex.gob.mx/acambay","crcacambay@gmail.com",-99.84527,19.95399,"http://sic.gob.mx/ficha.php?table=centro_cultural&table_id=289","2026-06-19 09:02:04-06"
367,"Casa de Cultura Aculmaitl","1992-01-01","Ayuntamiento de Acolman",15,"México",2,"Acolman",1,"Acolman de Nezahualcóyotl","Calz. de los Agustinos s/n","Centro","55870","(595) 957 00 50 ext. 138","","comunicacionsocial@acolman.gob.mx",-98.91201,19.63406,"http://sic.gob.mx/ficha.php?table=centro_cultural&table_id=367","2019-11-11 05:01:14-06"
959,"Casa de Cultura Aculco","1996-12-10","Ayuntamiento de Aculco",15,"México",3,"Aculco",1,"Aculco de Espinoza","Av. Manuel del Mazo 4 esq. Pípila","Centro","50360","7121439626","http://aculco.azurewebsites.net/Casa_de_cultura.html","educacionycultura.aculco2224@gmail.com",-99.8274,20.09893,"http://sic.gob.mx/ficha.php?table=centro_cultural&table_id=959","2023-07-14 04:39:48-06"
2218,"Casa de Cultura Lic. César Camacho Quiroz","2000-08-01","Ayuntamiento de Almoloya de Alquisiras",15,"México",4,"Almoloya de Alquisiras",1,"Almoloya de Alquisiras","Benito Juárez s/n","Col. Saltepec","51860","716 144 51 96","","casadeculturaalmoloyadealquisiras2019@hotmail.com",-99.89113,18.8669,"http://sic.gob.mx/ficha.php?table=centro_cultural&table_id=2218","2025-10-09 17:01:34-06"
2220,"Casa de Cultura Ignacio Manuel Altamirano","1980-04-13","Ayuntamiento de Almoloya del Río",15,"México",6,"Almoloya del Río",1,"Almoloya del Río","Plaza Chignahuapan s/n","Centro","52540","713 131 79 11","https://almoloyadelrio.gob.mx/casa-de-cultura-de-almoloya-del-rio/","casadecultalmoloya@gmail.com; presidencia@almoloyadelrio.gob.mx",-99.48889,19.15949,"http://sic.gob.mx/ficha.php?table=centro_cultural&table_id=2220","2025-05-22 12:53:44-06"
406,"Casa de Cultura Ricardo García Álvarez","1994-03-01","Ayuntamiento de Amanalco",15,"México",7,"Amanalco",1,"Amanalco de Becerra","Emilio R. Becerril s/n esq. Onécimo Reyes","Centro","51260","726 251 01 94","","",-100.02084,19.2555,"http://sic.gob.mx/ficha.php?table=centro_cultural&table_id=406","2025-09-24 17:27:23-06"
2221,"Casa de Cultura Municipal Profr. Enrique Gómez García","1995-01-06","Ayuntamiento de Amatepec",15,"México",8,"Amatepec",1,"Amatepec","Hidalgo 24","Centro","50500","722 155 7924","","espe53@icloud.com",-100.18722,18.68456,"http://sic.gob.mx/ficha.php?table=centro_cultural&table_id=2221","2023-07-27 07:11:09-06"
3872,"Casa del Pueblo Amecameca","2022-12-07","Gobierno Municipal de Amecameca",15,"México",9,"Amecameca",1,"Amecameca de Juárez","Carr. a Ayapango 5","Col. Sector Sacromonte","56900","","","casadelpueblo63@gmail.com",-98.77535,19.13204,"http://sic.gob.mx/ficha.php?table=centro_cultural&table_id=3872","2025-05-19 12:40:14-06"
1246,"Centro Regional de Cultura de  Apaxco","1989-09-01","Secretaría de Cultura y Turismo del Gobierno del Estado de México/Dirección de Patrimonio y Servicios Culturales del Valle de Toluca",15,"México",10,"Apaxco",1,"Apaxco de Ocampo","Plaza Melchor Ocampo s/n","Centro","55660","599 998 21 79 ","https://patrimonioyserviciosc.edomex.gob.mx/apaxco","apaxcoimc@yahoo.com",-99.1746,19.97633,"http://sic.gob.mx/ficha.php?table=centro_cultural&table_id=1246","2024-09-06 13:13:37-06"
568,"Centro Cultural José Enrique Espinoza Suárez","2015-09-01","Ayuntamiento de Atenco",15,"México",11,"Atenco",1,"San Salvador Atenco","27 de Septiembre s/n","Centro","56300","595 953 28 88","https://atencoedomex.gob.mx/","dir.educacion.cultura.atenco22.24@gmail.com; presidencia@atencoedomex.gob.mx",-98.91674,19.55239,"http://sic.gob.mx/ficha.php?table=centro_cultural&table_id=568","2026-04-23 10:08:51-06"
304,"Casa de la Cultura Agua Blanca","1995-09-01","Ayuntamiento de Atizapán",15,"México",12,"Atizapán",1,"Santa Cruz Atizapán","5 de Febrero 43 esq. Leona Vicario","Centro","52500","(713) 131 92 15","","lazaro_0729@yahoo.com.mx",-99.48615,19.1777,"http://sic.gob.mx/ficha.php?table=centro_cultural&table_id=304","2025-09-12 19:06:11-06"
408,"Centro Regional de Cultura Atizapán de Zaragoza Lic. Adolfo López Mateos","1995-09-22","Secretaría de Cultura y Turismo del Gobierno del Estado de México/Dirección de Patrimonio y Servicios Culturales del Valle de Toluca",15,"México",13,"Atizapán de Zaragoza",1,"Ciudad López Mateos","Av. San Mateo 42","Col. San Juan Bosco","52946","55 5370 9879","https://patrimonioyserviciosc.edomex.gob.mx/atizapan_zaragoza","atizapanimc@yahoo.com.mx",-99.23553,19.57263,"http://sic.gob.mx/ficha.php?table=centro_cultural&table_id=408","2024-09-06 13:14:51-06"
3859,"Centro Cultural La Cuadra de Luis Barragán","2025-10-01","Fundación Fernando Romero, AC",15,"México",13,"Atizapán de Zaragoza",1,"Ciudad López Mateos","Av. Juárez 59","Los Clubes","52957","+52 55 3484 3346","https://lacuadrabarragan.org/","",-99.22586,19.57548,"http://sic.gob.mx/ficha.php?table=centro_cultural&table_id=3859","2025-02-10 14:29:49-06"
3311,"Centro Cultural Calacoaya","2015-07-27","",15,"México",13,"Atizapán de Zaragoza",1,"Ciudad López Mateos","Camino Real de Calacoaya 66","","52990","55 5397 7016","","centro_cultural_calacoaya@hotmail.com",-99.235,19.54317,"http://sic.gob.mx/ficha.php?table=centro_cultural&table_id=3311","2022-09-03 10:45:49-05"
1247,"Centro Regional de Cultura de Atlacomulco Lic. Isidro Fabela","1969-09-13","Secretaría de Cultura y Turismo del Gobierno del Estado de México/Dirección de Patrimonio y Servicios Culturales del Valle de Toluca",15,"México",14,"Atlacomulco",1,"Atlacomulco de Fabela","Plaza de la Constitución 1","Centro","50450","(712) 122 02 11","https://patrimonioyserviciosc.edomex.gob.mx/atlacomulco","atlacomulcoimc@yahoo.com.mx",-99.87377,19.79849,"http://sic.gob.mx/ficha.php?table=centro_cultural&table_id=1247","2024-09-06 13:16:05-06"
305,"Casa de Cultura Atlauhpanecatl","1994-05-02","Ayuntamiento de Atlautla",15,"México",15,"Atlautla",1,"Atlautla de Victoria","Plaza de la Constitución s/n","Barrio San Jacinto","56970","597 976 23 60","https://www.atlautla.gob.mx/","ayuntamientoatlautla2022.2024@gmail.com",0,0,"http://sic.gob.mx/ficha.php?table=centro_cultural&table_id=305","2023-07-24 08:52:18-06"
306,"Casa de Cultura Toltecapan","1996-11-10","Ayuntamiento de Axapusco",15,"México",16,"Axapusco",1,"Axapusco","Los Hornos s/n","Barrio de San Bartolo Bajo","55940","592 922 12 40 ext. 129","","culturaxapusco@hotmail.com",-98.75563,19.72241,"http://sic.gob.mx/ficha.php?table=centro_cultural&table_id=306","2025-07-16 19:36:36-06"
307,"Casa Cultura Aquiauhtzin ","1987-09-03","Ayuntamiento de Ayapango",15,"México",17,"Ayapango",1,"Ayapango de Gabriel Ramos M.","Jaime Nunó s/n esq. 20 de Noviembre","Col. La Capilla","56760","597 982 41 49","","educacioncultura@ayapango.gob.mx",-98.80132,19.12639,"http://sic.gob.mx/ficha.php?table=centro_cultural&table_id=307","2023-07-12 05:23:47-06"
308,"Casa de la Cultura Bicentenario","1983-01-01","Ayuntamiento de Calimaya",15,"México",18,"Calimaya",1,"Calimaya de Díaz González","Juárez Norte, Mz 014","Centro","52200","722 171 52 02","https://calimaya.gob.mx/","cultura.tradicion.turismo@calimaya.gob.mx",-99.61804,19.16356,"http://sic.gob.mx/ficha.php?table=centro_cultural&table_id=308","2026-01-20 12:18:53-06"
2389,"Casa de Cultura Leona Vicario","2010-04-16","Ayuntamiento de Capulhuac",15,"México",19,"Capulhuac",4,"San Miguel Almaya","Progreso s/n","","52700","Cel. (713) 138 56 69","https://capulhuac.edomex.gob.mx/casa-cultura","",-99.44386,19.20653,"http://sic.gob.mx/ficha.php?table=centro_cultural&table_id=2389","2025-12-18 17:28:10-06"
3352,"Centro Cultural Baálamk'aan House Theater","1000-01-01","",15,"México",20,"Coacalco de Berriozábal",1,"San Francisco Coacalco","Calle Ixtlememelixtle 38","","55700","55 2128 2349","","",-99.10657,19.63405,"http://sic.gob.mx/ficha.php?table=centro_cultural&table_id=3352","2021-07-27 08:36:24-05"
75,"Casa de Cultura Calmecac","1980-01-01","Ayuntamiento de Coacalco",15,"México",20,"Coacalco de Berriozábal",1,"San Francisco Coacalco","Av. Hidalgo s/n esq. 16 de Septiembre","Centro","55700","55 5898 9993 ext. 9077","https://coacalco.gob.mx/","casadecultura@coacalco.gob.mx",0,0,"http://sic.gob.mx/ficha.php?table=centro_cultural&table_id=75","2023-07-24 06:37:07-06"
74,"Casa de la Cultura Coatepec Harinas","2001-04-05","Ayuntamiento de Coatepec Harinas",15,"México",21,"Coatepec Harinas",1,"Coatepec Harinas","Mariano Abasolo s/n esq. Álvaro Obregón","Barrio Segunda de Santa Ana","51700","723 145 03 60","","marthaymarco@yahoo.es",-99.77071,18.92658,"http://sic.gob.mx/ficha.php?table=centro_cultural&table_id=74","2025-11-18 19:41:47-06"
411,"Casa de Cultura Cocotli","1987-12-01","Ayuntamiento de Cocotitlán",15,"México",22,"Cocotitlán",1,"Cocotitlán","Plaza 12 de Diciembre s/n","Barrio Techichilco","56680","55 5982 2045     ","","casadecultura@gobiernodecocotitlan2022-2024.com.mx",-98.86565,19.23612,"http://sic.gob.mx/ficha.php?table=centro_cultural&table_id=411","2024-08-05 13:46:24-06"
2230,"Casa de Cultura Nezahualcóyotl","1994-07-01","Ayuntamiento de Coyotepec",15,"México",23,"Coyotepec",1,"Coyotepec","Constitución s/n","Barrio Chautonco","54660","593 915 21 72 ","","educacion@coyotepec.gob.mx ",-99.21358,19.77703,"http://sic.gob.mx/ficha.php?table=centro_cultural&table_id=2230","2026-01-27 12:06:48-06"
413,"Casa de la Cultura Luis Nishizawa Flores","1988-12-01","Ayuntamiento de Cuautitlán",15,"México",24,"Cuautitlán",1,"Cuautitlán","16 de Septiembre 209-A","Centro","54800","55 5870 2192","https://www.allbiz.mx/casa-de-cultura-%22luis-nishizawa-flores%22-55-5870-2192","",-99.1812,19.6683,"http://sic.gob.mx/ficha.php?table=centro_cultural&table_id=413","2024-02-12 04:08:37-06"
3957,"Centro Cultural y Deportivo Ágora","1000-01-01","Gobierno de Chalco, Estado de México",15,"México",25,"Chalco",1,"Chalco de Díaz Covarrubias","Insurgentes s/n","Casco de San Juan","","","https://cultura.gobiernodechalco.gob.mx/#","",-98.88723,19.26547,"http://sic.gob.mx/ficha.php?table=centro_cultural&table_id=3957","2025-11-05 13:17:32-06"
2231,"Centro Regional de Cultura de Chalco Chimalpahín","1978-11-15","Secretaría de Cultura y Turismo del Gobierno del Estado de México/Dirección de Patrimonio y Servicios Culturales del Valle de Toluca",15,"México",25,"Chalco",1,"Chalco de Díaz Covarrubias","Av. Cuauhtémoc Pte. 2","Centro","56600","55 5975 3253","https://patrimonioyserviciosc.edomex.gob.mx/chalco","chalcoimc@yahoo.com.mx",-98.89959,19.2631,"http://sic.gob.mx/ficha.php?table=centro_cultural&table_id=2231","2026-03-20 12:49:03-06"
3956,"Centro Cultural Huitzilzingo","1000-01-01","Gobierno de Chalco, Estado de México",15,"México",25,"Chalco",16,"San Mateo Huitzilzingo","Álvaro Obregón s/n","Col. San Miguel","56625","","https://cultura.gobiernodechalco.gob.mx/bibliotecas/unidad-cultural-huitzilzingo-y-sala-de-lectura/","",-98.92493,19.23325,"http://sic.gob.mx/ficha.php?table=centro_cultural&table_id=3956","2025-11-05 12:38:12-06"
2234,"Casa de Cultura Lic. Julián Díaz Arias","1992-09-05","Ayuntamiento de Chapultepec",15,"México",27,"Chapultepec",1,"Chapultepec","Av. Libertad s/n","Centro","52240","722 2633 768","","educacion.cultura@chapultepec.gob.mx",-99.55871,19.20298,"http://sic.gob.mx/ficha.php?table=centro_cultural&table_id=2234","2025-07-14 11:29:26-06"
315,"Casa de Cultura Chiautla","1992-01-01","Ayuntamiento de Chiautla",15,"México",28,"Chiautla",1,"Chiautla","Plaza de la Constitución s/n","Centro","56030","595 952 05 50 ext. 214","","chiautlaayuntamiento@gmail.com",0,0,"http://sic.gob.mx/ficha.php?table=centro_cultural&table_id=315","2023-07-26 08:13:55-06"
950,"Casa de Cultura Tlalmanticalli (Chicoloapan)","1989-08-08","Ayuntamiento de Chicoloapan",15,"México",29,"Chicoloapan",1,"Chicoloapan de Juárez","Emiliano Zapata s/n esq. Prol.  Moctezuma","Col. Auris 1","56370","55 9760 0608","https://www.chicoloapan.gob.mx/","presidenciamunicipal@chicoloapan.gob.mx; departamentocultura@chicoloapan.gob.mx",-98.90975,19.40963,"http://sic.gob.mx/ficha.php?table=centro_cultural&table_id=950","2026-08-11 10:44:49-06"
960,"Casa de Cultura Chiconcuac","1997-10-17","Ayuntamiento de Chiconcuac",15,"México",30,"Chiconcuac",1,"Chiconcuac de Juárez","Del Trabajo s/n","Col. Las Joyas","56270","595 953 34 50","","claudiafm@hotmail.com; dir_cultura@hotmail.com",-98.88818,19.55999,"http://sic.gob.mx/ficha.php?table=centro_cultural&table_id=960","2025-07-08 18:33:54-06"
3965,"Centro Cultural Oaxaqueño","1000-01-01","Ayuntamiento de Chimalhuacán",15,"México",31,"Chimalhuacán",1,"Chimalhuacán","Papalotl s/n","Col. Vidrieros","56356","","","",-98.97372,19.42994,"http://sic.gob.mx/ficha.php?table=centro_cultural&table_id=3965","2025-12-12 14:09:08-06"
961,"Casa de Cultura Chimalhuacán","1986-01-03","Ayuntamiento de Chimalhuacán",15,"México",31,"Chimalhuacán",1,"Chimalhuacán","Av. Vicente Guerrero esq. Morelos s/n","Col. Santa María Chimalhuacán","56330","55 5852 1750","https://experiencia.edomex.gob.mx/recursos_turisticos/mostrarDetalleRecursos/1216","casacultura41@gmail.com",-98.9456,19.41813,"http://sic.gob.mx/ficha.php?table=centro_cultural&table_id=961","2025-12-10 15:18:02-06"
3969,"Casa de Cultura Vidrieros","2015-01-01","Ayuntamiento de Chimalhuacán",15,"México",31,"Chimalhuacán",1,"Chimalhuacán","Manzana 034","Col. Vidrieros","56356","55 2263 8378",""," moduloculturalvidrieros@gmail.com",-98.9733,19.43019,"http://sic.gob.mx/ficha.php?table=centro_cultural&table_id=3969","2025-12-16 12:17:27-06"
414,"Casa de Cultura Lic. Adolfo López Mateos","1987-12-01","Ayuntamiento de Donato Guerra/Dirección de Cultura",15,"México",32,"Donato Guerra",1,"Villa Donato Guerra","Porfirio Díaz 1 esq. Allende","Centro","51030","726 110 16 48","","jmmontoya11@hotmail.com",-100.14325,19.30842,"http://sic.gob.mx/ficha.php?table=centro_cultural&table_id=414","2024-06-04 11:55:19-06"
2628,"Centro Cultural y Recreativo de Ecatepec","2011-05-12","Secretaría de Cultura del Estado de México",15,"México",33,"Ecatepec de Morelos",1,"Ecatepec de Morelos","Av. Maravillas s/n, esq. Calle Marte","Valle de Anáhuac","55210","55 5120 8269 ","https://patrimonioyserviciosc.edomex.gob.mx/ccr","ccyre.scd.edomex@gmail.com",-99.04557,19.51198,"http://sic.gob.mx/ficha.php?table=centro_cultural&table_id=2628","2025-09-01 11:54:52-06"
4013,"Centro Cultural Guillermo Fragoso Martínez","1000-01-01","",15,"México",33,"Ecatepec de Morelos",1,"Ecatepec de Morelos","Av. Central s/n, C. 12-36","Rústica Xalostoc","55340","56 2377 3349","","",-99.04889,19.59907,"http://sic.gob.mx/ficha.php?table=centro_cultural&table_id=4013","2026-09-15 14:10:06-06"
1357,"Centro Regional de Cultura de Ecatepec","1981-08-27","Secretaría de Cultura y Turismo del Gobierno del Estado de México/Dirección de Patrimonio y Servicios Culturales del Valle de Toluca",15,"México",33,"Ecatepec de Morelos",1,"Ecatepec de Morelos","Plaza Juárez 1, Benito Juárez esq. Vicente Villada","Col. Ciudad de San Cristóbal, Centro","55000","55 5787 8297","https://patrimonioyserviciosc.edomex.gob.mx/ecatepec","ccregionalecatepec.scd.edomex@gmail.com",-99.04759,19.59958,"http://sic.gob.mx/ficha.php?table=centro_cultural&table_id=1357","2026-09-17 10:25:13-06"
4011,"Centro Cultural Hermanos Revueltas","1000-01-01","Centro Cultural Hermanos Revueltas ",15,"México",33,"Ecatepec de Morelos",1,"Ecatepec de Morelos","Av. San Agustín s/n, esq. Sur 38","San Agustín, 1era. Sección","55130","591 127 9286","","revueltascentrocultural@gmail.com",-99.042,19.52693,"http://sic.gob.mx/ficha.php?table=centro_cultural&table_id=4011","2026-09-14 13:41:11-06"
3900,"Centro Cultural Emiliano Zapata","1991-01-01","",15,"México",33,"Ecatepec de Morelos",1,"Ecatepec de Morelos","Josefa Ortiz de Domínguez Manzana 032, ","Col. Sauces 1 A","55269","55 6593 5728","https://www.facebook.com/biblirosarioibarra","bibliorosarioibarra@gmail.com",-99.04889,19.59907,"http://sic.gob.mx/ficha.php?table=centro_cultural&table_id=3900","2026-09-14 14:27:24-06"
4010,"Casa de Cultura Huitzilin","2013-01-01","",15,"México",33,"Ecatepec de Morelos",1,"Ecatepec de Morelos","Roca Mz. 357, Lt. 31","Jardines de Morelos","55070","56 5124 5475","","nashely.hg93@gmail.com",-98.99399,19.59297,"http://sic.gob.mx/ficha.php?table=centro_cultural&table_id=4010","2026-09-14 12:25:55-06"
3931,"Centro Cultural Guerreros Sabios","1000-01-01","",15,"México",33,"Ecatepec de Morelos",1,"Ecatepec de Morelos","Jazmin s/n","Col. Hank González ","55520","55 8557 7823","","cc.guerrerossabios@gmail.com",-99.04889,19.59907,"http://sic.gob.mx/ficha.php?table=centro_cultural&table_id=3931","2026-04-16 13:59:24-06"
2499,"Centro de Seguridad Social IMSS de Santa Clara","1957-08-28","Instituto Mexicano del Seguro Social (IMSS)",15,"México",33,"Ecatepec de Morelos",1,"Ecatepec de Morelos","Av. Circunvalación Pte. 72, entre Circunvalación Nte. y Calle 9","Col. Jardines de Santa Clara","55450 ","55 5774 2225","http://www.imss.gob.mx","carmen.falconm@imss.gob.mx",-99.03679,19.55432,"http://sic.gob.mx/ficha.php?table=centro_cultural&table_id=2499","2025-09-30 16:02:58-06"
1033,"Centro Cultural del ISSSTE de Ecatepec","1998-11-18","Instituto de Seguridad y Servicios Sociales de los Trabajadores del Estado (ISSSTE)",15,"México",33,"Ecatepec de Morelos",1,"Ecatepec de Morelos","Av. Sinaloa s/n esq. Colima","Col. Santa María Tulpetlac Ecatepec","55400","555 140 9617 ext. 26350","http://www.issste.gob.mx","biblioteca35ecatepecissste@hotmail.com",-99.05173,19.56533,"http://sic.gob.mx/ficha.php?table=centro_cultural&table_id=1033","2025-09-01 09:04:02-06"
883,"Casa de Cultura Pedro Patiño Ixtolique","2000-01-01","Ayuntamiento de Ecatzingo",15,"México",34,"Ecatzingo",1,"Ecatzingo de Hidalgo","Plaza de la Constitución 1","Barrio San José","56990","597 109 11 80 ","","atiane39@gmail.com",0,0,"http://sic.gob.mx/ficha.php?table=centro_cultural&table_id=883","2023-08-07 07:47:07-06"
3453,"Centro Socio Cultural El Dorado","1000-01-01","Ayuntamiento de Huehuetoca/Dirección de Educación y Fomento a la Cultura",15,"México",35,"Huehuetoca",1,"Huehuetoca","Av. Azteca s/n","Fracc. El Dorado","54683","55 2118 9373","","mayela.marind@gmail.com",-99.2032,19.88451,"http://sic.gob.mx/ficha.php?table=centro_cultural&table_id=3453","2024-03-07 08:06:13-06"
3452,"Centro Socio Cultural Josefa Ortiz de Domínguez","2013-01-01","Ayuntamiento de Huehuetoca/Dirección de Educación y Fomento a la Cultura",15,"México",35,"Huehuetoca",1,"Huehuetoca","Av. Hda. Santa Teresa s/n","Fracc. Ex Hda. de Xalpa","54680","55 2118 9373","","mayela.marind@gmail.com",-99.18415,19.82162,"http://sic.gob.mx/ficha.php?table=centro_cultural&table_id=3452","2025-10-16 20:07:21-06"
945,"Centro Socio Cultural de Artes José Pablo Moncayo","1994-11-22","Ayuntamiento de Huehuetoca/Dirección de Educación y Fomento a la Cultura",15,"México",35,"Huehuetoca",8,"Salitrillo","Río Barjes s/n esq. Río Denver","Col. Salitrillo","54683","55 2118 9373","","mayela.marind@gmail.com",-99.21887,19.83369,"http://sic.gob.mx/ficha.php?table=centro_cultural&table_id=945","2024-03-11 04:42:33-06"
271,"Casa de Cultura Fernando de Alba Ixtlilxóchitl","1982-04-16","Ayuntamiento de Hueypoxtla",15,"México",36,"Hueypoxtla",1,"Hueypoxtla","Plaza Juárez s/n","Centro","55670","599 911 9382","","",-99.07832,19.90782,"http://sic.gob.mx/ficha.php?table=centro_cultural&table_id=271","2023-07-27 07:22:49-06"
582,"Casa de Cultura Sor Juana Inés de la Cruz","1995-11-17","Ayuntamiento de Huixquilucan/Subdirección de Cultura",15,"México",37,"Huixquilucan",1,"Huixquilucan de Degollado","Jardín de la Cultura, Carr. a Zacamulpa Km 1.5.","Localidad: Quinto Cuartel, San Juan Bautista","52760","55 8284 2220","","vliramx@yahoo.com.mx",-99.34092,19.35765,"http://sic.gob.mx/ficha.php?table=centro_cultural&table_id=582","2026-08-07 08:05:58-06"
2696,"Centro Cultural El Jagüey","2008-11-08","Ayuntamiento de Huixquilucan/Subdirección de Cultura",15,"México",37,"Huixquilucan",25,"Santiago Yancuitlalpan","Av. 16 de Septiembre s/n","Col. Santiago Yancuitlalpan","52766","55 8284 2220","https://huixquilucan.gob.mx/","vliramx@yahoo.com.mx",-99.30449,19.38469,"http://sic.gob.mx/ficha.php?table=centro_cultural&table_id=2696","2026-08-06 13:16:21-06"
288,"Casa de Cultura Isidro Fabela","1997-04-10","Ayuntamiento de Isidro Fabela",15,"México",38,"Isidro Fabela",1,"Tlazala de Fabela","Av. Constitución s/n","Col. Aurora","54480","55 8994 7131","","casadecultura_isidrofabela@hotmail.com",-99.41833,19.55554,"http://sic.gob.mx/ficha.php?table=centro_cultural&table_id=288","2024-12-17 11:35:10-06"
436,"Casa de la Cultura Ixtapaluca","1982-01-03","Ayuntamiento de Ixtapaluca",15,"México",39,"Ixtapaluca",1,"Ixtapaluca","Av. Cuauhtémoc 100","Centro","56530","55 5972 6386","https://www.ixtapaluca.gob.mx/","casacultura_ixtapaluca@yahoo.com.mx; cultura@ixtapaluca.gob.mx",-98.88401,19.31482,"http://sic.gob.mx/ficha.php?table=centro_cultural&table_id=436","2024-12-03 11:16:14-06"
567,"Casa de Cultura Químico José Donaciano Morales y  Mier Altamirano","1970-07-23","Ayuntamiento de Ixtlahuaca",15,"México",42,"Ixtlahuaca",1,"Ixtlahuaca de Rayón","José Ma. Morelos 22","Centro","50780","712 122 99 02 exts. 229, 230","","educacionixtlahuaca@live.com.mx",-99.76784,19.56908,"http://sic.gob.mx/ficha.php?table=centro_cultural&table_id=567","2023-07-12 05:36:38-06"
3772,"Casa de Cultura  Químico José Donaciano Morales y Mier Altamirano","1978-01-16","Ayuntamiento de Ixtlahuaca de Rayón",15,"México",42,"Ixtlahuaca",1,"Ixtlahuaca de Rayón","C. José M. Morelos Manzana 022","Centro","50740","712 122 9902 ext 1000","","educacion@ixtlahuaca.gob.mx",-99.76917,19.56981,"http://sic.gob.mx/ficha.php?table=centro_cultural&table_id=3772","2025-03-04 12:54:15-06"
293,"Casa de Cultura El Capulín","2003-01-01","Ayuntamiento de Jaltenco",15,"México",44,"Jaltenco",1,"Jaltenco","Melchor Ocampo s/n","Centro","55780","55 4911 5515","","fabiruva20@hotmail.com",-99.09178,19.75606,"http://sic.gob.mx/ficha.php?table=centro_cultural&table_id=293","2025-10-31 18:41:02-06"
294,"Casa de Cultura Mtra. Amalia Márquez Padilla","1984-10-14","Ayuntamiento de Jilotepec/Dirección de Educación y Cultura",15,"México",45,"Jilotepec",1,"Jilotepec de Molina Enríquez","Ismael Reyes Retana s/n","Centro","54240","761 734 1762","https://www.jilotepecmex.gob.mx/","educacion@jilotepec.mex.gob.mx",-99.53235,19.94987,"http://sic.gob.mx/ficha.php?table=centro_cultural&table_id=294","2026-09-11 12:13:27-06"
583,"Casa de Cultura Sor Juana Inés de la Cruz","1994-09-01","Ayuntamiento de Jiquipilco",15,"México",47,"Jiquipilco",1,"Jiquipilco","Independencia s/n","Centro","50800","(712) 111 41 83","","",-99.60706,19.55411,"http://sic.gob.mx/ficha.php?table=centro_cultural&table_id=583","2025-09-22 17:06:04-06"
311,"Casa de Cultura Lic. Diego de Nájera Yanguas","1999-01-14","Ayuntamiento de Jocotitlán",15,"México",48,"Jocotitlán",1,"Ciudad de Jocotitlán","Plaza Constituyentes 16","Centro","50700","712 690 2339","https://experiencia.edomex.gob.mx/recursos-turisticos/casa-de-cultura-lic-diego-de-najera-yanguas-jocotitlan","jocotitlan2022.2024@gmail.com",-99.7862,19.71051,"http://sic.gob.mx/ficha.php?table=centro_cultural&table_id=311","2023-08-01 10:13:49-06"
439,"Casa de Cultura Ángel Zamora Espinosa","1996-12-06","Ayuntamiento de Juchitepec",15,"México",50,"Juchitepec",1,"Juchitepec de Mariano Rivapalacio","Av. Independencia Sur s/n","Barrio Calayuco","56860","55 5975 3253","","ga_b_o@hotmail.com",-98.88124,19.0988,"http://sic.gob.mx/ficha.php?table=centro_cultural&table_id=439","2025-07-17 14:39:40-06"
957,"Casa de Cultura Profr. Adrián Ortega Monroy","1986-11-04","Ayuntamiento de Lerma",15,"México",51,"Lerma",1,"Lerma de Villada","Hidalgo Pte. 28","Col. La Mota","52000","728 282 33 16","https://lerma.gob.mx/lerma/turismo-y-cultura/casa-de-cultura-adrian-ortega-monroy/","hernandezrica@outlook.com; cultura@lerma.gob.mx",-99.515,19.28684,"http://sic.gob.mx/ficha.php?table=centro_cultural&table_id=957","2024-09-05 11:37:02-06"
70,"Casa de Cultura Malinalxóchitl","1988-05-27","Ayuntamiento de Malinalco",15,"México",52,"Malinalco",1,"Malinalco","Aldama s/n esq. Hidalgo","Centro","52440","714 147 06 78","","ccmalinalco@yahoo.com.mx; facebook: casadeculturamalinalxochitl martaalcocer@yahoo.com,",-99.49815,18.95175,"http://sic.gob.mx/ficha.php?table=centro_cultural&table_id=70","2025-10-13 16:27:50-06"
404,"Casa de Cultura Maximiano Sánchez y Pérez","2002-07-06","Ayuntamiento de Melchor Ocampo ",15,"México",53,"Melchor Ocampo",1,"Melchor Ocampo","Francisco I. Madero 244","Centro","54880","5525063880, 5558785638","https://melchor-ocampo.gob.mx/","desarrollosocial@melchor-ocampo.gob.mx",-99.1468,19.69868,"http://sic.gob.mx/ficha.php?table=centro_cultural&table_id=404","2023-07-17 06:27:41-06"
772,"Centro Cultural Tuna Astral","1964-05-11","Casa Tunastral, A.C.",15,"México",54,"Metepec",1,"Metepec","Paseo San Isidro 301, Plaza 1, cond. El Carmen","Barrio de Santiaguito","52140","722 155 3768","https://www.tunastral.org","contacto@tunastral.org; tunastraltoluca@hotmail.com",-99.59714,19.25286,"http://sic.gob.mx/ficha.php?table=centro_cultural&table_id=772","2025-08-29 12:52:33-06"
86,"Casa de Cultura Museo del Barro","2012-09-14","Ayuntamiento de Metepec",15,"México",54,"Metepec",1,"Metepec","Av. Estado de México 10","Barrio de Santiaguito ","52140","722 688 5874, 722 235 8226","https://metepec.gob.mx/pagina_cultura/talleres","metepecmuseodelbarro@gmail.com",-99.60202,19.25021,"http://sic.gob.mx/ficha.php?table=centro_cultural&table_id=86","2026-05-06 11:57:20-06"
3904,"Casa de Cultura Margarita García Luna Ortega","2014-12-11","Ayuntamiento de Metepec",15,"México",54,"Metepec",32,"San Bartolomé Tlaltelulco","Prol. Josefa Ortiz de Domínguez s/n","San Bartolomé Tlaltelulco","52160","722 930 2887","https://metepec.gob.mx/pagina_cultura/img/cards/card-3.jpg","comunicacioncultura@metepec.gob.mx",-99.63356,19.23227,"http://sic.gob.mx/ficha.php?table=centro_cultural&table_id=3904","2026-05-06 14:43:15-06"
3905,"Casa de Cultura Enrique Bátiz Campbell","2015-01-01","Ayuntamiento de Metepec",15,"México",54,"Metepec",37,"San Jerónimo Chicahualco","16 de Septiembre 95","San Jeronimo Chicahualco","52170","722 490 3736","https://metepec.gob.mx/pagina_cultura/","comunicacioncultura@metepec.gob.mx",-99.5909,19.28052,"http://sic.gob.mx/ficha.php?table=centro_cultural&table_id=3905","2026-06-12 14:37:10-06"
3906,"Casa de la Cultura Carlos Olvera Avelar ","2014-12-11","Ayuntamiento de Metepec",15,"México",54,"Metepec",49,"San Salvador Tizatlalli","Av. Gobernadores s/n","Fracc. Rancho San Francisco","52176","+52 722 589 6 345","","comunicacioncultura@metepec.gob.mx",-99.59583,19.26515,"http://sic.gob.mx/ficha.php?table=centro_cultural&table_id=3906","2026-05-06 13:15:55-06"
3903,"Casa de Cultura Leopoldo Flores Valdés","2016-03-04","Ayuntamiento de Metepec",15,"México",54,"Metepec",55,"Santa María Magdalena Ocotitlán","Av. Miguel Hidalgo s/n esq. Reforma","Santa María Ocotitlán","52161","722 956 9358","https://metepec.gob.mx/pagina_cultura/img/cards/card-4.jpg","comunicacioncultura@metepec.gob.mx",-99.62099,19.2364,"http://sic.gob.mx/ficha.php?table=centro_cultural&table_id=3903","2026-05-06 12:32:32-06"
319,"Casa de Cultura de Mexicaltzingo","1989-10-01","Ayuntamiento de Mexicaltzingo/Dirección de Casa de Cultura",15,"México",55,"Mexicaltzingo",1,"San Mateo Mexicaltzingo","Av. Cuauhtémoc Sur 406","Col. La Estación","52180","722 372 3976","","culturamexicaltzingo2025@gmail.com; sa.mexicaltingo25.27@gmail.com",-99.58863,19.20814,"http://sic.gob.mx/ficha.php?table=centro_cultural&table_id=319","2026-01-08 11:32:33-06"
320,"Casa de Cultura Emeterio Valverde y Téllez","1978-11-16","Ayuntamiento de Morelos",15,"México",56,"Morelos",1,"San Bartolo Morelos","Dr. Jorge Jiménez Cantú s/n","Centro","50550","712 123 9194","http://culturamorelosemeteriovalverdeytellez.blogspot.com/","gobiernomorelos25.27@gmail.com",-99.66706,19.78634,"http://sic.gob.mx/ficha.php?table=centro_cultural&table_id=320","2025-10-28 12:15:01-06"
2803,"Centro Cultural Acatlán","1984-01-01","UNAM",15,"México",57,"Naucalpan de Juárez",1,"Naucalpan de Juárez","Av. Alcanfores esq. San Juan Totoltepec s/n","Col. Santa Cruz Acatlán","53150","55 5623 1555","http://acatlan.unam.mx","cultural@acatlan.unam.mx",-99.24841,19.48557,"http://sic.gob.mx/ficha.php?table=centro_cultural&table_id=2803","2025-08-26 12:27:30-06"
2673,"Centro Cultural Ágora	","1982-01-01","Ayuntamiento de Naucalpan/Dirección de Cultura y Parque Naucalli",15,"México",57,"Naucalpan de Juárez",1,"Naucalpan de Juárez","Blvd. Manuel Ávila Camacho s/n","Col. Boulevares","53140","55 5373 4430","","",-99.23832,19.49557,"http://sic.gob.mx/ficha.php?table=centro_cultural&table_id=2673","2026-09-22 11:24:34-06"
1438,"Casa de Cultura Parque Naucalli","1980-01-18","Ayuntamiento de Naucalpan/Dirección de Cultura y Parque Naucalli",15,"México",57,"Naucalpan de Juárez",1,"Naucalpan de Juárez","Lomas Verdes s/n","Col. Boulevares","53140","(55) 5373 4623","http://www.naucalpan.gob.mx","",-99.24208,19.49157,"http://sic.gob.mx/ficha.php?table=centro_cultural&table_id=1438","2017-08-14 12:18:58-05"
2239,"Casa de Cultura Chamapa ","1984-11-01","Ayuntamiento de Naucalpan/Dirección de Cultura y Parque Naucalli",15,"México",57,"Naucalpan de Juárez",1,"Naucalpan de Juárez","Parque La Hormiga Chamapa s/n","Col. Parque La Hormiga Chamapa","53000","(55) 5371 8300 y 8400 exts. 1175","http://www.naucalpan.gob.mx","",-99.2711,19.44865,"http://sic.gob.mx/ficha.php?table=centro_cultural&table_id=2239","2025-10-29 18:38:48-06"
602,"Casa de Cultura Ciudad Lago Epitacio Álvarez de León","1999-01-01","Ayuntamiento de Nezahualcóyotl/Dirección de Cultura",15,"México",58,"Nezahualcóyotl",1,"Ciudad Nezahualcóyotl","Lago Musters s/n esq. Aeropuerto","Col. Ciudad Lago","57120","55 5796 4959","https://www.neza.gob.mx/","direcultura0912@hotmail.com; nezacultura@neza.gob.mx; presidenciamunicipal@neza.gob.mx",-99.04775,19.45466,"http://sic.gob.mx/ficha.php?table=centro_cultural&table_id=602","2026-05-08 12:06:34-06"
1229,"Centro Cultural del ISSSTE Nezahualcóyotl","1985-12-14","ISSSTE",15,"México",58,"Nezahualcóyotl",1,"Ciudad Nezahualcóyotl","Av. Indio Triste s/n esq, Cd. Universitaria","Col. Metropolitana 2da. Sección","57730","722 215 73 41","http://www.issste.gob.mx","alfredoisssteneza@hotmail.com",0,0,"http://sic.gob.mx/ficha.php?table=centro_cultural&table_id=1229","2023-03-09 06:02:53-06"
3815,"Casa de Cultura Campestre Guadalupana Próspero Domínguez Trejo","1999-01-01","Ayuntamiento de Nezahualcóyotl/Dirección de Cultura",15,"México",58,"Nezahualcóyotl",1,"Ciudad Nezahualcóyotl","Calle 34 s/n entre Av. 5 y Av. 6","Col. Campestre Guadalupana","57120","55 5035 0721","https://www.neza.gob.mx/","nezacultura@neza.gob.mx; presidenciamunicipal@neza.gob.mx",-99.05118,19.48436,"http://sic.gob.mx/ficha.php?table=centro_cultural&table_id=3815","2026-05-08 14:19:57-06"
3820,"Casa de Cultura Metropolitana Mtro. Roberto Ruiz","1998-11-01","Ayuntamiento de Nezahualcóyotl/Dirección de Cultura",15,"México",58,"Nezahualcóyotl",1,"Ciudad Nezahualcóyotl","Voladores s/n entre Hombres Ilustres y Plateros","Col. Metropolitana 1ª Sección","57730","55 5035 0721","https://www.neza.gob.mx/","nezacultura@neza.gob.mx; presidenciamunicipal@neza.gob.",-99.03444,19.39643,"http://sic.gob.mx/ficha.php?table=centro_cultural&table_id=3820","2026-05-06 11:49:17-06"
3886,"Centro Pluricultural Emiliano Zapata ","1975-05-10","Ayuntamiento de Nezahualcóyotl/Dirección de Administración",15,"México",58,"Nezahualcóyotl",1,"Ciudad Nezahualcóyotl","Av. San Ángel 417","José Vicente Villada","57760","55 5716 9070 exts. 1901, 1902","https://www.neza.gob.mx/","administracion@neza.gob.mx",-99.01156,19.39813,"http://sic.gob.mx/ficha.php?table=centro_cultural&table_id=3886","2026-06-05 08:28:16-06"
3786,"Centro Regional de Cultura de Nezahualcóyotl","1980-03-08","Secretaría de  Cultura y Turismo del Gobierno del Estado de México/Dirección de Patrimonio y Servicios Culturales del Valle de Toluca",15,"México",58,"Nezahualcóyotl",1,"Ciudad Nezahualcóyotl","Cuarta Av. s/n esq. Francisco Zarco","Col. Virgencitas","57300","55 5735 0855","https://patrimonioyserviciosc.edomex.gob.mx/nezahualcoyotl","crcnezasdcedomex@gmail.com; nezacultura@neza.gob.mx",-99.03326,19.42127,"http://sic.gob.mx/ficha.php?table=centro_cultural&table_id=3786","2025-08-27 12:38:24-06"
3817,"Casa de Cultura Ciudad Lago Epitacio Álvarez de León","1999-01-01","Dirección de Cultura de Nezahualcoyotl",15,"México",58,"Nezahualcóyotl",1,"Ciudad Nezahualcóyotl","Lago Musters s/n","Col. Ciudad Lago","57180","55 5035 0721","https://www.neza.gob.mx/","nezacultura@neza.gob.mx",-99.04766,19.45474,"http://sic.gob.mx/ficha.php?table=centro_cultural&table_id=3817","2025-08-27 14:07:12-06"
3068,"Casa de Cultura Valle de Aragón Pedro Martínez Osorio","2015-01-01","Ayuntamiento de Nezahualcóyotl/Dirección de Cultura",15,"México",58,"Nezahualcóyotl",1,"Ciudad Nezahualcóyotl","Valle de Marañón s/n","Col. Valle Aragón 1a Sección","57100","55 5035 0721","https://www.neza.gob.mx/","nezacultura@neza.gob.mx; presidenciamunicipal@neza.gob.mx",-99.05257,19.48849,"http://sic.gob.mx/ficha.php?table=centro_cultural&table_id=3068","2026-05-11 10:50:21-06"
3816,"Casa de Cultura Valle de Aragón Pedro Martinez Osorio","2015-01-01","H. Ayuntamiento Nezahualcóyotl/Dirección de Cultura ",15,"México",58,"Nezahualcóyotl",1,"Ciudad Nezahualcóyotl","Valle 4 Manzana 019","Col. Valle de Aragón 1ra sección.","57100","","","",-99.05255,19.48847,"http://sic.gob.mx/ficha.php?table=centro_cultural&table_id=3816","2025-08-27 11:05:51-06"
3985,"Centro Municipal de Artes Aplicadas (CEMUAA)","2005-04-15","Ayuntamiento de Nezahualcóyotl/Dirección de Cultura",15,"México",58,"Nezahualcóyotl",1,"Ciudad Nezahualcóyotl","Av. Aureliano Ramos s/n esq. Calle 38","Col. El Sol","57200","55 9776 2590","https://www.neza.gob.mx/","cemuaa.cultura.neza@gmail.com; nezacultura@neza.gob.mx",-99.02939,19.43117,"http://sic.gob.mx/ficha.php?table=centro_cultural&table_id=3985","2026-05-06 13:48:25-06"
3822,"Centro Municipal de Artes Aplicadas ","2005-01-01","Dirección de Cultura Nezahualcoyotl",15,"México",58,"Nezahualcóyotl",1,"Ciudad Nezahualcóyotl","Calle 18 s/n","Col. El Sol","57200","55 5716 9070","","elcastillitodeneza@hotmail.com",-99.03012,19.43027,"http://sic.gob.mx/ficha.php?table=centro_cultural&table_id=3822","2024-11-26 11:39:47-06"
2639,"Centro Cultural El Castillito","2011-08-29","Ayuntamiento de Nezahualcóyotl/Dirección de Cultura",15,"México",58,"Nezahualcóyotl",1,"Ciudad Nezahualcóyotl","Av. Chimalhuacán s/n esq. Clavelero","Col. Benito Juárez","57000","55 5035 0721","https://www.neza.gob.mx/","nezacultura@neza.gob.mx; presidenciamunicipal@neza.gob.",-99.00978,19.40333,"http://sic.gob.mx/ficha.php?table=centro_cultural&table_id=2639","2026-05-06 14:25:25-06"
601,"Casa de Cultura Jorge Alberto Vega Oseguera","1998-07-01","Ayuntamiento de Nezahualcóyotl/Dirección de Cultura",15,"México",58,"Nezahualcóyotl",1,"Ciudad Nezahualcóyotl","Av. John F. Kennedy s/n esq. Sur 1","Col. Las Águilas","57300","55 5035 0721","https://www.facebook.com/profile.php?id=61573616519869","ccl_aguilas@outlook.com",-98.99725,19.38383,"http://sic.gob.mx/ficha.php?table=centro_cultural&table_id=601","2026-09-08 14:17:54-06"
2140,"Centro Cultural Municipal Dr. Jaime Torres Bodet","1987-08-25","Ayuntamiento de Nezahualcóyotl/Dirección de Cultura",15,"México",58,"Nezahualcóyotl",1,"Ciudad Nezahualcóyotl","Int. Biblioteca y Librería Elena Poniatowska, Av. Chimalhuacán s/n esq. Feria de las Flores","Col. Benito Juárez","57000","55 5035 0721","https://www.neza.gob.mx/","nezacultura@neza.gob.mx; presidenciamunicipal@neza.gob.",-99.01065,19.4042,"http://sic.gob.mx/ficha.php?table=centro_cultural&table_id=2140","2026-05-07 09:17:01-06"
3819,"Casa de Cultura Rey Neza Maestro Urbano Cruz Morales ","2015-07-07","Ayuntamiento de Nezahualcóyotl/Dirección de Cultura",15,"México",58,"Nezahualcóyotl",1,"Ciudad Nezahualcóyotl","Coatlinchan s/n esq. Matlazihuatzin ","Col. Unidad Rey Neza","57940","55 5035 0721","https://www.neza.gob.mx/","reyneza.cultura.neza@gmail.com; nezacultura@neza.gob.mx; presidenciamunicipal@neza.gob.",-98.9831,19.39924,"http://sic.gob.mx/ficha.php?table=centro_cultural&table_id=3819","2026-05-06 12:29:22-06"
2658,"Casa Maha Foro Cultural","2011-02-26","Marilyn Monroy Martínez",15,"México",58,"Nezahualcóyotl",1,"Ciudad Nezahualcóyotl","Montaña 77","Col. Benito Juárez","57000","56 1732 5557","","mahacaa@hotmail.com",-98.991,19.39312,"http://sic.gob.mx/ficha.php?table=centro_cultural&table_id=2658","2025-07-17 19:28:24-06"
2272,"Módulo Cultural Multifuncional Nezahualcóyotl","2008-01-01","Centro Universitario UAEM Nezahualcóyotl",15,"México",58,"Nezahualcóyotl",1,"Ciudad Nezahualcóyotl","Av. Bordo de Xochiaca s/n","Col. Benito Juárez","56234","55 5112 5436","https://cunezahualcoyotl.uaemex.mx/","malumofla_74@yahoo.com.mx; cymeza@uaemex.mx; rsrazos@uamex.mx",-99.01935,19.42315,"http://sic.gob.mx/ficha.php?table=centro_cultural&table_id=2272","2024-08-13 09:08:17-06"
3814,"Casa de Cultura Bosques de Aragón Mauricio García Vega","1000-01-01","Dirección  de Cultura de Nezahualcoyotl",15,"México",58,"Nezahualcóyotl",1,"Ciudad Nezahualcóyotl","Bosques de Libia s/n","Col. Bosques de Aragón","57170","55 7022 7261","https://bosquesdearagon.com.mx/actividades-en-la-casa-de-cultura-de-bosques-de-aragon/","",-99.05104,19.47331,"http://sic.gob.mx/ficha.php?table=centro_cultural&table_id=3814","2025-08-25 13:18:48-06"
2385,"Centro Cultural Casa Las 2 Fridas","2013-12-23","Casas del Poeta, A.C.",15,"México",58,"Nezahualcóyotl",1,"Ciudad Nezahualcóyotl","Almendros 102","Col. La Perla","57820","55 1837 8724","","chechoepo95@hotmail.com",-98.99499,19.38692,"http://sic.gob.mx/ficha.php?table=centro_cultural&table_id=2385","2021-06-17 08:48:01-05"
2806,"Centro Cultural Aragón UNAM","1000-01-01","UNAM",15,"México",58,"Nezahualcóyotl",1,"Ciudad Nezahualcóyotl","Rancho Seco s/n","Col. Impulsora","57130","55 5623 0860","","teatrony@hotmail.com",-99.04631,19.47404,"http://sic.gob.mx/ficha.php?table=centro_cultural&table_id=2806","2026-04-23 14:03:07-06"
3069,"Casa de Cultura de Bosques de Aragón Mauricio García Vega","2015-04-07","Ayuntamiento de Nezahualcóyotl/Dirección de Cultura",15,"México",58,"Nezahualcóyotl",1,"Ciudad Nezahualcóyotl","Bosques de Libia s/n","Col. Bosques de Aragón","57170","55 5035 0721","https://bosquesdearagon.com.mx/la-casa-de-cultura-en-bosques-de-aragon/","nezacultura@neza.gob.mx; presidenciamunicipal@neza.gob.mx",-99.0507,19.47295,"http://sic.gob.mx/ficha.php?table=centro_cultural&table_id=3069","2026-05-08 11:24:48-06"
3451,"Casa de Cultura Toltecalli","2022-12-01","Ayuntamiento de Nextlalpan/Dirección de Cultura",15,"México",59,"Nextlalpan",1,"Santa Ana Nextlalpan","Cda. Guerrero s/n esq. Av. Emiliano Zapata ","Barrio Central","55790 ","55 4911 5151","https://nextlalpan.gob.mx/","d.cultura.nex@gmail.com",-99.07844,19.73367,"http://sic.gob.mx/ficha.php?table=centro_cultural&table_id=3451","2026-09-29 12:20:31-06"
322,"Casa de Cultura Cualcalli","1994-06-01","Ayuntamiento de Nextlalpan/Dirección de Asuntos Indígenas",15,"México",59,"Nextlalpan",17,"San Miguel Jaltocan","Av. Estación s/n esq. Av. Panteón ","Centro","55790","55 8491 7781","https://nextlalpan.gob.mx/","asuntosindigenasnextlalpan@gmail.com",-99.05102,19.72378,"http://sic.gob.mx/ficha.php?table=centro_cultural&table_id=322","2026-09-29 12:20:09-06"
534,"Casa de Cultura Carlos Castillo Peraza","2000-10-30","Ayuntamiento de Nicolás Romero",15,"México",60,"Nicolás Romero",1,"Ciudad Nicolás Romero","Jaime Nunó s/n","Col. San Ildefonso","54400","55 2670 4970","","loredokathy@yahoo.com.mx; contacto@nicolasromero.gob.mx",-99.29869,19.61838,"http://sic.gob.mx/ficha.php?table=centro_cultural&table_id=534","2025-10-29 19:22:00-06"
2240,"Casa de Cultura del Pueblo de Barrón","2005-12-11","Ayuntamiento de Nicolás Romero",15,"México",60,"Nicolás Romero",1,"Ciudad Nicolás Romero","Galeana s/n","Col. Barrón Centro","54402","55 9258 2381","","cultura_barron@hotmail.com",-99.30277,19.6118,"http://sic.gob.mx/ficha.php?table=centro_cultural&table_id=2240","2025-08-06 18:54:29-06"
3359,"Centro Cultural Atelier de Arte 18","2016-02-10","Particular",15,"México",60,"Nicolás Romero",1,"Ciudad Nicolás Romero","Manuel Capetillo 77","Col. San Isidro la Paz, Primera Sección","54477","558 262 96 20","","atelierarte18@gmail.com",-99.29341,19.60876,"http://sic.gob.mx/ficha.php?table=centro_cultural&table_id=3359","2021-08-23 05:30:20-05"
285,"Casa de Cultura Nicolás Romero La Colmena","1999-01-01","Ayuntamiento de Nicolás Romero",15,"México",60,"Nicolás Romero",1,"Ciudad Nicolás Romero","Av. Principal s/n","Col. Colmena Centro","54400","(55) 5823 2656","","casaculcolmena@hotmail.es",0,0,"http://sic.gob.mx/ficha.php?table=centro_cultural&table_id=285","2020-03-22 15:30:42-06"
3944,"Centro Cultural Lirio ","2017-01-01","Privado ",15,"México",60,"Nicolás Romero",1,"Ciudad Nicolás Romero","Reforma 20","Col. San Ildefonso","54470","55 4999 0494","","lirioacademiadeartes@gmail.com",-99.29808,19.61573,"http://sic.gob.mx/ficha.php?table=centro_cultural&table_id=3944","2025-10-10 14:14:41-06"
2241,"Casa de Cultura María Elena Vásquez","1995-12-16","Ayuntamiento de Nopaltepec/Dirección de Cultura",15,"México",61,"Nopaltepec",1,"Nopaltepec","Huasteca s/n","Centro","55970","592 924 50 05","https://nopaltepec.gob.mx/","ayuntamiento@nopaltepec.gob.mx",-98.70955,19.77928,"http://sic.gob.mx/ficha.php?table=centro_cultural&table_id=2241","2024-07-10 11:30:40-06"
1374,"Centro Regional de Cultura de Ocoyoacac","1974-09-21","Secretaría de Cultura y Turismo del Gobierno del Estado de México",15,"México",62,"Ocoyoacac",1,"Ocoyoacac","Luis Camarena González 1","Centro","52740","728 287 5023","https://patrimonioyserviciosc.edomex.gob.mx/ocoyoacac","ocoyoacacimc@yahoo.com.mx",-99.46124,19.27216,"http://sic.gob.mx/ficha.php?table=centro_cultural&table_id=1374","2025-10-09 13:58:20-06"
1358,"Unidad Cultural de Ocuilán","1992-01-01","Secretaría de Cultura y Turismo del Estado de México",15,"México",63,"Ocuilan",1,"Ocuilan de Arteaga","Av. Ayuntamiento s/n","Centro","52480","714 146 41 67","","mr0744429@gmail.com; elbosqueesvida@hotmail.com",-99.4171,18.97893,"http://sic.gob.mx/ficha.php?table=centro_cultural&table_id=1358","2025-10-06 18:30:05-06"
955,"Casa de Cultura Abraham Ángel","1985-08-28","Ayuntamiento de El Oro ",15,"México",64,"El Oro",1,"El Oro de Hidalgo","Ángela Peralta 14","Centro","50600","711 125 00 36  ext. 119 ","http://www.eloromexico.gob.mx/","h_ayuntamiento@eloromexico.gob.mx",-100.13127,19.80306,"http://sic.gob.mx/ficha.php?table=centro_cultural&table_id=955","2025-09-12 19:11:21-06"
1085,"Casa Regional de Cultura y Casa Museo Gonzalo Carrasco","1985-11-13","Gobierno del Estado de México, Dirección General de Patrimonio y Servicios Culturales",15,"México",65,"Otumba",1,"Otumba de Gómez Farías","Plazuela de la Constitución 17","Centro","55900","592 922 01 61","https://patrimonioyserviciosc.edomex.gob.mx/otumba","otumbaimc@yahoo.com.mx",0,0,"http://sic.gob.mx/ficha.php?table=centro_cultural&table_id=1085","2023-07-31 07:18:06-06"
2242,"Casa de Cultura Hermanos Flores Magón","1998-01-01","Ayuntamiento de Otzoloapan",15,"México",66,"Otzoloapan",1,"Otzoloapan","El Mirador s/n","Centro, localidad El Mirador","51130","726 266 90 27","http://www.otzoloapan.gob.mx","lucilavillafanamaldonadomail.com",0,0,"http://sic.gob.mx/ficha.php?table=centro_cultural&table_id=2242","2021-04-30 04:47:59-05"
325,"Casa de Cultura Ocelotl","1995-07-01","Ayuntamiento de Otzolotepec",15,"México",67,"Otzolotepec",1,"Villa Cuauhtémoc","Prol. Independencia s/n","Col. Villa Cuauhtémoc","52080","719 196 78 78 ext. 611","","d.educacionopzo@gmail.com",0,0,"http://sic.gob.mx/ficha.php?table=centro_cultural&table_id=325","2023-07-27 09:23:17-06"
48,"Casa de Cultura José Antonio Arzate","1982-06-18","Ayuntamiento de Ozumba",15,"México",68,"Ozumba",1,"Ozumba de Alzate","Emiliano Zapata 1","Centro","56800","(597) 976 38 82","","culturaalzate@hotmail.com",-98.79427,19.03804,"http://sic.gob.mx/ficha.php?table=centro_cultural&table_id=48","2025-06-19 15:35:15-06"
329,"Casa de Cultura Papalotla","1996-12-01","Secretaría de Cultura del Estado de México",15,"México",69,"Papalotla",1,"Papalotla","Plaza Morelos 1","Centro","56050","5959538579","papalotlaedomex.gob.mx","contacto@papalotlaedomex.gob.mx",-98.858,19.56389,"http://sic.gob.mx/ficha.php?table=centro_cultural&table_id=329","2023-07-17 07:16:12-06"
2243,"Casa de Cultura Municipal de Papalotla","1996-12-15","Ayuntamiento de Papalotla",15,"México",69,"Papalotla",1,"Papalotla","Plaza Morelos s/n esq. Insurgentes","Barrio Ixayoc","56050","595 953 85 79","https://papalotlaedomex.gob.mx/","presidencia_papalotla2022_2024@outlook.com",-98.85806,19.56338,"http://sic.gob.mx/ficha.php?table=centro_cultural&table_id=2243","2023-08-15 07:30:02-06"
3873,"Centro de Artes y Oficios Carmen Serdán Alatriste","2021-12-19","Ayuntamiento de La Paz",15,"México",70,"La Paz",1,"Los Reyes Acaquilpan","Cda. 2 de Abril 3","Col. Emiliano Zapata","56400","55 8094 4498, 55 6288 0667","","coordinaciondearteycultura25@gmail.com",-98.97986,19.35212,"http://sic.gob.mx/ficha.php?table=centro_cultural&table_id=3873","2026-08-21 12:02:09-06"
3867,"Centro Comunitario Cultural Ciudad Retoño","2017-01-01","Fundación Cause Ciudadano, A.C.",15,"México",70,"La Paz",1,"Los Reyes Acaquilpan","Ex Hacienda Pedro Domeq. Presa del Sordo 5 esq. Av. Puebla, Ex Hacienda Pedro Domecq","Col. Valle de los Pinos","56420","55 5857 9944  ","https://www.fundacioncauceciudadano.org","fundacioncauceciudadano@gmail.com",-98.98449,19.35981,"http://sic.gob.mx/ficha.php?table=centro_cultural&table_id=3867","2026-05-22 16:44:03-06"
274,"Casa de Cultura La Paz","1993-09-01","Ayuntamiento de La Paz",15,"México",70,"La Paz",1,"Los Reyes Acaquilpan","Puebla s/n","Col. Los Reyes Centro","56400","56 1693 4059","https://www.losreyeslapaz.gob.mx/casa-cultura","",-98.96554,19.35607,"http://sic.gob.mx/ficha.php?table=centro_cultural&table_id=274","2026-04-22 13:55:59-06"
2244,"Casa de Cultura Polotitlán","2005-01-01","Ayuntamiento de Polotitlán",15,"México",71,"Polotitlán",1,"Polotitlán de la Ilustración","De los Estudiantes s/n","","54200","5611618518","https://polotitlan.edomex.gob.mx/","ayuntamiento.polotitlan@gmail.com",0,0,"http://sic.gob.mx/ficha.php?table=centro_cultural&table_id=2244","2023-07-17 08:14:25-06"
1366,"Casa de Cultura Profr. José Copula Moreno","1996-12-01","Secretaría de Cultura y Turismo del Estado de México",15,"México",72,"Rayón",1,"Santa María Rayón","Independencia s/n","","","713 132 00 45","","",0,0,"http://sic.gob.mx/ficha.php?table=centro_cultural&table_id=1366","2021-09-14 10:52:28-05"
603,"Casa de Cultura Profr. Jesús Gómez Nava","1991-02-16","Ayuntamiento de San Felipe del Progreso",15,"México",74,"San Felipe del Progreso",1,"San Felipe del Progreso","Calle 5 de Mayo 110","Centro","50640","712 123 51 99","https://sanfelipedelprogreso.gob.mx/","ing.lizethsandoval16@gmail.com",-99.95369,19.71369,"http://sic.gob.mx/ficha.php?table=centro_cultural&table_id=603","2023-08-09 05:23:22-06"
2268,"Casa de Cultura Neteotiloyan","1994-05-15","Ayuntamiento de San Martín de las Pirámides",15,"México",75,"San Martín de las Pirámides",1,"San Martín de las Pirámides","Av. de Los Deportes 15","Centro","55850","594 958 20 11 ext. 121","https://sanmartindelaspiramides.gob.mx/casa-de-cultura-neteotiloyan/","casa.cultura@sanmartindelaspiramides.gob.mx",-98.82946,19.70744,"http://sic.gob.mx/ficha.php?table=centro_cultural&table_id=2268","2024-06-20 13:00:41-06"
2245,"Casa de Cultura Profra. Rosa Nava de López","2004-11-28","Ayuntamiento de San Mateo Atenco",15,"México",76,"San Mateo Atenco",1,"San Mateo Atenco","Av. Panteón Viejo 201","Barrio San Nicolás","52104","722 264 1969","","gloriasilvaglez@gmail.com",-99.52789,19.26467,"http://sic.gob.mx/ficha.php?table=centro_cultural&table_id=2245","2026-04-23 12:46:34-06"
334,"Casa de Cultura San Mateo Atenco","1994-05-01","Secretaría de Cultura y Turismo del Estado de México",15,"México",76,"San Mateo Atenco",1,"San Mateo Atenco","Calz. del Panteón Viejo 201","Barrio de San Nicolás","52100","728 690 1100","https://www.sanmateoatenco.gob.mx/","cultura@sanmateoatenco.gob.mx",-99.52751,19.26511,"http://sic.gob.mx/ficha.php?table=centro_cultural&table_id=334","2024-08-23 14:50:05-06"
948,"Casa de Cultura Cuitepec San Simón de Guerrero","1996-12-01","Ayuntamiento de San Simón de Guerrero",15,"México",77,"San Simón de Guerrero",1,"San Simón de Guerrero","","Barrio San José","51470","716 265 3105 ext. 102","","secretaria.sansimon2016_2018@hotmail.com; ayuntamientosansimon2016_2018@hotmail.com",-100.00736,19.02315,"http://sic.gob.mx/ficha.php?table=centro_cultural&table_id=948","2023-10-19 07:57:15-06"
345,"Casa de Cultura Santiago Santa Ana","1996-12-14","Ayuntamiento de Santo Tomás",15,"México",78,"Santo Tomás",1,"Santo Tomás de los Plátanos","Cda. Tabachín s/n","Centro","51100","726 262 35 45","","stomas2009@hotmail.com.mx; teyo52@yahoo.com",0,0,"http://sic.gob.mx/ficha.php?table=centro_cultural&table_id=345","2023-07-27 07:14:21-06"
938,"Casa de Cultura Soyaniquilpan de Juárez","2003-03-08","Ayuntamiento de Soyaniquilpan de Juárez",15,"México",79,"Soyaniquilpan de Juárez",1,"San Francisco Soyaniquilpan","Calle 16 de Septiembre 6","Centro","54280","761 735 30 27 y 26","","manuelberney@yahoo.com.mx",0,0,"http://sic.gob.mx/ficha.php?table=centro_cultural&table_id=938","2021-04-21 05:41:32-05"
242,"Casa de Cultura Dr. José María Coss","1983-08-24","Ayuntamiento de Sultepec",15,"México",80,"Sultepec",1,"Sultepec de Pedro Ascencio de Alquisiras","Hidalgo s/n","Barrio de Coaxusco","51600","716 148 07 00","","casadecultura@sultepec.gob.mx ",0,0,"http://sic.gob.mx/ficha.php?table=centro_cultural&table_id=242","2021-04-21 06:13:51-05"
247,"Casa de Cultura Felipe Villanueva","1980-11-17","Ayuntamiento de Tecámac",15,"México",81,"Tecámac",1,"Tecámac de Felipe Villanueva","Calle 5 de Mayo 46","Centro","55740","55 5934 6272","","",-98.97331,19.71272,"http://sic.gob.mx/ficha.php?table=centro_cultural&table_id=247","2024-09-10 13:12:18-06"
1088,"Centro Regional de Cultura de Tejupilco","1985-08-20","Secretaría de Cultura y Turismo del Gobierno del Estado de México/Dirección de Patrimonio y Servicios Culturales del Valle de Toluca",15,"México",82,"Tejupilco",1,"Tejupilco de Hidalgo","Av. Prol. Benito Juárez s/n","Col. México 68","51400","724 267 04 66","https://patrimonioyserviciosc.edomex.gob.mx/tejupilco","tejupilcoimc@yahoo.com.mx",-100.14739,18.89669,"http://sic.gob.mx/ficha.php?table=centro_cultural&table_id=1088","2024-09-09 14:31:43-06"
252,"Casa de Cultura In Acatlixhuayan In Temamatzolli","1995-06-24","Ayuntamiento de Temamatla",15,"México",83,"Temamatla",1,"Temamatla","Plaza Hidalgo 1","Centro","56650","55 5942 9513","","casadecultura_temamatla@hotmail.com",-98.86988,19.2028,"http://sic.gob.mx/ficha.php?table=centro_cultural&table_id=252","2023-09-29 06:15:51-06"
585,"Casa de Cultura Temazcalli","1998-08-01","Ayuntamiento de Temascalapa",15,"México",84,"Temascalapa",11,"San Bartolomé Actopan","Km 4.5 Carr. Temascalapa-San Bartolomé Actopan","","55989","596 933 02 63","https://temascalapa.edomex.gob.mx/casa-cultura","minesp@hotmail.com",-98.86334,19.84281,"http://sic.gob.mx/ficha.php?table=centro_cultural&table_id=585","2024-01-04 05:59:23-06"
3788,"Centro Regional de Cultura de Temascalcingo José Ma. Velasco","1974-01-01","Secretaría de Cultura y Turismo del Gobierno del Estado de México/Dirección de Patrimonio y Servicios Culturales del Valle de Toluca",15,"México",85,"Temascalcingo",1,"Temascalcingo de José María Velasco","Hermanos Velasco 5","Centro","50400","474 763 8376","https://patrimonioyserviciosc.edomex.gob.mx/temascalcingo","liccmm@hotmail.com",-100.00245,19.91736,"http://sic.gob.mx/ficha.php?table=centro_cultural&table_id=3788","2026-01-21 14:24:31-06"
98,"Casa de Cultura 2 de Marzo","1992-09-01","Secretaría de Cultura del Estado de México",15,"México",87,"Temoaya",1,"Temoaya","Vicente Guerrero 101","Centro","50850","719 265 03 85","","",-99.59514,19.47019,"http://sic.gob.mx/ficha.php?table=centro_cultural&table_id=98","2025-10-29 17:55:33-06"
1101,"Centro Regional de Cultura de Tenancingo Joaquín Solache Monroy","1981-09-04","Secretaría de Cultura y Turismo del Gobierno del Estado de México/Dirección de Patrimonio y Servicios Culturales del Valle de Toluca",15,"México",88,"Tenancingo",1,"Tenancingo de Degollado","Paseo de los Insurgentes s/n, int. Parque Alameda","Centro","52400","714 142 26 20","https://patrimonioyserviciosc.edomex.gob.mx/tenancingo"," centroculturaltenancingo@yahoo.com.mx",-99.58517,18.96393,"http://sic.gob.mx/ficha.php?table=centro_cultural&table_id=1101","2024-09-09 17:38:11-06"
100,"Casa de Cultura Ollin Coatl","1972-02-01","Ayuntamiento de Tenango del Aire",15,"México",89,"Tenango del Aire",1,"Tenango del Aire","5 de Mayo esq. Censos Nacionales","Centro","56780","55 5075 0656","","tenangodelairecultura2224@gmail.com",-98.86201,19.15716,"http://sic.gob.mx/ficha.php?table=centro_cultural&table_id=100","2025-08-06 17:18:18-06"
569,"Casa de Cultura Narciso Bassols","1994-03-01","Secretaría de Cultura del Estado de México",15,"México",90,"Tenango del Valle",1,"Tenango de Arista","Del Progreso 304, frente al DIF Municipal","El Coloso","52307","7171440160","https://tenangodelvalle.gob.mx/sitio/portal","contacto@tenangodelvalle.gob.mx",-99.59409,19.09921,"http://sic.gob.mx/ficha.php?table=centro_cultural&table_id=569","2023-07-18 04:46:48-06"
3421,"Centro Cultural León Guzmán ","2022-09-17","Ayuntamiento de Tenango del Valle/Dirección de Turismo y Cultura",15,"México",90,"Tenango del Valle",1,"Tenango de Arista","De La Constitución Manzana 033","Col. Heroica","52300","","","direcccion.turismo@tenangodelvalle.gob.mx",-99.59155,19.10412,"http://sic.gob.mx/ficha.php?table=centro_cultural&table_id=3421","2023-07-19 07:15:14-06"
76,"Casa de Cultura Teohuilloyocan","1994-09-01","Secretaría de Cultura del Estado de México",15,"México",91,"Teoloyucan",1,"Teoloyucan","Matamoros 58","Tlatilco","54770","593 914 8399","https://teoloyucan.gob.mx/tramites-y-servicios/#1656352732821-7b02fced-9e34","casa.cultura@teoloyucan.gob.mx",-99.18471,19.747,"http://sic.gob.mx/ficha.php?table=centro_cultural&table_id=76","2023-08-07 06:36:49-06"
2232,"Casa de Cultura Ing. Heberto Castillo","1996-12-05","Ayuntamiento de Teotihuacán",15,"México",92,"Teotihuacán",1,"Teotihuacán de Arista","Hidalgo s/n esq. Zaragoza","Centro","55800","594 956 84 11","","secretaria@teotihuacan.gob.mx.",-98.86698,19.68464,"http://sic.gob.mx/ficha.php?table=centro_cultural&table_id=2232","2023-11-24 04:39:15-06"
2,"Centro Regional de Cultura Nepantla, Casa de Sor Juana Inés de la Cruz","1995-04-17","Secretaría de Cultura y Turismo del Gobierno del Estado de México",15,"México",94,"Tepetlixpa",1,"Tepetlixpa","Circuito sur s/n","Col. Casco Urbano","56890","597 977 3038","","nepantlascd.edomex@gmail.com",-98.84128,18.97877,"http://sic.gob.mx/ficha.php?table=centro_cultural&table_id=2","2025-07-09 11:16:22-06"
516,"Casa de Cultura Rosario de la Peña","1979-04-04","Ayuntamiento de Tepetlixpa",15,"México",94,"Tepetlixpa",1,"Tepetlixpa","16 de Septiembre 65","","56880","597 976 1166","https://experiencia.edomex.gob.mx/recursos-turisticos/casa-de-cultura-rosario-de-la-pena-tepetlixpa","",-98.81877,19.02971,"http://sic.gob.mx/ficha.php?table=centro_cultural&table_id=516","2025-08-01 18:49:37-06"
1373,"Centro Regional de Cultura Nepantla Sor Juana Inés de la Cruz","1995-04-17","Secretaría de Cultura y Turismo del Gobierno del  Estado de México/Dirección Patrimonio y Servicios Culturales del Valle de Toluca",15,"México",94,"Tepetlixpa",2,"Nepantla de Sor Juana Inés de la Cruz","Cto. Sur Sor Juana Inés de la Cruz s/n","Col. Casco Urbano","56890","597 977 30 38","https://nepantla.mx/event-location/centro-cultural-sor-juana-ines-de-la-cruz/","nepantlascd.edomex@gmail.com. ",-98.84112,18.97876,"http://sic.gob.mx/ficha.php?table=centro_cultural&table_id=1373","2024-09-06 14:02:54-06"
284,"Casa de Cultura de Tepotzotlán","1990-10-25","Ayuntamiento de Tepotzotlán",15,"México",95,"Tepotzotlán",1,"Tepotzotlán","Adolfo López Mateos s/n esq. Benito Juárez","Barrio San Martín","54600","55 5876 1132","tepotzotlan.gob.mx","casadecultura@tepotzotlan.gob.mx",-99.22396,19.71464,"http://sic.gob.mx/ficha.php?table=centro_cultural&table_id=284","2026-03-06 18:41:41-06"
255,"Casa de Cultura Tequixquiac","1994-10-01","Secretaría de Cultura del Estado de México",15,"México",96,"Tequixquiac",1,"Tequixquiac","Av. Río Pánuco s/n","Barrio San José","55650","","","",0,0,"http://sic.gob.mx/ficha.php?table=centro_cultural&table_id=255","2023-07-28 05:03:27-06"
2248,"Centro de Desarrollo Social Integral","2007-04-12","Ayuntamiento de Tequixquiac",15,"México",96,"Tequixquiac",1,"Tequixquiac","Campo Zaragoza esq. Alcanfores s/n","Barrio San Mateo","55610","591 9121 785","https://www.tequixquiac.gob.mx/","presidencia@tequixquiac.gob.mx",-99.14896,19.91036,"http://sic.gob.mx/ficha.php?table=centro_cultural&table_id=2248","2024-02-15 08:25:27-06"
287,"Centro Municipal de Arte y Cultura de Texcalyacac","1989-03-01","Ayuntamiento de Texcalyacac",15,"México",98,"Texcalyacac",1,"San Mateo Texcalyacac","Carr. Dr. Manuel Acal s/n","","52570","(713) 131 74 42","https://texcalyacac.edomex.gob.mx/casa_cultura","isabel8764@hotmail.com",0,0,"http://sic.gob.mx/ficha.php?table=centro_cultural&table_id=287","2025-12-03 17:51:08-06"
2249,"Centro Regional de Cultura de Texcoco Casa del Constituyente","1974-03-02","Secretaría de Cultura y Turismo del Estado de México",15,"México",99,"Texcoco",1,"Texcoco de Mora","Nezahualcóyotl 215","Centro","56100","595 954 5963","https://patrimonioyserviciosc.edomex.gob.mx/texcoco","texcoco.scd.edomex@gmail.com",-98.8798,19.51362,"http://sic.gob.mx/ficha.php?table=centro_cultural&table_id=2249","2026-04-20 08:36:00-06"
970,"Centro Cultural del ISSSTE de Chapingo","1984-09-01","Instituto de Seguridad y Servicios Sociales de los Trabajadores del Estado (ISSSTE)",15,"México",99,"Texcoco",1,"Texcoco de Mora","José María Velazco, Mz 032","Col. Emiliano Zapata,","56227","722 215 7341","http://www.issste.gob.mx","centroculturalissstechapingo@hotmail.com",-98.8695,19.48831,"http://sic.gob.mx/ficha.php?table=centro_cultural&table_id=970","2026-04-20 08:34:59-06"
2501,"Centro de Seguridad Social IMSS de Texcoco","1000-01-01","Instituto Mexicano del Seguro Social (IMSS)",15,"México",99,"Texcoco",1,"Texcoco de Mora","Av. Josefa Ortiz de Dominguez s/n esq, Nicolás Bravo","Col. Niños Heroes","56160 ","800 953 0129","http://www.imss.gob.mx","",-98.88769,19.51449,"http://sic.gob.mx/ficha.php?table=centro_cultural&table_id=2501","2026-04-20 08:45:36-06"
2630,"Centro Cultural Mexiquense Bicentenario","2011-08-30","Secretaría de Cultura y Turismo del Gobierno del Estado de México",15,"México",99,"Texcoco",29,"San Miguel Coatlinchán","Carr. Los Reyes-Texcoco km 14.3 esq. Av. Manuel González","Col. San Miguel","56250","595 952 0320 ext. 1071","https://patrimonioyserviciosc.edomex.gob.mx/ccmb","ccmb.coordinacion@gmail.com; estibaliz.aguayo@edomex.gob.mx",-98.89953,19.45251,"http://sic.gob.mx/ficha.php?table=centro_cultural&table_id=2630","2026-04-20 08:21:11-06"
944,"Casa de Cultura Tezoyuca Nahui Olin","1000-01-01","Ayuntamiento de Tezoyuca",15,"México",100,"Tezoyuca",1,"Tezoyuca","Av. 16 de septiembre, esq. Vicente Valencia","Barrio de la Ascensión","56005","","https://tezoyuca.gob.mx/","casa.cultura@tezoyuca.gob.mx",-98.9063,19.59127,"http://sic.gob.mx/ficha.php?table=centro_cultural&table_id=944","2023-08-14 06:36:27-06"
2250,"Casa de Cultura Profr. Carlos Hank González","1994-01-01","Ayuntamiento de Santiago Tianguistenco/Coordinación de Educación y Cultura",15,"México",101,"Tianguistenco",1,"Santiago Tianguistenco de Galeana","Av. Aldama esq. Independencia s/n","Centro","52600","713 133 54 27","","marconavamartinez@gmail.com",-99.46745,19.18407,"http://sic.gob.mx/ficha.php?table=centro_cultural&table_id=2250","2023-02-16 07:13:34-06"
2276,"Módulo Cultural Multifuncional Santiago Tianguistenco","2008-08-01","U.A.E.M.",15,"México",101,"Tianguistenco",14,"San Pedro Tlaltizapan","Paraje  El Tejocote","San Pedro Tlaltizapán","","722 215 8920 ext. 109","https://www.uaemex.mx/mi-universidad/gabinete-universitario/secretaria-de-difusion-cultural/centro-de-actividades-culturales.html","",-99.51751,19.19658,"http://sic.gob.mx/ficha.php?table=centro_cultural&table_id=2276","2023-08-07 07:47:45-06"
49,"Casa de Cultura Lic. Adolfo López Mateos","1994-09-01","Secretaría de Cultura del Estado de México",15,"México",102,"Timilpan",1,"San Andrés Timilpan","Melchor Ocampo s/n","","50290","7121255031, 7121240156","https://www.timilpan.gob.mx/","",-99.73401,19.8752,"http://sic.gob.mx/ficha.php?table=centro_cultural&table_id=49","2023-07-20 05:09:29-06"
237,"Casa de Cultura Xochipilli","1998-08-28","Ayuntamiento de Tlalmanalco",15,"México",103,"Tlalmanalco",1,"Tlalmanalco de Velázquez","Calle Zaragoza s/n","Centro","56700","597 977 52 04 ext. 222","https://experiencia.edomex.gob.mx/recursos-turisticos/casa-de-cultura-xochipilli-tlalmanalco","",-98.8033,19.20593,"http://sic.gob.mx/ficha.php?table=centro_cultural&table_id=237","2023-09-29 08:10:52-06"
3001,"Casa de Cultura Sor Juana Inés de la Cruz","1979-08-09","Instituto Municipal de la Cultura y las Artes de Tlalnepantla de Baz",15,"México",104,"Tlalnepantla de Baz",1,"Tlalnepantla","Porfirio Díaz s/n","Centro","54000","55 5565 1813","","",-98.84198,19.00596,"http://sic.gob.mx/ficha.php?table=centro_cultural&table_id=3001","2026-04-24 12:51:13-06"
2960,"Centro de la Cultura y las Artes José Emilio Pacheco ","2016-02-23","Ayuntamiento de Tlalnepantla/Instituto Municipal de Cultura y las Artes",15,"México",104,"Tlalnepantla de Baz",1,"Tlalnepantla","Av. Riva Palacio s/n esq. Vallarta","Col. Tlalnepantla Centro","54000","55 5366 4500","","culturayartes.tlalnepantla@gmail.com",-99.19574,19.53649,"http://sic.gob.mx/ficha.php?table=centro_cultural&table_id=2960","2025-01-15 12:14:14-06"
3013,"Casa de Cultura Lomas de San Andrés","1997-03-01","Instituto Municipal de la Cultura y las Artes de Tlalnepantla de Baz",15,"México",104,"Tlalnepantla de Baz",1,"Tlalnepantla","Monterrey 13","Col. Lomas de San Andrés","54040","(55) 5384 0572","","casastlalne@hotmail.com",-99.22721,19.54295,"http://sic.gob.mx/ficha.php?table=centro_cultural&table_id=3013","2016-12-29 09:00:07-06"
3016,"Casa de Cultura San Felipe Ixtacala","1996-08-22","Instituto Municipal de la Cultura y las Artes de Tlalnepantla de Baz",15,"México",104,"Tlalnepantla de Baz",1,"Tlalnepantla","Xocoyahualco s/n esq. Alfonso Cárdenas  ","Col. San Felipe Ixtacala","54136","(55) 5384 0572","","casastlalne@hotmail.com",-99.17136,19.52161,"http://sic.gob.mx/ficha.php?table=centro_cultural&table_id=3016","2026-01-15 13:45:14-06"
3008,"Casa de Cultura José C. Ángeles","1993-03-01","Instituto Municipal de la Cultura y las Artes de Tlalnepantla de Baz",15,"México",104,"Tlalnepantla de Baz",1,"Tlalnepantla","División del Norte Manzana 035","Col. División del Norte","54190","55 5565 8293","","casastlalne@hotmail.com",-99.0887,19.51612,"http://sic.gob.mx/ficha.php?table=centro_cultural&table_id=3008","2025-04-16 11:34:27-06"
3011,"Casa de Cultura Lic. Javier Pérez Olegaray","1996-08-14","Instituto Municipal de la Cultura y las Artes de Tlalnepantla de Baz",15,"México",104,"Tlalnepantla de Baz",1,"Tlalnepantla","Cda. de San Buenaventura s/n","Col. Tabla Honda","54136","55 3332 7835","","cesarramirezvillareal@gmail.com",-99.18553,19.55364,"http://sic.gob.mx/ficha.php?table=centro_cultural&table_id=3011","2025-06-19 11:48:43-06"
3018,"Casa de Cultura Vista Hermosa","1994-08-06","Instituto Municipal de la Cultura y las Artes de Tlalnepantla de Baz",15,"México",104,"Tlalnepantla de Baz",1,"Tlalnepantla","Productos Químicos de México 4","Col. Vista Hermosa","54080","55 5366 3800","https://tlalnepantla.gob.mx/","ccvistahermosatlalne@gmail.com ",-99.22293,19.51843,"http://sic.gob.mx/ficha.php?table=centro_cultural&table_id=3018","2025-03-27 11:48:33-06"
3369,"Centro Cultural Rombo Negro","2011-06-07","Particular",15,"México",104,"Tlalnepantla de Baz",1,"Tlalnepantla","Viveros de Asís 13 ","Col. Viveros de la Loma","54080","55 7921 1683","https://www.rombonegro.com.mx/","fotosrombonegro@gmail.com",-99.195,19.53852,"http://sic.gob.mx/ficha.php?table=centro_cultural&table_id=3369","2022-03-07 14:29:45-06"
3002,"Casa de Cultura Luis Donaldo Colosio","1993-10-03","Instituto Municipal de la Cultura y las Artes de Tlalnepantla de Baz",15,"México",104,"Tlalnepantla de Baz",1,"Tlalnepantla","Vicente Guerrero s/n","Col. Santa Maria Tlayacampa","54110","55 5384 0572","","casastlalne@hotmail.com",-99.18746,19.57206,"http://sic.gob.mx/ficha.php?table=centro_cultural&table_id=3002","2022-09-21 02:39:09-05"
2206,"Centro Cultural Iztacala","2002-05-09","UNAM/Facultad de Estudios Superiores Iztacala (FESI)",15,"México",104,"Tlalnepantla de Baz",1,"Tlalnepantla","Av. de los Barrios 1","Col. Los Reyes Iztacala","54090","55 5623 1107","https://sdri.iztacala.unam.mx/centro-cultural/","cultura.fesi@iztacala.unam.mx",-99.1867,19.52645,"http://sic.gob.mx/ficha.php?table=centro_cultural&table_id=2206","2026-08-26 12:46:15-06"
3006,"Casa de Cultura Guillermo Padilla Díaz de León","1994-10-03","Instituto Municipal de la Cultura y las Artes de Tlalnepantla de Baz",15,"México",104,"Tlalnepantla de Baz",1,"Tlalnepantla","Cto. Primario s/n","Fracc. Hugo Cervantes del Río","54149","55 5366 3800 ext. 5109","https://portal.tlalnepantla.gob.mx/","mildred.matias@tlalnepantla.gob.mx",-99.17378,19.55096,"http://sic.gob.mx/ficha.php?table=centro_cultural&table_id=3006","2026-04-23 14:00:07-06"
3010,"Casa de Cultura Lázaro Cárdenas","1993-12-31","Instituto Municipal de la Cultura y las Artes de Tlalnepantla de Baz",15,"México",104,"Tlalnepantla de Baz",1,"Tlalnepantla","Acayucan Mz. 422 Lt. 4069","Col. Lázaro Cárdenas","54180","55 5384 0572","","casastlalne@hotmail.com",-99.11942,19.53437,"http://sic.gob.mx/ficha.php?table=centro_cultural&table_id=3010","2023-10-11 07:11:37-06"
3017,"Casa de Cultura San Lucas Tepetlacalco (Temporalmente cerrado)","1990-09-18","Instituto Municipal de la Cultura y las Artes de Tlalnepantla de Baz",15,"México",104,"Tlalnepantla de Baz",1,"Tlalnepantla","16 de Septiembre s/n","Col. San Lucas Tepetlacalco","54080","","","casastlalne@hotmail.com",-99.22711,19.52434,"http://sic.gob.mx/ficha.php?table=centro_cultural&table_id=3017","2026-04-24 12:34:34-06"
3007,"Casa de Cultura Izcalli Pirámide","1990-12-31","Instituto Municipal de la Cultura y las Artes de Tlalnepantla de Baz",15,"México",104,"Tlalnepantla de Baz",1,"Tlalnepantla","Roma 031 esq. Vaticano","Fracc. Izcalli Pirámide","54140","55 5384 0572","","casastlalne@hotmail.com; casadeculturaizcallipiramide@gmail.com",-99.17432,19.54222,"http://sic.gob.mx/ficha.php?table=centro_cultural&table_id=3007","2024-04-29 08:47:56-06"
3014,"Casa de Cultura Pedro Labrada Cervantes","1985-07-20","Instituto Municipal de la Cultura y las Artes de Tlalnepantla de Baz",15,"México",104,"Tlalnepantla de Baz",1,"Tlalnepantla","Tepic 27","Col. Constitución de 1917","54190","55 5384 0572","","casastlalne@hotmail.com",-99.08512,19.5316,"http://sic.gob.mx/ficha.php?table=centro_cultural&table_id=3014","2025-04-22 09:21:09-06"
3015,"Casa de Cultura Prado Vallejo","2005-04-10","Asociación de Vecinos de Prado Vallejo",15,"México",104,"Tlalnepantla de Baz",1,"Tlalnepantla","San Juan de Ulua 1","Col. Prado Vallejo","54170","55 7400 9578","","asociacion.prado.vallejo@gmail.com",-99.16581,19.50594,"http://sic.gob.mx/ficha.php?table=centro_cultural&table_id=3015","2025-05-14 17:02:26-06"
3917,"Mandrágora Espacio Cultural","1000-01-01","",15,"México",106,"Toluca",1,"Toluca de Lerdo","Plutarco González 200 C","Toluca Alameda","50000","55 72 849 779","","",-99.66042,19.28951,"http://sic.gob.mx/ficha.php?table=centro_cultural&table_id=3917","2026-04-16 13:52:18-06"
728,"Centro de Actividades Culturales (CEAC)","1992-07-01","Secretaría de Difusión Cultural, U.A.E.M.",15,"México",106,"Toluca",1,"Toluca de Lerdo","Av. Instituto Literario 211","Centro","50000","722 215 8920,  22 214 6289","https://ceac.uaemex.mx/"," ceac@uaemex.mx",-99.65159,19.28634,"http://sic.gob.mx/ficha.php?table=centro_cultural&table_id=728","2026-04-16 13:48:49-06"
725,"Centro Cultural Universitario Casa de las Diligencias","2000-04-01","Universidad Autónoma del Estado de México",15,"México",106,"Toluca",1,"Toluca de Lerdo","Av. Juárez Nte. 114 ","Centro","50090","722 215 6919","http://sic.uaemex.mx/espacios-culturales/centro-cultural-universitario-casa-de-las-diligencias/directorio-diligencias.html","cdiligencias@uaemex.mx",-99.65431,19.29183,"http://sic.gob.mx/ficha.php?table=centro_cultural&table_id=725","2026-03-30 08:34:35-06"
3028,"Centro Tolzú","2017-12-01","Ayuntamiento de Toluca",15,"México",106,"Toluca",1,"Toluca de Lerdo","Av. Hidalgo 201     ","Col. Santa Clara","50090","722 213 4893","https://www.centrotolzu.mx/"," contacto@centrotolzu.mx",-99.65236,19.29028,"http://sic.gob.mx/ficha.php?table=centro_cultural&table_id=3028","2026-04-16 13:46:30-06"
739,"Centro Toluqueño de Escritores","1983-05-10","",15,"México",106,"Toluca",1,"Toluca de Lerdo","Fray Andrés de Castro","Centro","50000","(722) 214 9568",""," centrotoluquenodeescritores@gmail.com",-99.65605,19.29122,"http://sic.gob.mx/ficha.php?table=centro_cultural&table_id=739","2026-04-16 13:44:06-06"
3853,"Casa de los Saberes Jurídicos en Toluca Ministro José María Lozano ","1998-01-01","Suprema Corte de Justicia de la Nación (SCJN) ",15,"México",106,"Toluca",1,"Toluca de Lerdo","Hidalgo oriento 1200, esq. Leandro Valle","Reforma Ferrocarriles Nacionales","50070","55 4113 1000 exts 8101, 8107, 8109, 8112, 8106, 8111 y 8112","https://www.sitios.scjn.gob.mx/casascultura/casas-cultura-juridica/toluca-estado-de-mexico","CCJToluca@mail.scjn.gob.mx",-99.65722,19.29349,"http://sic.gob.mx/ficha.php?table=centro_cultural&table_id=3853","2026-09-29 13:11:49-06"
2505,"Centro Cultural de Rusia ","2019-11-01","Centro Cultural Casa Rusia-México A.C.",15,"México",106,"Toluca",1,"Toluca de Lerdo","Abel Salazar 427","Comisión Federal de Electricidad","50150","722 424 6182","","fabiola2003@hotmail.com ",-99.63252,19.27522,"http://sic.gob.mx/ficha.php?table=centro_cultural&table_id=2505","2026-04-16 12:26:45-06"
3054,"Casa de Cultura de Cacalomacán","2012-09-26","Instituto Municipal de Cultura de Toluca",15,"México",106,"Toluca",43,"Cacalomacán","Aquiles Serdán 9","Col. Cacalomacán","50265","722 280 8871","https://www2.toluca.gob.mx/comsoc0097-2/?fbclid=IwY2xjawMAd-NleHRuA2FlbQIxMABicmlkETFyODhWWml4QXZKMElBdlpVAR6rOAtvQJ7dT1hcDW7vUEXPDlUdbjswPOplaL73x2Ya6SDG0KaZzTJEo3VFkg_aem_LxlpyLPEotdegn_H4ppXYw","casa.cultura.cacalomacan@gmail.com ",-99.7081,19.25369,"http://sic.gob.mx/ficha.php?table=centro_cultural&table_id=3054","2026-04-16 10:52:13-06"
687,"Centro Cultural Mexiquense","1987-01-01"," Secretaría de Cultura y Turismo del Gobierno del Estado de México",15,"México",106,"Toluca",64,"San Buenaventura","Blvd. Jesús Reyes Heroles 302","Delegación San Buenaventura","50110","722 274 1131","https://patrimonioyserviciosc.edomex.gob.mx/centro_cultural_mexiquense","gemimcdig@mail.edomex.gob.mx",-99.70186,19.2729,"http://sic.gob.mx/ficha.php?table=centro_cultural&table_id=687","2026-01-23 14:13:31-06"
295,"Casa de Cultura Reynalda Morales","1994-08-30","Ayuntamiento de Tonatico",15,"México",107,"Tonatico",1,"Tonatico","Benito Juárez s/n","Barrio San Sebastian","51950","721 141 09 55","https://www.tonatico.gob.mx","casacultareynaldamorales007@gmail.com; educacion.cultura@tonatico.gob.mx",-99.67083,18.80202,"http://sic.gob.mx/ficha.php?table=centro_cultural&table_id=295","2023-08-07 03:40:31-06"
1083,"Centro Cultural Tonatiuh","1987-12-05","Ayuntamiento de Tonatico/Regiduría de Turismo, Asuntos Internacionales y Apoyo al Migrante, Cultura y Recreación",15,"México",107,"Tonatico",1,"Tonatico","Plaza Constitución s/n","Barrio San Gaspar","51950","721 141 04 12","https://www.tonatico.gob.mx","presidencia@tonatico.gob.mx; ayuntamiento@tonatico.gob.mx",-99.67076,18.80207,"http://sic.gob.mx/ficha.php?table=centro_cultural&table_id=1083","2025-06-10 15:58:40-06"
958,"Casa de Cultura Víctor Manuel Urbán Velazco","1994-01-01","Ayuntamiento de Tultepec",15,"México",108,"Tultepec",1,"Tultepec","Morelos s/n","Col. San Rafael Ixtlahuaca","54960","(55) 8441 9365","https://www.facebook.com/pages/Casa-de-Cultura-Victor-Urban-Velasco/150662495086372","educacionyculturatultepec@hotmail.com",-99.1198,19.6836,"http://sic.gob.mx/ficha.php?table=centro_cultural&table_id=958","2025-10-15 19:46:42-06"
587,"Casa de Cultura Tultitlán","1997-12-13","Ayuntamiento de Tultitlán",15,"México",109,"Tultitlán",1,"Tultitlán de Mariano Escobedo","Adolfo López Mateos s/n","Barrio San Juan","54900","55 5888 0065","","culturasttul@gmail.com, dect@tultitlan.gob.mx",-99.16456,19.64379,"http://sic.gob.mx/ficha.php?table=centro_cultural&table_id=587","2024-09-12 11:02:04-06"
3442,"Centro Cultural Ágora Elena Poniatowska","2024-02-14","Secretaria de Cultura y Turismo Mexiquense/Ayuntamiento de Tultitlán",15,"México",109,"Tultitlán",25,"San Pablo de las Salinas","Constitucion 1857 Manzana 003","Col. Lomas de Pablo","54930","55 5888 3591","","dect@tultitlan.gob.mx",-99.09313,19.67412,"http://sic.gob.mx/ficha.php?table=centro_cultural&table_id=3442","2024-02-16 10:18:33-06"
3443,"Casa de Cultura y Biblioteca Real del Bosque","2023-03-17","Ayuntamiento de Tultitlán",15,"México",109,"Tultitlán",68,"Fuentes del Valle","Av. Real del Bosque 36","Real del Bosque","54948","55 5888 3591","https://tultitlan.gob.mx/casa-de-cultura-y-biblioteca-real-del-bosque/","casaculturarb@gmail.com;  dect@tultitlan.gob.mx",-99.14063,19.61654,"http://sic.gob.mx/ficha.php?table=centro_cultural&table_id=3443","2024-09-12 11:02:14-06"
240,"Casa de Cultura Attezi","1995-01-01","Ayuntamiento de Villa de Allende",15,"México",111,"Villa de Allende",1,"San José Villa de Allende","Libramiento Villa de Allende s/n","Centro","51000","726 269 01 74","","",-100.15089,19.37481,"http://sic.gob.mx/ficha.php?table=centro_cultural&table_id=240","2025-09-12 19:37:51-06"
236,"Casa de la Cultura Dr. Jorge Jiménez Cantú","1927-02-01","Ayuntamiento de Villa del Carbón",15,"México",112,"Villa del Carbón",1,"Villa del Carbón","Plaza Hidalgo 2","Centro","54300","(588) 913 03 49","http://www.villadelcarbon.gob.mx/","casadeculturavcmm@hotmail.com",-99.46344,19.72865,"http://sic.gob.mx/ficha.php?table=centro_cultural&table_id=236","2025-07-01 14:25:36-06"
73,"Casa de Cultura Tecualoyan","2012-02-06","Ayuntamiento de Villa Guerrero",15,"México",113,"Villa Guerrero",1,"Villa Guerrero","Hidalgo s/n esq. Rosa María García","Centro","51760","714 146 29 27","","chuyacacio@hotmail.com",-99.64233,18.9621,"http://sic.gob.mx/ficha.php?table=centro_cultural&table_id=73","2024-11-20 11:24:48-06"
1360,"Casa de Cultura Miguel Ángel Martínez","2000-01-01","Ayuntamiento Villa Victoria",15,"México",114,"Villa Victoria",1,"Villa Victoria","Auditorio Municipal<br>Plaza Principal Lázaro Cárdenas s/n","Centro","50960","726 251 52 38","","villadevictoria@gmail.com",-99.99535,19.44145,"http://sic.gob.mx/ficha.php?table=centro_cultural&table_id=1360","2025-10-10 17:58:44-06"
2265,"Casa del Pueblo","1997-01-01","Ayuntamiento de Villa Victoria",15,"México",114,"Villa Victoria",1,"Villa Victoria","Lázaro Cárdenas s/n","Centro","","726 251 61 95","","",-99.99497,19.44182,"http://sic.gob.mx/ficha.php?table=centro_cultural&table_id=2265","2025-07-04 17:21:08-06"
300,"Casa de Cultura Xonacatlán","1994-07-01","Ayuntamiento de Xonacatlán",15,"México",115,"Xonacatlán",1,"Xonacatlán","16 de Septiembre s/n","Col. La Manga","52070","719 286 48 18","","casa.cultura@xonacatlan.gob.mx",-99.53546,19.40227,"http://sic.gob.mx/ficha.php?table=centro_cultural&table_id=300","2025-08-06 17:35:16-06"
302,"Casa de la Cultura Sor Juana Inés de la Cruz","1996-12-01","Ayuntamiento de Zacazonapan",15,"México",116,"Zacazonapan",1,"Zacazonapan","Av. Guerrero s/n","Centro","51160","726 262 31 16",""," presidenciamunicipalzacazonapan2224@outlook.es",-100.25554,19.07078,"http://sic.gob.mx/ficha.php?table=centro_cultural&table_id=302","2023-07-31 04:18:25-06"
301,"Casa de la Cultura Joaquín Velázquez Cárdenas y León","1996-01-01","Secretaría de Cultura del Estado de México",15,"México",117,"Zacualpan",1,"Zacualpan","Plaza del Panteón s/n","","51800","721 147 7059","https://ipomex2.ipomex.org.mx/ipo3/lgt/indice/ZACUALPAN.web","co_educacion2022@gmail.com",-99.77493,18.72368,"http://sic.gob.mx/ficha.php?table=centro_cultural&table_id=301","2023-08-15 05:51:57-06"
2266,"Casa de Cultura Matilde Zuñiga","2002-03-19","Ayuntamiento de Zinacantepec",15,"México",118,"Zinacantepec",1,"San Miguel Zinacantepec","Benito Juárez 205","Barrio de San Miguel","31350","(722) 190 44 91","http://www.zinacantepec.gob.mx","casadeculturaMZ@hotmail.com",-99.73317,19.28391,"http://sic.gob.mx/ficha.php?table=centro_cultural&table_id=2266","2025-10-09 16:25:15-06"
588,"Casa de la Cultura Wenceslao Labra","1989-07-01","Ayuntamiento de Zumpango/Dirección de Cultura",15,"México",120,"Zumpango",1,"Zumpango de Ocampo","Zaragoza s/n ","Barrio de Santiago 1ra. sección","55600","591 917 0016","","educacionjefatura@gmail.com",-99.10123,19.79969,"http://sic.gob.mx/ficha.php?table=centro_cultural&table_id=588","2026-04-16 14:25:01-06"
1227,"Centro Regional de Cultura de Cuautitlán Izcalli","1985-12-17","Secretaría de Cultura y Deporte del Estado de México",15,"México",121,"Cuautitlán Izcalli",1,"Cuautitlán Izcalli","Av. Huixquilucan s/n","Centro Urbano","54730","55 5871 5316","","cuautitlanizcalliimc@yahoo.com.mx",-99.20536,19.6581,"http://sic.gob.mx/ficha.php?table=centro_cultural&table_id=1227","2025-04-23 13:08:38-06"
3984,"Centro Cultural Ex Hacienda Xico","1000-01-01","Ayuntamiento de Valle de Chalco/Dirección de Educación, Cultura y Turismo",15,"México",122,"Valle de Chalco Solidaridad",1,"Xico","Av. Adolfo López Mateos s/n esq. Prol. Tezozomoc","Col. Cerro de Marqués","56614","555971 1177 ext. 154","https://valledechalco.gob.mx/","educacion.cultura@valledechalco.gob.mx",-98.9356,19.27428,"http://sic.gob.mx/ficha.php?table=centro_cultural&table_id=3984","2026-04-22 12:54:50-06"
3769,"Casa de Cultura de Tononitla","1000-01-01","Ayuntamiento de Tonanitla",15,"México",125,"Tonanitla",1,"Santa María Tonanitla","Av. 20 de Noviembre s/n","Centro","55785","55 4220 5537","","educacionycultura@tonanitla.gob.mx",-99.05064,19.68721,"http://sic.gob.mx/ficha.php?table=centro_cultural&table_id=3769","2024-05-09 11:10:57-06"
702,"Casa de Cultura Juana de Arco ","1996-01-01","Amistad y Cultura Juana de Arco, A.C.",16,"Michoacán de Ocampo",1,"Acuitzio",1,"Acuitzio del Canje","Prisioneros del Canje s/n","Centro","58460","443 174 54 41, ","","dek9139@gmail.com",-101.33285,19.49625,"http://sic.gob.mx/ficha.php?table=centro_cultural&table_id=702","2025-11-26 14:06:43-06"
662,"Casa de Cultura Profr. Jesús García Zamora","1993-02-14","Ayuntamiento de Aguililla",16,"Michoacán de Ocampo",2,"Aguililla",1,"Aguililla","Miguel Maldonado 131","Centro","60570","453 116 5405","https://www.gob.mx/cultura/prensa/mediante-la-cocina-tradicional-y-el-bordado-cultura-comunitaria-fomenta-la-convivencia-armonica-en-aguililla-michoacan?idiom=es-MX","miguecontrerasflores@gmail.com",-102.78822,18.7357,"http://sic.gob.mx/ficha.php?table=centro_cultural&table_id=662","2025-12-11 11:31:19-06"
2357,"Casa de la Cultura de Angamacutiro ","2010-01-01","Ayuntamiento Angamacutiro",16,"Michoacán de Ocampo",4,"Angamacutiro",1,"Angamacutiro de la Unión","Prol. Aldama 44 ","Centro","58550","","","culturaangamacutiro@hotmail.com",-101.71199,20.15188,"http://sic.gob.mx/ficha.php?table=centro_cultural&table_id=2357","2025-11-27 11:41:07-06"
663,"Casa de Cultura Lic. Ricardo J. Zevada","1998-01-01","Ayuntamiento de Angangueo",16,"Michoacán de Ocampo",5,"Angangueo",1,"Mineral de Angangueo","Av. Nacional s/n","Centro","61410","","","culturaangangueo2427@outlook.com",-100.28356,19.6199,"http://sic.gob.mx/ficha.php?table=centro_cultural&table_id=663","2025-11-27 12:25:27-06"
660,"Centro Cultural La Estación de Apatzingán","2000-10-21","Ayuntamiento de Apatzingán/FCE",16,"Michoacán de Ocampo",6,"Apatzingán",1,"Apatzingán de la Constitución","16 de Septiembre 327","Col. Ferrocarril","60630","453 534 18 43","https://www.facebook.com/Centro-Cultural-La-Estaci%C3%B3n-de-Apatzing%C3%A1n-767633736738959/","casadelacultura@apatzingan.gob.mx",-102.35122,19.08143,"http://sic.gob.mx/ficha.php?table=centro_cultural&table_id=660","2025-12-09 12:24:54-06"
2153,"Casa de Cultura y Arte Víctor Rosales","2010-01-01","Ayuntamiento de Ario de Rosales",16,"Michoacán de Ocampo",9,"Ario",1,"Ario de Rosales","Zaragoza 567","Centro","61830","425 140 96 30, 422 521 00 03","","mirandayani@hotmail.com",-101.70929,19.20878,"http://sic.gob.mx/ficha.php?table=centro_cultural&table_id=2153","2025-11-27 14:42:49-06"
3829,"Casa de los Saberes Jurídicos en Ario de Rosales","2005-01-01","Suprema Corte de Justicia de la Nación",16,"Michoacán de Ocampo",9,"Ario",1,"Ario de Rosales","Portal del Supremo Tribunal de Justicia s/n","Centro","61830","55 4113 1000 ext. 8081 y 8082","https://www.sitios.scjn.gob.mx/casascultura/casas-cultura-juridica/ario-de-rosales-michoacan","sedehistorica@mail. scjn.gob.mx",-101.70827,19.20856,"http://sic.gob.mx/ficha.php?table=centro_cultural&table_id=3829","2026-09-25 13:25:18-06"
2358,"Casa de Cultura de Arteaga","2006-10-01","",16,"Michoacán de Ocampo",10,"Arteaga",1,"Arteaga","Unidad Deportiva 1","Centro","","443 919 0419 whatsapp","","",-102.29638,18.35325,"http://sic.gob.mx/ficha.php?table=centro_cultural&table_id=2358","2025-11-28 16:43:07-06"
2359,"Casa de Cultura Briseñas","2008-07-07","Ayuntamiento de Briseñas",16,"Michoacán de Ocampo",11,"Briseñas",1,"Briseñas de Matamoros","Josefa Ortíz de Domínguez 2","Centro","59120","393 935 06 55","","ayuntamientobrisenas24.27@gmail.com",-102.56125,20.27433,"http://sic.gob.mx/ficha.php?table=centro_cultural&table_id=2359","2025-11-28 14:37:03-06"
664,"Casa de la Cultura de Tomatlán","2002-01-01","Ayuntamiento de Tomatlán",16,"Michoacán de Ocampo",12,"Buenavista",1,"Buenavista Tomatlán","Av. Morelos Sur s/n","Centro","60500","426 572 08 23","","buenavistamich@hotmail.com, contacto@buenavista.gob.mx",-102.58667,19.20662,"http://sic.gob.mx/ficha.php?table=centro_cultural&table_id=664","2025-12-01 13:48:46-06"
2356,"Casa de la Cultura Damián Alcazar","2023-02-04","Municipio de Copándaro",16,"Michoacán de Ocampo",18,"Copándaro",1,"Copándaro de Galeana","Miguel Hidalgo s/n","Centro","","","","culturaeduciencia@copandaro.gob.mx",-101.21768,19.897,"http://sic.gob.mx/ficha.php?table=centro_cultural&table_id=2356","2025-12-08 14:40:15-06"
3901,"Casa de la Cultura de Cotija A.C. ","2019-05-18","",16,"Michoacán de Ocampo",19,"Cotija",1,"Cotija de la Paz","Zaragoza 322","Centro","59940","354 115 8748 ","","casadelaculturacotija@gmail.com",-102.70246,19.8042,"http://sic.gob.mx/ficha.php?table=centro_cultural&table_id=3901","2025-12-09 12:36:42-06"
3963,"Casa de la Cultura y el Artesano","1000-01-01","Ayuntamiento de Cuitzeo",16,"Michoacán de Ocampo",20,"Cuitzeo",1,"Cuitzeo del Porvenir","Javier Mina 18","Centro ","58840","","","",-101.13858,19.96971,"http://sic.gob.mx/ficha.php?table=centro_cultural&table_id=3963","2025-12-09 14:01:52-06"
2360,"Casa de la Cultura de Charapan","2008-11-01","Ayuntamiento de Charapan",16,"Michoacán de Ocampo",21,"Charapan",1,"Charapan","Cleto García 262 entre Emiliano Zapata y Libertad","Centro","60240","","https://charapanmich.gob.mx/","",-102.25159,19.64933,"http://sic.gob.mx/ficha.php?table=centro_cultural&table_id=2360","2025-12-02 12:28:56-06"
1864,"Casa de la Cultura de Charo","2008-01-01","Ayuntamiento de Charo",16,"Michoacán de Ocampo",22,"Charo",1,"Charo","Av. Lázaro Cardenas s/n","Centro","61300","","","casaculturacharo@hotmail.com",-101.04472,19.74675,"http://sic.gob.mx/ficha.php?table=centro_cultural&table_id=1864","2025-12-02 14:22:38-06"
1865,"Casa de la Cultura Púrhepecha","2004-12-28","Ayuntamiento de Cherán",16,"Michoacán de Ocampo",24,"Cherán",1,"Cherán","Av. Lázaro Cárdenas s/n","","60270","423 594 22 10","","",-101.958,19.68255,"http://sic.gob.mx/ficha.php?table=centro_cultural&table_id=1865","2025-12-03 12:36:42-06"
667,"Casa de Cultura de Chilchota","2009-02-01","Ayuntamiento de Chilchota",16,"Michoacán de Ocampo",25,"Chilchota",1,"Chilchota","Nicolás Romero 301","Centro","59780","351 548 8903","","jorhempiri33@gmail.com",-102.11804,19.84997,"http://sic.gob.mx/ficha.php?table=centro_cultural&table_id=667","2025-12-03 13:48:01-06"
175,"Casa de Cultura Villa Victoria","2014-01-01","Ayuntamiento de Chinicuila",16,"Michoacán de Ocampo",26,"Chinicuila",1,"Villa Victoria","Lázaro Cárdenas s/n","Centro","60820","453 131 0015","","presidencia@gobiernodechinicuila.gob.mx",-103.36926,18.75691,"http://sic.gob.mx/ficha.php?table=centro_cultural&table_id=175","2025-12-16 16:56:14-06"
3966,"Casa de Cultura de Hihuitlán ","2015-01-01","Ayuntamiento de Chinicuila",16,"Michoacán de Ocampo",26,"Chinicuila",64,"Hihuitlán","Domicilio conocido","Centro, Hihuitlán","60820","453 131 0015","","presidencia@gobiernodechinicuila.gob.mx",-103.40139,18.87889,"http://sic.gob.mx/ficha.php?table=centro_cultural&table_id=3966","2025-12-16 16:54:58-06"
3967,"Casa de Cultura Huitzontla","2023-01-01","Ayuntamiento de Chinicuila",16,"Michoacán de Ocampo",26,"Chinicuila",69,"Huitzontla","Domicilio conocido","Centro, Huitzontla","60820","453 131 0015","","presidencia@gobiernodechinicuila.gob.mx",-103.40424,18.63704,"http://sic.gob.mx/ficha.php?table=centro_cultural&table_id=3967","2025-12-16 16:55:28-06"
3968,"Casa de Cultura Tehuantepec","2015-11-14","Ayuntamiento de Chinicuila",16,"Michoacán de Ocampo",26,"Chinicuila",149,"Tehuantepec","Domicilio conocido","Centro, Tehuantepec","60820","453 131 0015","","presidencia@gobiernodechinicuila.gob.mx",-103.30041,18.68667,"http://sic.gob.mx/ficha.php?table=centro_cultural&table_id=3968","2025-12-16 16:55:52-06"
668,"Casa de la Cultura de Churintzio","2015-01-01","Ayuntamiento de Churintzio",16,"Michoacán de Ocampo",28,"Churintzio",1,"Churintzio","Vicente Guerrero 7","Barrio del Refugio","59440","328 518 72 93","","",-102.0683,20.15016,"http://sic.gob.mx/ficha.php?table=centro_cultural&table_id=668","2025-12-08 12:39:21-06"
277,"Casa de la Cultura de Ecuandureo","1000-01-01","Ayuntamiento de Ecuandureo",16,"Michoacán de Ocampo",30,"Ecuandureo",1,"Ecuandureo","Francisco Villa 13","Centro","59730","351 215 6842","","",-102.19429,20.16481,"http://sic.gob.mx/ficha.php?table=centro_cultural&table_id=277","2025-12-10 14:18:34-06"
1984,"Casa de la Cultura de Epitacio Huerta","2002-01-01","Ayuntamiento de Epitacio Huerta",16,"Michoacán de Ocampo",31,"Epitacio Huerta",1,"Epitacio Huerta","Ignacio Aldama s/n esq. Vasco de Quiroga","Centro","61000","","https://www.epitacio-huerta.gob.mx/tu-municipio/atractivos-turisticos","mpio.epitaciohuerta@gmail.com",-100.29315,20.1345,"http://sic.gob.mx/ficha.php?table=centro_cultural&table_id=1984","2025-12-10 14:48:11-06"
2362,"Casa de la Cultura ","2009-07-01","Ayuntamiento de Gabriel Zamora",16,"Michoacán de Ocampo",33,"Gabriel Zamora",1,"Lombardía","Dante Cussi s/n","Centro","61730","422 521 56 73 Presidencia Municipal","","presi_gz@hotmail.com",-102.05769,19.15954,"http://sic.gob.mx/ficha.php?table=centro_cultural&table_id=2362","2023-11-27 07:00:48-06"
2355,"Casa de la Cultura ","2001-04-27","Ayuntamiento de Ciudad Hidalgo/Instituto de Educación y Cultura",16,"Michoacán de Ocampo",34,"Hidalgo",1,"Ciudad Hidalgo","Cuauhtémoc Sur 63, 1er piso","Centro","61100","786 154 11 06","https://www.hidalgomich.gob.mx/?fbclid=IwAR0fDLkmgR5dQ3m2_njYiSHakQyuVHnfipX9hbbmQecEya8h0v60Dh7FQJ0","",-100.55522,19.68561,"http://sic.gob.mx/ficha.php?table=centro_cultural&table_id=2355","2025-12-11 18:06:27-06"
1240,"Casa de la Cultura Diego Rivera","2003-09-01","Ayuntamiento de Huandacareo",16,"Michoacán de Ocampo",36,"Huandacareo",1,"Huandacareo","Hidalgo Pte. 29","Centro","58821","443 200 0952","https://www.facebook.com/people/Gobierno-de-Huandacareo/61565385593315/","casadeculturadiegorivera@gmail.com",-101.27653,19.98981,"http://sic.gob.mx/ficha.php?table=centro_cultural&table_id=1240","2025-12-12 14:23:05-06"
669,"Casa de Cultura  Huetamo","1993-01-01","Municipio de Huetamo",16,"Michoacán de Ocampo",38,"Huetamo",1,"Huetamo de Núñez","Curatame 12","El Toreo","61940","435 688 0865","","culturahuetamo2021.2024@gmail.com",-100.8976,18.63279,"http://sic.gob.mx/ficha.php?table=centro_cultural&table_id=669","2025-12-12 17:58:13-06"
2363,"Casa de Cultura de Indaparapeo","2004-07-04","Ayuntamiento de Indaparapeo",16,"Michoacán de Ocampo",40,"Indaparapeo",1,"Indaparapeo","Morelos s/n","Centro","58970","451 352 01 44 ext. 112","","indaparapeomich20242027@gmail.com",-100.97016,19.78968,"http://sic.gob.mx/ficha.php?table=centro_cultural&table_id=2363","2025-12-17 13:06:44-06"
691,"Casa de Cultura de Irimbo","1000-01-01","Ayuntamiento de Irimbo",16,"Michoacán de Ocampo",41,"Irimbo",1,"Irimbo","Morelos  32 (dentro del Palacio Municipal)","Centro ","61280","","","irimbocasadecultura@gmail.com",-100.47908,19.69784,"http://sic.gob.mx/ficha.php?table=centro_cultural&table_id=691","2025-12-18 14:10:40-06"
3970,"Centro Cultural Almeyali","2015-07-15","",16,"Michoacán de Ocampo",42,"Ixtlán",1,"Ixtlán de los Hervores","Hidalgo 63","Centro","59280","351 168 5435","","blanares@gmail.com; aresblangel@gmail.com",-102.39503,20.17055,"http://sic.gob.mx/ficha.php?table=centro_cultural&table_id=3970","2026-01-09 13:18:18-06"
670,"Casa de la Cultura de Jacona","1983-04-25","Patronato de la Casa de Cultura, A.C.",16,"Michoacán de Ocampo",43,"Jacona",1,"Jacona de Plancarte","Zaragoza  84","Centro","59800","351 516 30 45","http://www.jacona.gob.mx","",-102.3038,19.95677,"http://sic.gob.mx/ficha.php?table=centro_cultural&table_id=670","2026-01-05 13:55:27-06"
696,"Casa de Cultura de Villa Jiménez","2009-01-01","Ayuntamiento de Villa Jiménez",16,"Michoacán de Ocampo",44,"Jiménez",1,"Villa Jiménez","1ro. de Mayo 53","Centro","58784","443 131 2540","","",-101.7493,19.92243,"http://sic.gob.mx/ficha.php?table=centro_cultural&table_id=696","2026-01-07 12:33:53-06"
692,"Casa Cultural de Jiquilpan ","1985-05-21","Secretaria de Cultura del Estado de Michoacán",16,"Michoacán de Ocampo",45,"Jiquilpan",1,"Jiquilpan de Juárez","Portal 5 de Mayo 50","Centro","59510","353 533 07 45","","admccj@hotmail.com",-102.71946,19.9911,"http://sic.gob.mx/ficha.php?table=centro_cultural&table_id=692","2026-01-06 13:10:44-06"
684,"Casa de Cultura de Benito Juárez","2025-10-03","Ayuntamiento de Benito Juárez",16,"Michoacán de Ocampo",46,"Juárez",1,"Benito Juárez","Av, Revolución s/n","Centro","61570","786 192 31 09","","",-100.43342,19.31234,"http://sic.gob.mx/ficha.php?table=centro_cultural&table_id=684","2026-01-12 12:09:23-06"
704,"Casa de Cultura de Jungapeo José de Jesús Reyes García","2008-01-14","Ayuntamiento de Jungapeo",16,"Michoacán de Ocampo",47,"Jungapeo",1,"Jungapeo de Juárez","Emiliano Zapata 101","Centro","61470","715  157 0007 ","","",-100.49506,19.45496,"http://sic.gob.mx/ficha.php?table=centro_cultural&table_id=704","2026-01-09 18:01:34-06"
697,"Casa de Cultura Villa Madero","1999-03-01","Ayuntamiento de Madero",16,"Michoacán de Ocampo",49,"Madero",1,"Villa Madero","Portal Madero 10","Centro","58480","459 341 20 04  ","","maderomich2124@gmail.com",-101.27728,19.39259,"http://sic.gob.mx/ficha.php?table=centro_cultural&table_id=697","2026-04-16 13:29:13-06"
673,"Casa de la Cultura de Maravatío","1995-04-23","Ayuntamiento de Maravatío",16,"Michoacán de Ocampo",50,"Maravatío",1,"Maravatío de Ocampo","Vasco de Quiroga 45","Centro","61250","447  478 43 63","https://ayuntamientomaravatio.gob.mx/?fbclid=IwY2xjawPXRetleHRuA2FlbQIxMABicmlkETF4SG4xT3d1bnZMMEQ0Um5wc3J0YwZhcHBfaWQQMjIyMDM5MTc4ODIwMDg5MgABHt_JznqvhWEYMiFJ-HMugFAV3oi2DG7J4sFUjZ7PDG95DoFwoSIWO-PTH0Nm_aem_e34wfkos-xDiMUrXVYcAqw","casadecultura@ayuntamientomaravatio.gob.mx; culturayturismo_maravatio@hotmail.com",-100.44252,19.8938,"http://sic.gob.mx/ficha.php?table=centro_cultural&table_id=673","2026-01-16 11:17:22-06"
182,"Casa de Cultura Rosa González Cárdenas de San José de Gracia","2008-11-01","Ayuntamiento de San José de Gracia",16,"Michoacán de Ocampo",51,"Marcos Castellanos",1,"San José de Gracia","Quiroga 11","Centro","59500","331 870 4723","","casadecultura.rgc@gmail.com",-103.02401,19.98969,"http://sic.gob.mx/ficha.php?table=centro_cultural&table_id=182","2026-01-16 12:49:03-06"
686,"Casa de la Cultura José Vasconcelos","1979-02-12","Ayuntamiento de Lázaro Cárdenas",16,"Michoacán de Ocampo",52,"Lázaro Cárdenas",1,"Ciudad Lázaro Cárdenas","Av. Camichin s/n","2do. Sector del Fidelac","50960","753 532 1771 ","","casadelaculturajv@hotmail.com",-102.20739,17.95799,"http://sic.gob.mx/ficha.php?table=centro_cultural&table_id=686","2026-01-13 17:30:55-06"
3972,"Centro Cultural ArcelorMittal","2007-01-01","Centro Cultural ArcelorMittal",16,"Michoacán de Ocampo",52,"Lázaro Cárdenas",1,"Ciudad Lázaro Cárdenas","Gral. Francisco J. Múgica 345","Centro","","753 537 0638","","centroculturalarcelormittal@gmail.com",-102.19462,17.95289,"http://sic.gob.mx/ficha.php?table=centro_cultural&table_id=3972","2026-01-13 12:51:49-06"
3974,"Centro Cultural Júksikani","2014-01-01","",16,"Michoacán de Ocampo",52,"Lázaro Cárdenas",77,"Las Guacamayas","Av. Circunvalación Lázaro Cárdenas 1382","Campamento obrero","","753 109 36 58 whatsapp","","",-102.21045,18.02406,"http://sic.gob.mx/ficha.php?table=centro_cultural&table_id=3974","2026-01-13 14:46:16-06"
3973,"Centro Cultural La Parota","1919-01-01","Centro Cultural La Parota (A:C.)",16,"Michoacán de Ocampo",52,"Lázaro Cárdenas",127,"La Mira","Las Truchas, Ret. 4 núm. 55-A","Centro","","753 104 3710","","maconchit@gmail.com",-102.32736,18.03216,"http://sic.gob.mx/ficha.php?table=centro_cultural&table_id=3973","2026-01-13 13:15:42-06"
1669,"Centro Mexicano para la Música y las Artes Sonoras (CMMAS)","2006-09-01","Secretaría de Cultura/CENART, Secretaría de Cultura del Estado de Michoacán",16,"Michoacán de Ocampo",53,"Morelia",1,"Morelia","Morelos Nte. 485","Centro","58000","443 317 56 79","http://www.cmmas.org","info@cmmas.org; rodrigo@cmmas.org; contenedordearte@gmail.com",-101.19126,19.70639,"http://sic.gob.mx/ficha.php?table=centro_cultural&table_id=1669","2026-02-23 13:09:15-06"
3295,"Centro Cultural Titerelia","2020-01-05","",16,"Michoacán de Ocampo",53,"Morelia",1,"Morelia","Av. Erandeni 700, planta alta","Col. Erandeni","58800","443  270 9493","","",-101.17886,19.75206,"http://sic.gob.mx/ficha.php?table=centro_cultural&table_id=3295","2026-04-20 14:04:18-06"
968,"Centro Cultural Universitario de la UMSNH","1993-09-24","Universidad Michoacana de San Nicolás de Hidalgo",16,"Michoacán de Ocampo",53,"Morelia",1,"Morelia","Av. Madero Pte. 350 esq. Galeana","Centro","58000","443 317 02 53","https://www.difusioncultural.umich.mx/acerca-de-nosotros/departamentos/centro-cultural-universitario","dpto.centro.cultural.universitario.sdceu@umich.mx",-101.19489,19.70273,"http://sic.gob.mx/ficha.php?table=centro_cultural&table_id=968","2026-01-07 13:46:33-06"
2797,"Centro Cultural Morelia","2013-03-06","UNAM",16,"Michoacán de Ocampo",53,"Morelia",1,"Morelia","Av. Acueducto 19","Centro","58000","443 410 0517","https://www.enesmorelia.unam.mx/unam-centro-cultural-morelia/","centrocutural@enesmorelia.unam.mx",-101.18124,19.70206,"http://sic.gob.mx/ficha.php?table=centro_cultural&table_id=2797","2026-10-01 11:42:52-06"
3843,"Casa de los Saberes Jurídicos en Morelia Ministro Felipe Tena Ramírez ","1999-11-12","Suprema Corte de Justicia de la Nación (SCJN) ",16,"Michoacán de Ocampo",53,"Morelia",1,"Morelia","Av. Morelos Sur 193, esq. Antonio Alzate","Centro","58000","55 4113 1000 ext. 8535 y 8532","https://www.sitios.scjn.gob.mx/casascultura/casas-cultura-juridica/morelia-michoacan","ccjmorelia@mail.scjn.gob.mx",-101.1913,19.70137,"http://sic.gob.mx/ficha.php?table=centro_cultural&table_id=3843","2026-09-25 13:32:10-06"
3405,"Centro Cultural Allende 637","2022-05-16","A.C.",16,"Michoacán de Ocampo",53,"Morelia",1,"Morelia","Allende 637","Centro","58000"," 443 620 00 44","https://allende637.mx/"," contacto@allende637.mx ",-101.19762,19.70172,"http://sic.gob.mx/ficha.php?table=centro_cultural&table_id=3405","2026-01-16 14:16:06-06"
253,"Casa de la Cultura de Morelia","1978-01-01","Secretaría de Cultura del Estado de Michoacán",16,"Michoacán de Ocampo",53,"Morelia",1,"Morelia","Av. Morelos Norte 485","Centro","58000","443 688 48 25","https://www.casaculturamorelia.michoacan.gob.mx/","direccion.casadeculturamorelia@gmail.com",-101.19179,19.7063,"http://sic.gob.mx/ficha.php?table=centro_cultural&table_id=253","2026-01-16 13:52:51-06"
2798,"Centro Cultural Tres Marías","2012-04-01","Promotora Cultural de Morelia, A.C.",16,"Michoacán de Ocampo",53,"Morelia",1,"Morelia","Av. Alfredo Zalce 4500","Col. Cd. Tres Marías","58254","443 204 6049","https://www.ccc3m.com/","centrocultural3m@gmail.com",-101.12616,19.71006,"http://sic.gob.mx/ficha.php?table=centro_cultural&table_id=2798","2026-09-24 13:58:00-06"
3074,"Nano Centro Cutura M","2017-01-01","",16,"Michoacán de Ocampo",53,"Morelia",1,"Morelia","Jardín Villalongin 62 P.A.","Centro","58000","(443) 257 43 09 ","","",-101.18237,19.70351,"http://sic.gob.mx/ficha.php?table=centro_cultural&table_id=3074","2025-09-05 19:16:51-06"
194,"Casa de Cultura de San Juanito Itzícuaro","1000-01-01","Ayuntamiento de Morelia/Secretaría de Cultura",16,"Michoacán de Ocampo",53,"Morelia",1,"Morelia","20 de Noviembre s/n","","58000","443 322 9511","https://www.morelia.gob.mx/","presidencia@morelia.gob.mx",0,0,"http://sic.gob.mx/ficha.php?table=centro_cultural&table_id=194","2026-08-26 10:21:14-06"
2100,"Centro Cultural Clavijero","2008-02-08","Secretaría de Cultura del Estado de Michoacán",16,"Michoacán de Ocampo",53,"Morelia",1,"Morelia","Nigromante 79","Centro Histórico","58000","443 312 04 12 ","https://ccclavijero.mx/","info@ccclavijero.mx",-101.19543,19.70358,"http://sic.gob.mx/ficha.php?table=centro_cultural&table_id=2100","2025-08-06 13:18:29-06"
698,"Casa de Cultura Prof. J. Guadalupe Díaz Martínez","1999-01-01","Ayuntamiento de Morelos",16,"Michoacán de Ocampo",54,"Morelos",1,"Villa Morelos","Martínez Figueroa s/n ","Centro","58800","438 387 30 86","","hmorelos24.27@gmail.com",-101.41659,20.00456,"http://sic.gob.mx/ficha.php?table=centro_cultural&table_id=698","2026-02-27 11:29:56-06"
180,"Casa de Cultura Dante Cusi","2001-01-01","Ayuntamiento de Múgica",16,"Michoacán de Ocampo",55,"Múgica",1,"Nueva Italia de Ruiz","Plan de Iguala 90","Libertad","61760","425 535 20 95 ext. 112","   ","casadelacultura.dantecusi@gmail.com",-102.08685,19.02879,"http://sic.gob.mx/ficha.php?table=centro_cultural&table_id=180","2025-12-11 18:09:10-06"
2374,"Casa de Cultura K´umánchikua Mimixekuarhu P`urhé P`ukutapu Jauatseni Anapu","1000-01-01","Casa de la Cultura P`urhé, A.R.",16,"Michoacán de Ocampo",56,"Nahuatzen",1,"Nahuatzen","Av. 18 de Marzo esq. Morelos","Centro","60280","452 135 9493","","palenquepurhe@yahoo.com.mx",-101.91832,19.65589,"http://sic.gob.mx/ficha.php?table=centro_cultural&table_id=2374","2026-02-27 14:37:38-06"
2366,"Casa de la Cultura Sevina","1999-01-01","Ayuntamiento de Nahuatzen",16,"Michoacán de Ocampo",56,"Nahuatzen",1,"Nahuatzen","Domicilio conocido","","60280","452 518 96 97","","cultura_turismo_nahuatzen@hotmail.com",-101.91714,19.65407,"http://sic.gob.mx/ficha.php?table=centro_cultural&table_id=2366","2026-03-05 13:33:11-06"
2365,"Casa de Cultura T`arhesï Újpeme (Dios Creador)","1000-01-01","Ayuntamiento de Nahuatzen",16,"Michoacán de Ocampo",56,"Nahuatzen",3,"Comachuén","Hidalgo s/n","Centro","60280","","","ikikuri@gmail.com",0,0,"http://sic.gob.mx/ficha.php?table=centro_cultural&table_id=2365","2026-02-27 14:40:05-06"
181,"Casa de la Cultura de Nuevo Parangaricutiro","1998-11-06","Ayuntamiento de Parangaricutiro",16,"Michoacán de Ocampo",58,"Nuevo Parangaricutiro",1,"Nuevo San Juan Parangaricutiro","Av. Mariano Matamoros 55, ","Barrio San Mateo","60490","452 157 2197","","gobiernomunicipalnsjp@gmail.com",-102.13305,19.41995,"http://sic.gob.mx/ficha.php?table=centro_cultural&table_id=181","2026-03-06 16:38:00-06"
2367,"Casa de Cultura de Pajacuarán","1998-02-01","Ayuntamiento de Pajacuarán",16,"Michoacán de Ocampo",62,"Pajacuarán",1,"Pajacuarán","Aldama s/n","Centro","59180","353 573 00 95, 353 573 0115","https://www.facebook.com/reel/1256449662852955","presidencia@pajacuaran.gob.mx",-102.56512,20.1186,"http://sic.gob.mx/ficha.php?table=centro_cultural&table_id=2367","2026-03-06 18:06:03-06"
2368,"Casa de la Cultura de Paracho","1992-03-01","Ayuntamiento de Paracho/Dirección de Cultura",16,"Michoacán de Ocampo",65,"Paracho",1,"Paracho de Verduzco","Francisco de Castro s/n esq. Av. 20 de Noviembre","Centro","60250","423 525 12 59","https://paracho.gob.mx","cultura@paracho.gob.mx",-102.0479,19.64705,"http://sic.gob.mx/ficha.php?table=centro_cultural&table_id=2368","2026-03-06 18:11:38-06"
3075,"Centro Cultural La Jacaranda Cultural Pátzcuaro","2016-03-01","",16,"Michoacán de Ocampo",66,"Pátzcuaro",1,"Pátzcuaro","Dr. Coss José María Coss 4","Centro","61600","434 342 07 58","https://www.sniffhotels.com/mx/que-hacer/michoacan/patzcuaro/la-jacaranda-cultural-patzcuaro","lajacarandacultural@gmail.com",-101.60887,19.51231,"http://sic.gob.mx/ficha.php?table=centro_cultural&table_id=3075","2026-03-26 14:25:59-06"
259,"Centro Cultural Antiguo Colegio Jesuita -Pátzcuaro","1994-11-01","Secretaria de Cultura del Estado de Michoacán",16,"Michoacán de Ocampo",66,"Pátzcuaro",1,"Pátzcuaro","Enseñanza s/n esq. Alcantarilla","Centro","61600","434 342 31 27","https://cultura.michoacan.gob.mx/noticias/talleres-del-centro-cultural-antiguo-colegio-jesuita/","colegio.jesuita@yahoo.com.mx; ccacjesuita@gmail.com",-101.60695,19.51311,"http://sic.gob.mx/ficha.php?table=centro_cultural&table_id=259","2026-03-26 13:38:43-06"
3946,"El Gran Calavera espacio cultural independiente ","2016-07-01","",16,"Michoacán de Ocampo",66,"Pátzcuaro",1,"Pátzcuaro","Ahumada 11","Centro","61608","434 542 11 89  ","","espacioelgrancalavera@gmail.com",-101.60777,19.5147,"http://sic.gob.mx/ficha.php?table=centro_cultural&table_id=3946","2025-10-13 17:56:13-06"
3358,"La Mano Gráfica","1000-01-01","",16,"Michoacán de Ocampo",66,"Pátzcuaro",1,"Pátzcuaro","Arciga 20","Col. Centro","61600","434 342 5199","https://www.lamanograficamx.com/print-residencies","lamanograficapatz@gmail.com",-101.60723,19.51472,"http://sic.gob.mx/ficha.php?table=centro_cultural&table_id=3358","2026-03-31 13:37:04-06"
2369,"Casa de Cultura de Penjamillo","2008-01-01","Ayuntamiento de Penjamillo",16,"Michoacán de Ocampo",67,"Penjamillo",1,"Penjamillo de Degollado","Morelos 7, (actual Presidencia Municipal)","Centro","59470","359 524 00 16","","penjamillo2427@gmail.com , penjamillodegollado@gmail.com",-101.93405,20.10454,"http://sic.gob.mx/ficha.php?table=centro_cultural&table_id=2369","2026-03-09 14:03:46-06"
2370,"Casa de Cultura Pirhúaani de  Peribán","2008-09-01","Ayuntamiento de Peribán             ",16,"Michoacán de Ocampo",68,"Peribán",1,"Peribán de Ramos","Benito Juárez 23","Centro","60440","354 551 12 50","http://www.periban.gob.mx","cultura@coordinadores.periban.gob.mx",-102.41337,19.51953,"http://sic.gob.mx/ficha.php?table=centro_cultural&table_id=2370","2026-03-10 13:49:21-06"
676,"Casa de Cultura de La Piedad","1998-08-01","Casa de Cultura de La Piedad, A.C.",16,"Michoacán de Ocampo",69,"La Piedad",1,"La Piedad de Cabadas","Mariano Jiménez 500","Centro","59300","352  207 6094 whatsapp","","eliseosolis67@gmail.com",-102.03061,20.34346,"http://sic.gob.mx/ficha.php?table=centro_cultural&table_id=676","2026-09-10 13:00:28-06"
3314,"Sé Arte Centro Cultural","2018-08-21","Particular",16,"Michoacán de Ocampo",69,"La Piedad",1,"La Piedad de Cabadas","Mariano Silva y Aceves 88","Centro","59300","222 567 3511","","searte.centrocultural@gmail.com",-102.02214,20.33924,"http://sic.gob.mx/ficha.php?table=centro_cultural&table_id=3314","2026-09-10 13:11:13-06"
677,"Casa de Cultura de Purépero","2002-06-01","Ayuntamiento de Purépero",16,"Michoacán de Ocampo",70,"Purépero",1,"Purépero de Echáiz","Calle Acuario 130","Centro","58760","471 366 13 17","","casadeculturapurepero hotmail.com;  casadeculturapurepero2019@gmail.com",-102.00872,19.91447,"http://sic.gob.mx/ficha.php?table=centro_cultural&table_id=677","2026-03-26 13:10:28-06"
268,"Casa de la Cultura Maximiliano Zavala","1980-12-08","Casa de la Cultura Maximiliano Zavala, A.C.",16,"Michoacán de Ocampo",71,"Puruándiro",1,"Puruándiro","Guerrero 26","Centro","58500","438 383 00 63","https://www.facebook.com/Casa-Cultura-Maximiliano-Zavala-1814266982146089/","ccpuruandiro@hotmail.com",-101.5173,20.08822,"http://sic.gob.mx/ficha.php?table=centro_cultural&table_id=268","2026-03-26 12:17:29-06"
2375,"Casa de Cultura de Queréndaro","1000-01-01","Ayuntamiento de Queréndaro",16,"Michoacán de Ocampo",72,"Queréndaro",1,"Queréndaro","Hidalgo 22","Centro","58980","451 352 61 49 ext. 23, 442 460 2664","https://querendaro.gob.mx/","",-100.88404,19.80983,"http://sic.gob.mx/ficha.php?table=centro_cultural&table_id=2375","2026-03-31 14:50:23-06"
178,"Casa de Cultura Cojumatlán","2005-09-01","Ayuntamiento de Cojumatlán",16,"Michoacán de Ocampo",74,"Cojumatlán de Régules",1,"Cojumatlán de Régules","Cuauhtémoc  18 PA esq. Morelos y Dolores Acuña","Centro","59140","381 536 04 40 Presidencia Mpal.","","ayuntamientocojumatlan2427@gmail",-102.85112,20.1191,"http://sic.gob.mx/ficha.php?table=centro_cultural&table_id=178","2025-12-11 12:22:10-06"
3997,"Centro Multidisciplinario Cultural  Los Reyes","2025-06-02","",16,"Michoacán de Ocampo",75,"Los Reyes",1,"Los Reyes de Salgado","Villa Romana 24","Villa Oriental","","354 122 9274","","culturalosreyes@outlook.es",-102.47468,19.58897,"http://sic.gob.mx/ficha.php?table=centro_cultural&table_id=3997","2026-06-19 14:03:27-06"
688,"Casa de la Cultura Maestra Petrita Cortés de Sahagún","1988-02-01","Casa de la Cultura Sahuayense, Maestra Petra Cortés de Sahagún, A.C.",16,"Michoacán de Ocampo",76,"Sahuayo",1,"Sahuayo de Morelos","Blvd. Lázaro Cárdenas 120","Centro","59000","353 532 19 75","","vic_hug12@hotmail.com",-102.71662,20.05623,"http://sic.gob.mx/ficha.php?table=centro_cultural&table_id=688","2026-04-09 14:19:13-06"
848,"Casa de Cultura Turipécuaro","1996-09-09","Ayuntamiento de San Lucas",16,"Michoacán de Ocampo",77,"San Lucas",1,"San Lucas","Emiliano Zapata 4","Centro","61980","435 678 3005","","ecyt@sanlucasmic.gob.mx",-100.78535,18.58814,"http://sic.gob.mx/ficha.php?table=centro_cultural&table_id=848","2026-04-16 11:34:51-06"
2376,"Casa de Cultura Santa Ana Maya ","2006-05-01","Ayuntamiento de Santa Ana Maya",16,"Michoacán de Ocampo",78,"Santa Ana Maya",1,"Santa Ana Maya","Allende esq. Fernando Montes de Oca s/n","Centro","58900","455 384 20 73","","casaculturasam@gmail.com",-101.02493,20.00709,"http://sic.gob.mx/ficha.php?table=centro_cultural&table_id=2376","2026-04-20 11:23:07-06"
707,"Casa de la Cultura de Tacámbaro Marcos A. Jiménez","2011-05-15","Ayuntamiento de Tacámbaro",16,"Michoacán de Ocampo",82,"Tacámbaro",1,"Tacámbaro de Codallos","Vicente Guerrero 46","Centro","61650","459 596 0020","","casaculturatacambaro@gmail.com",-101.45892,19.23709,"http://sic.gob.mx/ficha.php?table=centro_cultural&table_id=707","2026-06-25 08:38:02-06"
221,"Casa de Cultura de Tancítaro","2008-11-01","Ayuntamiento de Tancítaro",16,"Michoacán de Ocampo",83,"Tancítaro",1,"Tancítaro","Nicolas Bravo s/n esq. Morelos y Juárez","Centro","60460","425 591 50 85 ext. 109","","",-102.36477,19.34218,"http://sic.gob.mx/ficha.php?table=centro_cultural&table_id=221","2026-04-15 12:33:31-06"
1985,"Casa de Cultura de Santiago Tangamandapio","2003-11-01","Ayuntamiento de Tangamandapio",16,"Michoacán de Ocampo",84,"Tangamandapio",1,"Santiago Tangamandapio","Justo Sierra 4","Adolfo López Mateos","59920","383 518 40 32","https://l.facebook.com/l.php?u=https%3A%2F%2Fwww.tangamandapio.gob.mx%2F%3Ffbclid%3DIwAR3shGASx7eK_QPrYFnNQTxaFubZgA-KDIgwxWXumc4YQeM1b8Pt0izxMZ8&h=AT31xeQlv5xYvilDTNn4fhoJMRJwFvJlVpI6oo3fB_rBKCSwlRAhu9A-idQJNOY4HQErJ8xMw-3e9T9Flm0FXENXQAgvd3TbbiNp3C571xBRSY3tcWZA6_JF5yfZvdeEXQlo9w","casacultura_tangamandapio@hotmail.com; ayuntamiento.tgpio2021.2024@gmail.com",-102.43455,19.95683,"http://sic.gob.mx/ficha.php?table=centro_cultural&table_id=1985","2026-04-15 13:43:11-06"
708,"Casa de Cultura de Tanhuato","2000-07-01","Ayuntamiento de Tanhuato",16,"Michoacán de Ocampo",86,"Tanhuato",1,"Tanhuato de Guerrero","Portal Hidalgo 19","Centro","59230","356 567 03 25","","",-102.32696,20.28439,"http://sic.gob.mx/ficha.php?table=centro_cultural&table_id=708","2026-04-17 14:29:51-06"
693,"Casa de Cultura Sergio Magaña Hidalgo","1993-05-01","Cultura del Valle de Tepalcatepec, A.C.",16,"Michoacán de Ocampo",89,"Tepalcatepec",1,"Tepalcatepec","Av. Melchor Ocampo 203","Centro","60540","424 536 09 17","https://www.facebook.com/casadeculturatepalcatepec/about","ccteppec@hotmail.com; milateppec@hotmail.com",-102.84259,19.19148,"http://sic.gob.mx/ficha.php?table=centro_cultural&table_id=693","2026-04-21 17:10:20-06"
694,"Casa de Cultura Xavier Vargas Pardo","1996-09-03","Casa de la Cultura de Tingüindín A.C.",16,"Michoacán de Ocampo",91,"Tingüindín",1,"Tingüindín","Matamoros esq. Allende s/n","Col. La Purísima","59980","354 551 3050","","",-102.48179,19.73812,"http://sic.gob.mx/ficha.php?table=centro_cultural&table_id=694","2026-06-22 10:50:26-06"
2380,"Casa de la Cultura de Tiquicheo","1000-01-01","",16,"Michoacán de Ocampo",92,"Tiquicheo de Nicolás Romero",1,"Tiquicheo","Guerrero s/n","Centro","61370","459 384 41 85 Pcia. Mpal.","","culturatiquicheo@gmail.com",-100.73662,18.9014,"http://sic.gob.mx/ficha.php?table=centro_cultural&table_id=2380","2026-04-23 13:35:29-06"
2726,"Casa de la  Cultura de Tocumbo Mario Andrade","1000-01-01","",16,"Michoacán de Ocampo",95,"Tocumbo",40,"Santa Clara de Valladares","Modesto Barreto s/n","Centro","59961","354 558 10 80","","",-102.49148,19.63738,"http://sic.gob.mx/ficha.php?table=centro_cultural&table_id=2726","2026-06-19 14:36:45-06"
847,"Casa de la Cultura Melchor Ocampo","1000-01-01","Ayuntamiento de Tuxpan",16,"Michoacán de Ocampo",98,"Tuxpan",1,"Tuxpan","Prol. Ignacio Zaragoza s/n","Centro","61420","786 155 16 86","","culturayturismo@tuxpanmichoacan.gob.mx",-100.46369,19.56615,"http://sic.gob.mx/ficha.php?table=centro_cultural&table_id=847","2023-11-17 06:01:09-06"
234,"Casa de la Cultura de Tuzantla","2016-12-31","Ayuntamiento de Tuzantla",16,"Michoacán de Ocampo",99,"Tuzantla",1,"Tuzantla","Nicolás Romero Ote. s/n","Centro","61540","786 192 01 05","https://www.tuzantla.gob.mx/","t",-100.5718,19.20859,"http://sic.gob.mx/ficha.php?table=centro_cultural&table_id=234","2026-06-22 12:47:06-06"
2801,"Centro Cultural Comunitario Tzintzuntzan","2006-01-01","Patronato (concejo de la comunidad)",16,"Michoacán de Ocampo",100,"Tzintzuntzan",1,"Tzintzuntzan","Av. Lázaro Cárdenas, atrio de los Olivos","Zona Centro","58440","434 344 3005","https://www.facebook.com/museofranciscanoXVI/?locale=es_LA","cagt2706@gmail.com",-101.57939,19.62597,"http://sic.gob.mx/ficha.php?table=centro_cultural&table_id=2801","2026-06-23 11:52:05-06"
3410,"Centro Cultural Fábrica de San Pedro","2022-04-08","Fundación Javier Marín/Ayuntamiento de Uruapán",16,"Michoacán de Ocampo",102,"Uruapan",1,"Uruapan","Miguel Treviño 100","Centro","60000 ","452 688 29 74","https://fabricadesanpedro.com/","comunidades@fundacionjaviermarin.mx",-102.06874,19.41686,"http://sic.gob.mx/ficha.php?table=centro_cultural&table_id=3410","2026-06-23 13:14:10-06"
251,"Casa de la Cultura Venustiano Carranza","2008-09-03","Ayuntamiento de Venustiano Carranza",16,"Michoacán de Ocampo",103,"Venustiano Carranza",1,"San Pedro Cahro","Independencia 105","Centro","59160","353 572 05 00","","maravilla.arteycultura@hotmail.com",-102.65663,20.11484,"http://sic.gob.mx/ficha.php?table=centro_cultural&table_id=251","2026-06-23 14:47:37-06"
705,"Casa de la Cultura la Palma","1993-10-16","Frente Cívico La Palma, A.C.",16,"Michoacán de Ocampo",103,"Venustiano Carranza",7,"La Palma (La Palma de Jesús)","Ignacio Allende 1","Centro","59163","353 572 41 42","","gab0078@yahoo.com",-102.75616,20.14878,"http://sic.gob.mx/ficha.php?table=centro_cultural&table_id=705","2026-06-25 12:25:47-06"
855,"Casa de la Cultura de Vista Hermosa ","2006-01-01","Ayuntamiento de Vista Hermosa",16,"Michoacán de Ocampo",105,"Vista Hermosa",1,"Vista Hermosa de Negrete","Ocampo s/n (camino al Potrero)","Centro","59200","328 524 20 13 y 15 ","https://www.vistahermosa.gob.mx/home.html","presidencia@vistahermosa.gob.mx",-102.48282,20.27065,"http://sic.gob.mx/ficha.php?table=centro_cultural&table_id=855","2026-06-25 13:28:41-06"
712,"Casa de la Cultura Iorekuarhu","1998-09-01","Ayuntamiento de Yurécuaro",16,"Michoacán de Ocampo",106,"Yurécuaro",1,"Yurécuaro","Austacio Zepeda esq. Francisco Villa s/n","Centro","59250","356 568 2273 ","https://yurecuaro.gob.mx/?fbclid=IwY2xjawSqYQdleHRuA2FlbQIxMABicmlkETFscXZvR2NmNXR1bTRqYWhxc3J0YwZhcHBfaWQQMjIyMDM5MTc4ODIwMDg5MgABHu9NNjkw9r_aIFYzI4lG3KFFsPrEhe8t0KRaMHdnLf_hImHMVnFzaiSaVA2V_aem_O7wvT8mb2OEJHKhp998f5w","cultura@yurecuaro.gob.mx",-102.28437,20.33407,"http://sic.gob.mx/ficha.php?table=centro_cultural&table_id=712","2026-06-25 13:48:33-06"
711,"Casa de Cultura Zacapu Tata Agustín García Alcaraz","1977-01-01","Ayuntamiento de Zacapu",16,"Michoacán de Ocampo",107,"Zacapu",1,"Zacapu","Plaza Cívica Morelos s/n ","Centro","58600","436 363 17 74","https://zacapumich.gob.mx/","cultura@zacapumich.gob.mx",-101.79172,19.81942,"http://sic.gob.mx/ficha.php?table=centro_cultural&table_id=711","2026-06-25 18:06:22-06"
2700,"Centro Regional de las Artes de Michoacán (CRAM)","2006-11-23","Secretaría de Cultura del Estado de Michoacán/Dirección de Producción Artística y Desarrollo Cultural",16,"Michoacán de Ocampo",108,"Zamora",1,"Zamora de Hidalgo","Av. 5 de Mayo Sur 185","Col. Jardines de Catedral","59600","351 515 46 66","https://centroregionaldelasartesdemichoacan.wordpress.com; https://centroregionaldelasartesdemichoacan.wordpress.com/","centroregionaldelasartes@gmail.com",-102.28206,19.98308,"http://sic.gob.mx/ficha.php?table=centro_cultural&table_id=2700","2026-04-20 10:25:38-06"
699,"Casa de Cultura del Valle Zamora","2011-11-29","Casa de Cultura del Valle Zamora A.C.",16,"Michoacán de Ocampo",108,"Zamora",1,"Zamora de Hidalgo","Primavera esquina Virrey de Almanza s/n","Col. Las Fuentes","59699","351 512 0811","","casaculturazamora@hotmail.com",-102.27671,19.97512,"http://sic.gob.mx/ficha.php?table=centro_cultural&table_id=699","2026-05-08 11:19:15-06"
700,"Casa de la Cultura de Zinapécuaro","1978-12-01","Ayuntamiento de Zinapécuaro",16,"Michoacán de Ocampo",110,"Zinapécuaro",1,"Zinapécuaro de Figueroa","Av. Hidalgo s/n esq. Av. Morelos","Centro","58930","451 355 01 04 ext. 130","https://zinapecuaromich.gob.mx/?fbclid=IwY2xjawPSGYNleHRuA2FlbQIxMABicmlkETFWYVRqbXZoVmNsMHh3djFqc3J0YwZhcHBfaWQQMjIyMDM5MTc4ODIwMDg5MgABHi37tOB0OD3EJdJ1Z2TXZoivHrHi0fdnSTcCUg5rgLrSIi5a5h5G_OYa60dN_aem_19xRp3DTl-AyOGgx5Emy1Q","cultura@zinapecuaromich.gob.mx ",-100.82762,19.86005,"http://sic.gob.mx/ficha.php?table=centro_cultural&table_id=700","2026-06-29 13:23:58-06"
701,"Casa de Cultura Urbano Bueno Ziracuaretiro","1993-08-23","Ayuntamiento de Ziracuaretiro",16,"Michoacán de Ocampo",111,"Ziracuaretiro",1,"Ziracuaretiro","Riva Palacio 53 esq. Abasolo","Centro","61700","423 593 05 80","http://ziracuaretiro.gob.mx/","presidenciaziracuaretiro@gmail.com",-101.91077,19.41685,"http://sic.gob.mx/ficha.php?table=centro_cultural&table_id=701","2026-06-29 14:39:49-06"
703,"Casa de la Cultura Autónoma Francisco Bernal","1989-12-01","Patronato de la Casa de Cultura",16,"Michoacán de Ocampo",112,"Zitácuaro",1,"Heróica Zitácuaro","Av. Hidalgo Pte. 34","Centro","61518","715 123 45 38","http://www.zitacuaro.gob.mx/","casadeculturafbzit@gmail.com",-100.3532,19.43624,"http://sic.gob.mx/ficha.php?table=centro_cultural&table_id=703","2026-06-29 14:49:57-06"
2377,"Casa de la Cultura  ","2005-01-01","Ayuntamiento de Pastor Ortiz",16,"Michoacán de Ocampo",113,"José Sixto Verduzco",1,"Pastor Ortiz","Av. Miguel Hidalgo 24","Centro","54540","438 698 00 54 ","","",-101.59777,20.30178,"http://sic.gob.mx/ficha.php?table=centro_cultural&table_id=2377","2026-01-07 13:19:27-06"
275,"Casa de Cultura Atlatlahucan","2005-03-01","Ayuntamiento de Atlatlahucan",17,"Morelos",2,"Atlatlahucan",1,"Atlatlahucan","Galeana 6","Barrio San Mateo","62840","735 351 5523","https://www.facebook.com/profile.php?id=100075907544218","cultura@atlatlahucan.gob.mx",-98.90023,18.93572,"http://sic.gob.mx/ficha.php?table=centro_cultural&table_id=275","2024-09-18 13:12:58-06"
3950,"Casa de Cultura Coronel Francisco Franco Salazar","2015-03-04","Movimiento Cultural Coronel Francisco Franco Salazar, A.C..",17,"Morelos",4,"Ayala",149,"Anenecuilco","Libertad s/n","","62710","735 192 52 51, 777 257 6648","https://formacionygestion.cultura.gob.mx/seccion/detalle/casa-de-cultura-coronel-francisco-franco-salazar","movimientoculturalfranco@gmail.com",-98.98647,18.77968,"http://sic.gob.mx/ficha.php?table=centro_cultural&table_id=3950","2026-08-11 12:45:19-06"
1132,"Casa de la Cultura de Cuautla","1969-01-16","Patronato de la Casa de Cultura de Cuautla, A.C.",17,"Morelos",6,"Cuautla",1,"Cuautla","Lauro Ortega 21","Ampl. Emiliano Zapata","62740","735 308 0787","http://www.cuautla.gob.mx/","casadeculturadecuautla123@gmail.com",-98.95722,18.81996,"http://sic.gob.mx/ficha.php?table=centro_cultural&table_id=1132","2024-04-02 11:44:54-06"
192,"Centro Cultural El Callejón","2000-11-22","Consejo Cultural Cuauhtla, A.C.",17,"Morelos",6,"Cuautla",1,"Cuautla","Cjón. de Oviedo 30","Centro","62540","735 354 9145","","consejoculturalcuautla@yahoo.com.mx; mariana2252@hotmail.com",-98.95423,18.81719,"http://sic.gob.mx/ficha.php?table=centro_cultural&table_id=192","2024-09-19 15:29:05-06"
3317,"F4 LIBRE Espacio Cultural Multidisciplinario","2008-01-01","",17,"Morelos",7,"Cuernavaca",1,"Cuernavaca","Nueva Tabachín 13","Col. Tlaltenango","62170","777 372 33 77 y 78","","forof4libre@gmail.com",-99.23472,18.92178,"http://sic.gob.mx/ficha.php?table=centro_cultural&table_id=3317","2024-09-24 12:57:13-06"
3924,"Casa de los Saberes Jurídicos en Cuernavaca Teófilo Olea y Leyva ","1999-04-01","Suprema Corte de Justicia de la Nación (SCJN)",17,"Morelos",7,"Cuernavaca",1,"Cuernavaca","Boulevard Benito Juárez 47 y 49","Col. Las Palmas","62040","55 4113 1000 ext. 8230 y 8238","https://www.sitios.scjn.gob.mx/casascultura/casas-cultura-juridica/cuernavaca-morelos","ccjcuernavaca@mail.scjn.gob.mx",-99.23208,18.91187,"http://sic.gob.mx/ficha.php?table=centro_cultural&table_id=3924","2026-09-25 13:58:53-06"
482,"Centro Cultural Jardín Borda","2012-09-01","Secretaría de Cultura del Estado de Morelos",17,"Morelos",7,"Cuernavaca",1,"Cuernavaca","Av. José María Morelos  207 ","Centro","62000","777 318 10 50","","ccjardinborda@gmail.com",-99.23782,18.92156,"http://sic.gob.mx/ficha.php?table=centro_cultural&table_id=482","2024-09-18 16:56:54-06"
858,"Centro Cultural Infantil La Vecindad","1996-04-11","Secretaría de Cultura del Estado de Morelos",17,"Morelos",7,"Cuernavaca",1,"Cuernavaca","Salazar  1","Centro","62000   ","777 318 99 63, 777 314 52 66 ","https://www.morelos.gob.mx/secretaria-de-cultura/instituciones-relacionadas-secretaria-de-cultura","jaczire.garcia@morelos.gob.mx",-99.23215,18.92175,"http://sic.gob.mx/ficha.php?table=centro_cultural&table_id=858","2025-07-08 13:06:03-06"
3790,"Casa Lázaro Cárdenas y Casa de Cultura con enfoque infantil en Finca Palmira","2022-08-08","Secretaría de Turismo y Cultura del Estado de Morelos",17,"Morelos",7,"Cuernavaca",1,"Cuernavaca","Av. Palmira s/n ","Finca Palmira  ","62493","777 202 7817","https://turismoycultura.morelos.gob.mx/casa-de-cultura-lazaro-cardenas","casacultural.palmira@morelos.gob.mx",-99.22063,18.87764,"http://sic.gob.mx/ficha.php?table=centro_cultural&table_id=3790","2024-09-19 17:32:27-06"
3959,"El Cabaré Centro Cultural","2023-09-16","",17,"Morelos",7,"Cuernavaca",1,"Cuernavaca","Blvd. Benito Juárez 302 - C esq. Cuautemotzin","Centro","62000","+52 55 1824 26 51","http://www.elcabare.com ","culturaalquimista@gmail.com",-99.23401,18.91559,"http://sic.gob.mx/ficha.php?table=centro_cultural&table_id=3959","2025-12-08 18:42:28-06"
1814,"El Manojo, Centro Cultural","2004-04-30","Privado",17,"Morelos",7,"Cuernavaca",1,"Cuernavaca","Prol. Ahuatepec 304 esq. Taxco","Col. Lomas de la Selva ","62270","777 318 07 40 ","","elmanojocultural@yahoo.com.mx; culturaelmanojo@gmail.com",-99.23005,18.93589,"http://sic.gob.mx/ficha.php?table=centro_cultural&table_id=1814","2024-09-23 13:32:42-06"
3085,"Centro de Desarrollo Comunitario Los Chocolates","2018-01-22","Secretaria de Cultura y Turismo del Estado de Morelos",17,"Morelos",7,"Cuernavaca",1,"Cuernavaca","Rubén Darío 201","Col. La Carolina","62190","777 482 86 38","","informes.chocolates@gmail.com",-99.24265,18.93281,"http://sic.gob.mx/ficha.php?table=centro_cultural&table_id=3085","2024-09-19 18:16:54-06"
3031,"Centro Cultural Teopanzolco","2017-08-11","Secretaría de Turismo y Cultura del Estado de Morelos",17,"Morelos",7,"Cuernavaca",1,"Cuernavaca","Río Balsas 22","Col. Vista Hermosa","62290","777 454 59 44","https://www.centroculturalteopanzolco.com/","info@auditorioteopanzolco.mx",-99.22203,18.93044,"http://sic.gob.mx/ficha.php?table=centro_cultural&table_id=3031","2026-01-23 14:33:04-06"
1426,"Centro Cultural La Tallera, Museo Casa-Estudio de David Alfaro Siqueiros","1984-06-01","Secretaría de Cultura/INBA",17,"Morelos",7,"Cuernavaca",1,"Cuernavaca","Venus 52","Col. Jardínes de Cuernavaca","62360","777 315 1115","","latallera@yahoo.com.mx",-99.20485,18.93208,"http://sic.gob.mx/ficha.php?table=centro_cultural&table_id=1426","2026-04-22 13:55:31-06"
3989,"Casa de Cultura María Solís","1000-01-01","Ayuntamiento de Jantetelco/Dirección de Cultura y Turismo",17,"Morelos",10,"Jantetelco",1,"Jantetelco","Vicente Guerrero s/n esq. Benito Juárez","Centro","62977","731 351 3134","","presidencia@jantetelcodematamoros.gob.mx",-98.77722,18.71521,"http://sic.gob.mx/ficha.php?table=centro_cultural&table_id=3989","2026-05-21 14:02:15-06"
1359,"Consejo Ciudadano de Promoción Cultural del Municipio de Jiutepec","2004-01-01","Consejo Ciudadano de Promoción Cultural del Municipio de Jiutepec",17,"Morelos",11,"Jiutepec",1,"Jiutepec","Presidencia Municipal Jiutepec, Plaza Centenario s/n","Centro","62550","777 319 01 25","https://jiutepec.gob.mx/participacion-ciudadana/","atencionciudadana@jiutepec.gob.mx",-99.17682,18.88426,"http://sic.gob.mx/ficha.php?table=centro_cultural&table_id=1359","2026-01-23 17:41:32-06"
590,"Centro Deportivo y Cultural La Perseverancia","1998-11-01","Ayuntamiento de Jojutla",17,"Morelos",12,"Jojutla",1,"Jojutla","Av. Juárez s/n esq. Bvld. 18 de marzo ","Col. Cuauhtémoc","62900","734 342 11 66, 734 342 82 02","http://www.jojutla.gob.mx/portal/","",-99.18325,18.62258,"http://sic.gob.mx/ficha.php?table=centro_cultural&table_id=590","2025-06-11 17:08:46-06"
2926,"Casa de la Cultura de Jonacatepec","2000-01-02","Ayuntamiento de Jonacatepec",17,"Morelos",13,"Jonacatepec de Leandro Valle",1,"Jonacatepec de Leandro Valle","Plaza Emiliano Zapata s/n","Centro","62930","735 278 99 67","","cul.tur.jonacatepec@gmail.com",-98.8035,18.68106,"http://sic.gob.mx/ficha.php?table=centro_cultural&table_id=2926","2023-12-07 05:09:59-06"
2187,"Casa de Cultura de Ocuituco","2009-11-01","Ayuntamiento de  Ocuituco",17,"Morelos",16,"Ocuituco",1,"Ocuituco","Cjón. Molotla 3","Barrio Huepapalco","62850","731 35 701 61","http://www.ocuituco.gob.mx/","contacto@ocuituco.gob.mx",-98.77846,18.87689,"http://sic.gob.mx/ficha.php?table=centro_cultural&table_id=2187","2023-09-21 04:44:58-06"
726,"Casa Regional de Cultura Fundación Rayuela","2009-11-01","Ayuntamiento Municipal de Ocuituco",17,"Morelos",16,"Ocuituco",1,"Ocuituco","Cjón. Molotla s/n, Barrio Tecamachalco s/n","Centro","62850","735 146 26 73","https://redcentrosculturales.morelos.gob.mx/casa-regional-de-cultura-fundacion-rayuela/","casaculturaocuituco@hotmail.com",-98.77911,18.87667,"http://sic.gob.mx/ficha.php?table=centro_cultural&table_id=726","2024-04-23 11:57:02-06"
2870,"Centro Cultural Temixco","2012-11-20","Ayuntamiento de Temixco",17,"Morelos",18,"Temixco",1,"Temixco","20 de Noviembre s/n","Rubén Jaramillo","62599","777 362 18 30","","dic.cultura.temixco@gmail.com ",-99.23898,18.83796,"http://sic.gob.mx/ficha.php?table=centro_cultural&table_id=2870","2024-05-31 13:14:09-06"
3040,"Centro Cultural Quetzalcóatl","2010-11-03","Centro Cultural Quetzalcóatl A.C.",17,"Morelos",18,"Temixco",1,"Temixco","Av. Adolfo López Mateos 32-D","Col. Acatlipa Centro","62590","777 244 5388","","centroculturalquetzalcoatlac@gmail.com; odincruzortiz@gmail.com",-99.23255,18.81904,"http://sic.gob.mx/ficha.php?table=centro_cultural&table_id=3040","2025-08-07 09:41:18-06"
2867,"Centro Cultural Quetzalcóatl","2010-11-03","Centro Cultural Quetalcóatl, A.C.",17,"Morelos",18,"Temixco",1,"Temixco","Adolfo López Mateos 32-I ","Centro","62586","777 244 53 88","","centroculturalquetzalcoatlac@gmail.com; odincruzortiz@gmail.com",-99.23243,18.82014,"http://sic.gob.mx/ficha.php?table=centro_cultural&table_id=2867","2024-09-19 12:37:18-06"
3357,"Centro Cultural Huitzil Azul","2018-10-28","Desarrollo Pragmático de las Capacidades Humanas, A.C.",17,"Morelos",18,"Temixco",1,"Temixco","Emiliano Zapata 3","localidad Acatlipa, Centro","62586	","777 550 13 62","https://centro-cultural-pragmatic-acatlipa.negocio.site/","pragmatic@live.com.mx",-99.22801,18.82728,"http://sic.gob.mx/ficha.php?table=centro_cultural&table_id=3357","2021-08-13 08:38:06-05"
2895,"Centro Cultural Pedro López Elías","2014-08-30","Fundación Pedro López Elías, A.C.",17,"Morelos",20,"Tepoztlán",1,"Tepoztlán","Tecuac 44","Barrio de Santo Domingo","62520","739 395 1699","https://ccple.com/","contacto@ccple.com; avelasco@ccple.com",-99.07892,18.98097,"http://sic.gob.mx/ficha.php?table=centro_cultural&table_id=2895","2026-06-03 10:53:50-06"
2734,"Casa de Cultura de Ixcatepec","2010-12-10","Aniceto Villamar. A.C.",17,"Morelos",20,"Tepoztlán",4,"Ixcatepec","Progreso s/n esq. Av. Morelos","Col. Morelos, Pueblo de Ixcatepec","62525","739 395 14 78","","gloria_dt_@hotmail.com",-99.0793,18.97598,"http://sic.gob.mx/ficha.php?table=centro_cultural&table_id=2734","2021-04-21 05:09:20-05"
2183,"Centro Cultural Vinculart","2006-04-14","Vinculación para el Desarrollo, la Cultura y la Educación, A.C.",17,"Morelos",26,"Tlayacapan",1,"Tlayacapan","Independencia 23","Barrio del Rosario","62540","735 357 67 00","","vinculart2@gmail.com",-98.98655,18.95497,"http://sic.gob.mx/ficha.php?table=centro_cultural&table_id=2183","2024-07-08 11:51:58-06"
956,"Centro Cultura La Cereria","1991-02-02","Asociación Civil",17,"Morelos",26,"Tlayacapan",1,"Tlayacapan","Plaza de la Constitución s/n","Centro","62540","735 357 65 90","https://redcentrosculturales.morelos.gob.mx/centro-cultural-la-cereria/","cctlayacapan@gmail.com",-98.98381,18.95672,"http://sic.gob.mx/ficha.php?table=centro_cultural&table_id=956","2024-04-25 14:42:25-06"
740,"Centro Cultural Xochitepequense","2001-01-01","Ayuntamiento de Xochitepec",17,"Morelos",28,"Xochitepec",1,"Xochitepec","Av. República de Guatemala 2 esq. República de Argentina","Centro","62790","777 361 42 82 ext. 105","https://www.mexicoescultura.com/recinto/54139/centro-cultural-xochitepequense.html","turismo@xochitepec.gob.mx",-99.22947,18.78386,"http://sic.gob.mx/ficha.php?table=centro_cultural&table_id=740","2024-02-19 06:02:39-06"
3933,"Centro Cultural Casa Ejidal Chiconcuac","2025-09-20","Asociación Xochicultura/Ayudantía de Chiconcuac ",17,"Morelos",28,"Xochitepec",6,"Chiconcuac","10 de Abril s/n","Casa Ejidal, Chiconcuac","62795","777 111 87 25","","",-99.19992,18.78391,"http://sic.gob.mx/ficha.php?table=centro_cultural&table_id=3933","2025-09-19 18:09:17-06"
741,"Casa de la Cultura Virginia Fábregas, Antigua Estación del Ferrocarril","1991-12-17","Ayuntamiento de Yautepec ",17,"Morelos",29,"Yautepec",1,"Yautepec de Zaragoza","Av Solidaridad s/n ","Col. Benito Juárez","62730","735 394 29 15","","enelcerrodelpericon@gmail.com",-99.06559,18.8893,"http://sic.gob.mx/ficha.php?table=centro_cultural&table_id=741","2024-08-12 17:20:56-06"
2513,"Centro de Seguridad Social IMSS de Yautepec","1000-01-01","IMSS",17,"Morelos",29,"Yautepec",1,"Yautepec de Zaragoza","Av. Virginia Fábregas s/n","Centro","62730","734 114 4162","http://www.imss.gob.mx","armando.rodriguezm@imss.gob.mx",-99.06378,18.88699,"http://sic.gob.mx/ficha.php?table=centro_cultural&table_id=2513","2025-10-27 10:36:32-06"
2836,"Centro Cultural Talentos y Vida","2007-10-12","Centro Cultural Talentos y Vida, A.C.",17,"Morelos",30,"Yecapixtla",1,"Yecapixtla","Av. Nacional 25 esq. Noche Buena  ","Col. Los Reyes","62820","(731) 357 56 61","http://talentosyvida.wixsite.com/talentosyvida","talentosvida@hotmail.com",-98.8527,18.88038,"http://sic.gob.mx/ficha.php?table=centro_cultural&table_id=2836","2018-02-15 12:35:17-06"
720,"Centro Cultural Tlanchana Coatetelco","1997-10-01","Voluntariado",17,"Morelos",34,"Coatetelco",1,"Coatetelco Centro","Cjón. de la Candelaria s/n","Centro","62606","737 373 20 08","","",-99.33228,18.73363,"http://sic.gob.mx/ficha.php?table=centro_cultural&table_id=720","2024-09-18 12:50:01-06"
592,"Casa de Cultura Alí Chumacero","1974-01-01","Ayuntamiento de Acaponeta",18,"Nayarit",1,"Acaponeta",1,"Acaponeta","Puebla 23 Sur esq. Morelos","Centro","63400","325 252 25 83, 252 12 55","http://acaponeta.nayarit.gob.mx/"," contacto@acaponeta.nayarit.gob.mx",-105.35974,22.4896,"http://sic.gob.mx/ficha.php?table=centro_cultural&table_id=592","2023-02-09 06:46:38-06"
597,"Casa de Cultura Dr. Luis Aranda del Toro","1999-09-08","Ayuntamiento de Ahuacatlán",18,"Nayarit",2,"Ahuacatlán",1,"Ahuacatlán","Hidalgo  esq. 20 de Noviembre s/n","Centro","63900","324 241 03 96","https://sanandoahuacatlan.gob.mx/"," ",-104.48459,21.05053,"http://sic.gob.mx/ficha.php?table=centro_cultural&table_id=597","2023-08-01 06:27:51-06"
327,"Casa de Cultura Gral. Gilberto Flores Muñoz","1000-01-01","Ayuntamiento de Compostela",18,"Nayarit",4,"Compostela",1,"Compostela","Moreno s/n esq. Hidalgo","Centro","63900","327 277 0754","https://compostela.gob.mx/","secretariaparticular@compostela.gob.mx",-104.90074,21.23547,"http://sic.gob.mx/ficha.php?table=centro_cultural&table_id=327","2026-03-11 12:06:22-06"
419,"Casa de la Cultura de Ixtlán del Río","1994-05-14","Ayuntamiento de Ixtlán del Río",18,"Nayarit",6,"Ixtlán del Río",1,"Ixtlán del Río","Av. Hidalgo 45 Pte.","Centro","63940","324 243 45 04","","cultura.gobixtlan@gmail.com",-104.36806,21.03484,"http://sic.gob.mx/ficha.php?table=centro_cultural&table_id=419","2024-07-10 09:31:55-06"
596,"Casa de Cultura de Jala","1992-08-02","Presidencia Municipal",18,"Nayarit",7,"Jala",1,"Jala","José María Salazar 14","Centro","63880","324 276 0003","","",-99.14816,26.42814,"http://sic.gob.mx/ficha.php?table=centro_cultural&table_id=596","2024-06-19 14:40:38-06"
3404,"Casa de Cultura del Ayuntamiento Del Nayar","1000-01-01","Ayuntamiento Del Nayar",18,"Nayarit",9,"Del Nayar",1,"Jesús María","Domicilio conocido","Col. El Mirador","73530","323 129 67 45","","ricardogarcial1985@gmail.com",0,0,"http://sic.gob.mx/ficha.php?table=centro_cultural&table_id=3404","2024-05-02 12:13:20-06"
595,"Casa de Cultura de Rosamorada","2002-05-10","Dirección de Cultura y Turismo de Rosamorada",18,"Nayarit",10,"Rosamorada",1,"Rosamorada","Domicilio conocido","","","311 111 30 17","","robin8_4@hotmail.com",-105.21209,22.12065,"http://sic.gob.mx/ficha.php?table=centro_cultural&table_id=595","2025-08-12 19:40:01-06"
2723,"Casa de la Cultura de San Blas","2016-09-24","",18,"Nayarit",12,"San Blas",1,"San Blas","Canalizo Esq. Con Sinaloa","Centro","63740","(323) 285 02 09","","dir_casadelacultura@hotmail.comFicha",0,0,"http://sic.gob.mx/ficha.php?table=centro_cultural&table_id=2723","2024-06-19 14:10:40-06"
730,"Centro Cultural  Emiliano Zapata","1982-12-16","Ayuntamiento de Tepic",18,"Nayarit",17,"Tepic",1,"Tepic","Emiliano Zapata 477","","63000","311 219 72 94","http://diftepic.com/","",-104.89894,21.51237,"http://sic.gob.mx/ficha.php?table=centro_cultural&table_id=730","2023-04-24 05:07:16-06"
2081,"Centro Estatal de Culturas Populares e Indígenas ","2010-11-16","Consejo Estatal para la Cultura y las Artes de Nayarit",18,"Nayarit",17,"Tepic",1,"Tepic","Av. México 115 Nte. esq. Zapata","Centro","63000","","http://www.puebloindigena.com/culturaspopularesdenayarit","cecupi.cecan@nayarit.gob.mx",-104.89242,21.51029,"http://sic.gob.mx/ficha.php?table=centro_cultural&table_id=2081","2023-03-16 08:51:06-06"
3390,"Centro Cultural Casa Fenelón","2019-10-31","Universidad Autónoma de Nayarit",18,"Nayarit",17,"Tepic",1,"Tepic","Sebastián Lerdo de Tejada 71","Centro","63000","311 688 56 59","","dir.fenelon@uan.edu.mx; ccfenelon@uan.edu.mx",-104.89057,21.51108,"http://sic.gob.mx/ficha.php?table=centro_cultural&table_id=3390","2024-07-15 13:10:10-06"
1363,"Centro Cultural Fundación Álica de Nayarit","1990-05-12","Fundación Álica de Nayarit, A.C.",18,"Nayarit",17,"Tepic",1,"Tepic","Veracruz 265 Nte. esq. Amado Nervo","Centro","63000","(311) 212 01 27","http://www.fanac.org.mx/portal/origen.html","correo@fanac.org.mx",-104.89208,21.51283,"http://sic.gob.mx/ficha.php?table=centro_cultural&table_id=1363","2023-12-01 09:01:37-06"
2080,"Centro de Arte Contemporáneo Emilia Ortiz Bicentenario","2010-09-24","Consejo Estatal para la Cultura y las Artes de Nayarit",18,"Nayarit",17,"Tepic",1,"Tepic","Miguel Hidalgo 17 Ote.","Centro","63000","311 216 93 89","https://www.visitatepic.com/guia-turistica/cultura/","cacemiliaortiz2020@gmail.com; cac.emiliaortiz.cecan@nayarit.gob.mx",-104.89174,21.51089,"http://sic.gob.mx/ficha.php?table=centro_cultural&table_id=2080","2025-07-18 13:13:46-06"
3849,"Casa de los Saberes Jurídicos en Tepic Ministro Enrique Martínez Ulloa ","1999-10-01","Suprema Corte de Justicia de la Nación (SCJN)",18,"Nayarit",17,"Tepic",1,"Tepic","Durango 42 Sur","Centro","63000","55 4113 1000 exts. 8446, 8451","https://www.sitios.scjn.gob.mx/casascultura/casas-cultura-juridica/tepic-nayarit","ccjtepic@scjn.gob.mx",-104.89588,21.50882,"http://sic.gob.mx/ficha.php?table=centro_cultural&table_id=3849","2026-09-25 14:04:18-06"
3389,"Centro Cultural Bellavista","2018-01-01","Consejo Estatal para la Cultura y las Artes de Nayarit",18,"Nayarit",17,"Tepic",106,"Bellavista","Ex-fábrica Textil de Bellavista, Av del Trabajo 42","","63501","311 217 9328","","ccbv.cecan@gmail.com, dcultura.cecan@nayarit.gob.mx",-104.88275,21.56419,"http://sic.gob.mx/ficha.php?table=centro_cultural&table_id=3389","2026-07-29 13:49:27-06"
3902,"La Casa de los Niños, Centro Cultural","2005-12-12","",18,"Nayarit",20,"Bahía de Banderas",46,"Lo de Marcos","Luis Echeverría","","","322 199 8234","https://www.lacasadelosninos.org/?fbclid=IwY2xjawMdf5lleHRuA2FlbQIxMABicmlkETFnQ01ua1dnTHhtM21vZ2pjAR6rbKfUwO-cED3eAI1-x2OoKc92uc6Us-ko4MKVAT6A1fTCEHAb9v1Dgdg9zw_aem_8u14Hpatb2n4XTTZa0Nyqw","lacasacentrocultural11@gmail.com",-105.35373,20.9562,"http://sic.gob.mx/ficha.php?table=centro_cultural&table_id=3902","2025-08-28 14:21:50-06"
476,"Casa de la Cultura Margarita de Gortari de Salinas ","1990-01-01","Ayuntamiento de Agualeguas",19,"Nuevo León",2,"Agualeguas",1,"Agualeguas","Juárez entre Guerrero y Victoria","Centro","65800","892 991 0601 (Centro DIF)","","contacto@municipioagualeguas.com.mx",-99.53841,26.3117,"http://sic.gob.mx/ficha.php?table=centro_cultural&table_id=476","2023-08-11 09:20:12-06"
478,"Casa de la Cultura Profesor Moisés Sáenz Garza","1988-12-08","Ayuntamiento de Apodaca",19,"Nuevo León",6,"Apodaca",1,"Ciudad Apodaca","Padre Mier s/n esq. Garza García","Centro","66600","81 8386 1991","https://www.facebook.com/pages/MUSEO-CASA-DE-LA-CULTURA-MOIS%C3%89S-S%C3%81ENZ-GARZA/206208252791718","grupo-versatil@hotmail.com",-100.18508,25.78008,"http://sic.gob.mx/ficha.php?table=centro_cultural&table_id=478","2025-08-01 09:42:29-06"
504,"Casa de la Cultura de Cadereyta Jiménez","1996-12-13","Ayuntamiento de Cadereyta Jiménez",19,"Nuevo León",9,"Cadereyta Jiménez",1,"Cadereyta Jiménez","Matamoros 300 Oriente","Centro","67480","828 284 5103","https://cadereyta.gob.mx/casa-de-la-cultura/","casadelacultura@cadereyta.gob.mx",-99.99904,25.59344,"http://sic.gob.mx/ficha.php?table=centro_cultural&table_id=504","2025-02-19 14:26:30-06"
497,"Casa de la Cultura de El Carmen (cerrada temporalmente)","2000-07-21","Ayuntamiento de El Carmen ",19,"Nuevo León",10,"El Carmen",1,"Carmen","Hidalgo s/n esq. Zaragoza","Centro","66550","81 8236 0072","http://www.elcarmen.gob.mx","rayuntamiento@elcarmen.gob.mx<br>dif@elcarmen.gob.mx ",-100.36429,25.93393,"http://sic.gob.mx/ficha.php?table=centro_cultural&table_id=497","2022-09-20 07:11:54-05"
3290,"Esferas Culturales El Carmen","2018-11-16","Consejo para la Cultura y las Artes de Nuevo León",19,"Nuevo León",10,"El Carmen",129,"Buena Vista","Av. Vista Regia","Col. Buenavista","66583","81 2140 3025","http://conarte.org.mx/","cmeneses@conarte.org.mx",-100.37468,25.8549,"http://sic.gob.mx/ficha.php?table=centro_cultural&table_id=3290","2020-01-20 08:44:42-06"
486,"Casa de la Cultura Lic. Manuel Gómez Morín","2000-10-01","Ayuntamiento de Ciénega de Flores",19,"Nuevo León",12,"Ciénega de Flores",1,"Ciénega de Flores","Juárez 195 entre Independencia y Ponciano Cisneros","Centro","65550","81 5238 0976","http://www.cienegadeflores.gob.mx ","aidyl_zuriela@hotmail.com",-100.16897,25.95241,"http://sic.gob.mx/ficha.php?table=centro_cultural&table_id=486","2021-09-22 10:49:21-05"
467,"Casa de la Cultura Juan Bautista Chapa","1991-12-01","Ayuntamiento de Doctor González",19,"Nuevo León",16,"Doctor González",1,"Doctor González","Reforma 304 esq. General Bravo","Centro","66750","8252410002 ext. 115","","culturadrgzz2021.2024@gmail.com",-99.94277,25.85978,"http://sic.gob.mx/ficha.php?table=centro_cultural&table_id=467","2024-04-25 14:36:44-06"
3291,"Esferas Culturales Galeana","2018-11-23","Consejo para la Cultura y las Artes de Nuevo León",19,"Nuevo León",17,"Galeana",1,"Galeana","Carr. Galeana - Iturbide s/n","Ejido Browsville","67854","81 2140 3025","https://www.nl.gob.mx/es/esferas-culturales","ahernandez@conarte.org.mx",-100.05875,24.79709,"http://sic.gob.mx/ficha.php?table=centro_cultural&table_id=3291","2026-05-12 18:20:00-06"
3289,"Esferas Culturales García","2019-07-19","Consejo para la Cultura y las Artes de Nuevo León",19,"Nuevo León",18,"García",25,"Valle de Lincoln","Av. Real de Minas","Valle de Lincoln","","81 2140 3025","http://conarte.org.mx/","hmartinez@conarte.org.mx",-100.48183,25.79525,"http://sic.gob.mx/ficha.php?table=centro_cultural&table_id=3289","2025-07-08 12:10:50-06"
509,"Casa de la Cultura de San Pedro","1982-01-01","Ayuntamiento de San Pedro Garza García",19,"Nuevo León",19,"San Pedro Garza García",1,"San Pedro Garza García","Puebla s/n esq. Vicente Guerrero","Centro ","66200","812 956 14 91","","maria.lankenau@sanpedro.gob.mx; jflores@sanpedro.gob.mx",-100.40435,25.65661,"http://sic.gob.mx/ficha.php?table=centro_cultural&table_id=509","2021-07-01 13:27:49-05"
161,"Casa de la Cultura Vista Montaña","1993-07-01","Ayuntamiento de San Pedro Garza García",19,"Nuevo León",19,"San Pedro Garza García",1,"San Pedro Garza García","Nicéforo Zambrano s/n","Col. Vista Montaña 2o sector","66216","818 242 5021","https://sanpedro.gob.mx/casas-de-la-cultura?fbclid=IwY2xjawG-uP5leHRuA2FlbQIxMAABHeqgjFPdkcHIN_YN7pGaaBjTAGAUgPAsoeV5mr_1Oa6PTqODCNuy4pTy9w_aem_BZ66o5sVfd-mCOl68KS6Pw","ccvistamontana@sanpedro.gob.mx",-100.40571,25.68413,"http://sic.gob.mx/ficha.php?table=centro_cultural&table_id=161","2024-12-05 10:50:21-06"
3377,"Akadem","2021-08-16","Patrimonios Cuadro, S.A. de C.V.",19,"Nuevo León",19,"San Pedro Garza García",1,"San Pedro Garza García","Rio Suchiate 722","Col. Lomas del Valle","66256","81 1415 5535","http://akadem.mx","contacto@akadem.mx",-100.38023,25.65,"http://sic.gob.mx/ficha.php?table=centro_cultural&table_id=3377","2022-07-29 06:54:08-05"
475,"Casa de la Cultura La Cima","1991-07-30","Ayuntamiento de San Pedro Garza García",19,"Nuevo León",19,"San Pedro Garza García",1,"San Pedro Garza García","Aluminio s/n esq. Tungsteno","Col. San Pedro 400","66110","81 8242 5010","","jesus.luna@sanpedro.gob.mx",-100.41475,25.6878,"http://sic.gob.mx/ficha.php?table=centro_cultural&table_id=475","2023-04-24 05:10:25-06"
621,"Centro Cultural Plaza Fátima","1988-04-17","Ayuntamiento de San Pedro Garza García",19,"Nuevo León",19,"San Pedro Garza García",1,"San Pedro Garza García","Río Eufrates s/n","Col. del Valle","66257","81 8242 5072 al 78","https://sanpedro.gob.mx/centro-cultural-plaza-fatima","plaza.fatima@sanpedro.gob.mx",-100.37198,25.65077,"http://sic.gob.mx/ficha.php?table=centro_cultural&table_id=621","2024-12-26 14:23:59-06"
2446,"Casa de la Cultura de Escobedo","1960-01-01","Ayuntamiento de General Escobedo/Secretaría de Cultura, Educación y Recreación Social",19,"Nuevo León",21,"General Escobedo",1,"Ciudad General Escobedo","Benito Juárez 203 esq. Francisco Javier Mina","Centro","66050","811 357 1342,  818 220 6100 ext. 1914","http://www.escobedo.gob.mx ","educacionescobedo@hotmail.com; secretariadecultura@escobedo.gob.mx",-100.32162,25.80813,"http://sic.gob.mx/ficha.php?table=centro_cultural&table_id=2446","2026-05-20 12:21:51-06"
2438,"Centro de Desarrollo Comunitario ","2009-08-01","Ayuntamiento de General Zaragoza",19,"Nuevo León",24,"General Zaragoza",1,"General Zaragoza","Calle 5 de Mayo 5 esq. Morelos","Centro ","67960","826 2133 099 ext. 112","","",-99.77262,23.97358,"http://sic.gob.mx/ficha.php?table=centro_cultural&table_id=2438","2021-04-21 07:09:38-05"
365,"Centro Cultural Municipal ","1985-05-15","Ayuntamiento de Guadalupe",19,"Nuevo León",26,"Guadalupe",1,"Guadalupe","C. Guadalupe 114a","Centro","67100","81 8225 0910","http://www.guadalupe.gob.mx ","felixpalomo@guadalupe.gob.mx; cultura@guadalupe.gob.mx",-100.25922,25.67715,"http://sic.gob.mx/ficha.php?table=centro_cultural&table_id=365","2025-03-25 10:44:44-06"
507,"Casa de la Cultura de Los Herreras","2000-01-01","Ayuntamiento de Los Herreras",19,"Nuevo León",27,"Los Herreras",1,"Los Herreras","Morelos s/n, frente a la plaza principal","Centro","66850","823 235 03 61","http://www.nl.gob.mx/?P=herreras","ayuntamiento.herreras@gmail.com",-99.40278,25.90523,"http://sic.gob.mx/ficha.php?table=centro_cultural&table_id=507","2023-09-13 06:13:16-06"
3397,"Casa de la Cultura Profesora Olivia Mancha Ortiz ","2023-01-10","Ayuntamiento de Juárez",19,"Nuevo León",31,"Juárez",1,"Ciudad Benito Juárez","Gral. Bernardo Reyes 300","Centro","67250","81 3950 0961","","",-100.09124,25.64534,"http://sic.gob.mx/ficha.php?table=centro_cultural&table_id=3397","2024-02-12 07:36:08-06"
435,"Casa de Cultura de Lampazos de Naranjo","1994-12-17","Ayuntamiento de Lampazos de Naranjo",19,"Nuevo León",32,"Lampazos de Naranjo",1,"Lampazos de Naranjo","Lic. Nemesio García Naranjo 288","Centro","65070","873 738 00 30","https://conarte.org.mx/2020/01/23/tendran-lampacenses-una-renovada-casa-de-la-cultura/","presidencialampazos@hotmail.com; ed.cultura.lampazos@hotmail.com",-100.50516,27.02725,"http://sic.gob.mx/ficha.php?table=centro_cultural&table_id=435","2023-08-01 08:03:40-06"
2410,"Centro Cultural Linares","1985-07-12","Ayuntamiento de Linares ",19,"Nuevo León",33,"Linares",1,"Linares","Ignacio Zaragoza s/n entre Morelos y Benito Juárez","Centro","67700","821 212 35 90","http://www.linares.gob.mx/cultura/index.htm","cultura@linares.gob.mx",-99.56702,24.85926,"http://sic.gob.mx/ficha.php?table=centro_cultural&table_id=2410","2021-09-14 11:10:10-05"
1130,"Casa de la Cultura de Linares","2004-01-01","Ayuntamiento de Linares",19,"Nuevo León",33,"Linares",1,"Linares","Miguel Hidalgo 500 entre Niños Héroes y Mariano Escobedo","Centro","67700","821 212 3590","","rgarcialumbreras@hotmail.com; casadelaculturalinares@hotmail.com",-99.56709,24.86233,"http://sic.gob.mx/ficha.php?table=centro_cultural&table_id=1130","2025-06-04 11:27:56-06"
2411,"Sala de la Cultura de Marín","1000-01-01","Ayuntamiento de Marín",19,"Nuevo León",34,"Marín",1,"Marín","Morelos y Zaragoza s/n","Centro","66700","82 5248 0024 ext.114","http://www.marin.gob.mx ","cultura_marin2124@outlook.com",-100.03152,25.88035,"http://sic.gob.mx/ficha.php?table=centro_cultural&table_id=2411","2024-01-26 12:07:20-06"
3423,"Casa de Cultura Ejido Marín Profesora Elda Feliz Gzz","2021-02-01","Municipio de Marín, Nuevo León",19,"Nuevo León",34,"Marín",33,"Marín","Venustiano Carranza 400","Ejido Marín","66700","825 248 0024 ext.114","https://marin.gob.mx/","cultura_marin2124@outlook.com",-100.02231,25.85727,"http://sic.gob.mx/ficha.php?table=centro_cultural&table_id=3423","2024-07-02 18:47:59-06"
2415,"Centro Cultural UR","1969-07-08","Universidad Regiomontana",19,"Nuevo León",39,"Monterrey",1,"Monterrey","Mariano Matamoros 430 Pte.","Centro","64000","81 8220 4620","https://u-erre.edu.mx/difusioncultural","difusioncultural@u-erre.edu.mx; difusioncultural@mail.ur.mx",-100.32268,25.67094,"http://sic.gob.mx/ficha.php?table=centro_cultural&table_id=2415","2023-08-02 09:23:30-06"
1682,"Colegio Civil Centro Cultural Universitario","2007-01-31","Universidad Autónoma de Nuevo León (UANL)",19,"Nuevo León",39,"Monterrey",1,"Monterrey","Colegio Civil s/n entre Washington y 5 de Mayo","Centro","64000","81 1340 4350","https://cultura.uanl.mx/colegio-civil-centro-cultural-universitario/","ana.rodriguezl@uanl.mx",-100.31583,25.67414,"http://sic.gob.mx/ficha.php?table=centro_cultural&table_id=1682","2024-07-15 15:27:01-06"
1163,"Unidad Cultural Arquitectura","1994-01-01","Universidad Autónoma de Nuevo León",19,"Nuevo León",39,"Monterrey",1,"Monterrey","José Mariano Abasolo s/n","Barrio Antiguo","64000","81 8344 0130","","uca@uanl.mx",-100.30749,25.66579,"http://sic.gob.mx/ficha.php?table=centro_cultural&table_id=1163","2024-11-19 10:41:14-06"
2432,"Centro Cultural Barrio Antiguo Monterrey","2010-08-17","Ayuntamiento de Monterrey",19,"Nuevo León",39,"Monterrey",1,"Monterrey","Abasolo 846","Barrio Antiguo","64000","81  8675 6934","http://turismo.monterrey.gob.mx/","dicultura@monterrey.gob.mx ",-100.30842,25.66568,"http://sic.gob.mx/ficha.php?table=centro_cultural&table_id=2432","2023-10-30 04:33:41-06"
2652,"Centro de las Artes de Nuevo León","1990-07-13","Consejo para la Cultura y las Artes de Nuevo León",19,"Nuevo León",39,"Monterrey",1,"Monterrey","Parque Fundidora Av. Fundidora y Adolfo Prieto","Col. Obrera","64010","818 479 00 15 al 19","https://conarte.org.mx/centro-de-las-artes/","red.cartnl@cenart.gob.mx ",-100.28439,25.67774,"http://sic.gob.mx/ficha.php?table=centro_cultural&table_id=2652","2025-05-12 12:37:22-06"
2585,"Centro Cultural ISSSTE Nuevo León","1984-06-15","Instituto de Seguridad y Servicios Sociales de los Trabajadores del Estado (ISSSTE)",19,"Nuevo León",39,"Monterrey",1,"Monterrey","Av. Josefa Ortiz de Domínguez 2598","Col. Burócratas Federales","64380","81 8158 9804 ext. 62770","","sonia.santosgo@issste.gob.mx",-100.36208,25.70641,"http://sic.gob.mx/ficha.php?table=centro_cultural&table_id=2585","2025-10-16 17:57:50-06"
3842,"Casa de los Saberes Jurídicos en Monterrye Ministro Emeterio De la Garza Martínez ","2005-05-02","Suprema Corte de Justicia de la Nación (SCJN)",19,"Nuevo León",39,"Monterrey",1,"Monterrey","Zaragoza 244 Norte esq. Espinosa","Centro","64000","55 4113 1000 exts. 8430, 8434","https://www.sitios.scjn.gob.mx/casascultura/casas-cultura-juridica/monterrey-nuevo-leon","ccjmonterrey@scjn.gob.mx; jgomezl@scjn.gob.mx",-100.30939,25.67729,"http://sic.gob.mx/ficha.php?table=centro_cultural&table_id=3842","2026-09-28 11:17:32-06"
2416,"Espacio Cultural SUM","2009-03-01","UVM Cumbres - Universidad del Valle de México",19,"Nuevo León",39,"Monterrey",1,"Monterrey","Av. Las Palmas 5500-A","Col. Cumbres 4to. sector","64610","81 8121 4800 ext. 44000","http://www.cumbres.uvmnet.edu","socialcontactcenter1@uvmnet.edu",-100.37969,25.72594,"http://sic.gob.mx/ficha.php?table=centro_cultural&table_id=2416","2024-08-07 12:50:38-06"
1264,"Casa de la Cultura de Nuevo León","1973-07-25","Consejo para la Cultura y las Artes de Nuevo Léon",19,"Nuevo León",39,"Monterrey",1,"Monterrey","Av. Cristobal Colón 400 esq. Emilio Carranza","Centro","64720","+52 81 8374 1226, 52 81 8374 1049","https://conarte.org.mx/espacios/","",-100.30975,25.68505,"http://sic.gob.mx/ficha.php?table=centro_cultural&table_id=1264","2025-03-11 13:34:29-06"
2437,"Casa de la Cultura de Sabinas Hidalgo","2008-01-01","Ayuntamiento de Sabinas Hidalgo/Secretaría de Cultura",19,"Nuevo León",44,"Sabinas Hidalgo",1,"Ciudad Sabinas Hidalgo","Melcho Ocampo 195 esq. Mina ","Centro","65200","824 242 11 90, 824 242 11 85","https://sabinashidalgo.gob.mx/gobiernompal/","secretariadecultuasabinashgo@gmai.com",-100.182,26.49787,"http://sic.gob.mx/ficha.php?table=centro_cultural&table_id=2437","2025-08-19 16:54:31-06"
508,"Casa de la Cultura de Salinas Victoria","2006-09-19","Ayuntamiento de Salinas Victoria",19,"Nuevo León",45,"Salinas Victoria",1,"Salinas Victoria","Miguel Hidalgo s/n entre Escobedo y Juárez","Centro","65500","81 8237 0270 ext. 115","https://salinasvictoria.gob.mx/","msalinasvictoria@prodigy.net.mx; presidencia@salinasvictoria.gob.mx",-100.29186,25.95959,"http://sic.gob.mx/ficha.php?table=centro_cultural&table_id=508","2026-09-18 11:18:21-06"
3083,"Centro Cultural La Rosa de los Vientos","2017-08-30","Centro Cultural La Rosa de los Vientos, A.C.",19,"Nuevo León",46,"San Nicolás de los Garza",1,"San Nicolás de los Garza","Rómulo Garza 100","Col. Miguel Alemán","66470","81 2141 1049","https://www.facebook.com/centroculturalrosadelosvientos","contarosav@gmail.com; centroculturardlv@gmail.com",-100.22638,25.72298,"http://sic.gob.mx/ficha.php?table=centro_cultural&table_id=3083","2023-08-10 02:36:55-06"
2068,"Centro Cultural Constituyentes de Querétaro","2002-04-01","Ayuntamiento de San Nicolás de los Garza/Instituto Municipal para el Desarrollo Cultural",19,"Nuevo León",46,"San Nicolás de los Garza",1,"San Nicolás de los Garza","Heriberto Jara s/n entre Ejército Constitucionalista y Zambrano","Constituyentes de Querétaro 1° sector","66490","81 8394 5770","http://www.sanicolas.gob.mx","espaciosculturales.sn@gmail.com",-100.25371,25.71546,"http://sic.gob.mx/ficha.php?table=centro_cultural&table_id=2068","2024-01-17 07:43:50-06"
1349,"Centro Cultural La Pérgola","1989-12-10","Ayuntamiento de San Nicolás de los Garza/Instituto Municipal para el Desarrollo Cultural",19,"Nuevo León",46,"San Nicolás de los Garza",1,"San Nicolás de los Garza","Salvador Rueda 201 entre Topo Chico y Leopoldo Lugones","Anáhuac 2° sector","66450","81 8332 1318","","indec.sn@gmail.com; ccarrasco@indec.gob.mx",-100.31215,25.73632,"http://sic.gob.mx/ficha.php?table=centro_cultural&table_id=1349","2023-10-30 06:09:53-06"
2067,"Centro Cultural Francisco Garza Sada","2004-06-01","Instituto Municipal de Desarrollo Cultural de San Nicolás",19,"Nuevo León",46,"San Nicolás de los Garza",1,"San Nicolás de los Garza","Montes Alpes s/n entre Monte Doma y Monte Rosa","Col. Francisco Garza Sada","66490","81  2139 0215","http://www.sanicolas.gob.mx ","cultura.sanicolas.nl@live.com.mx",-100.26679,25.70597,"http://sic.gob.mx/ficha.php?table=centro_cultural&table_id=2067","2023-07-28 03:50:35-06"
472,"Casa de la Cultura Profesora María Villarreal de Barrera","1994-10-30","Ayuntamiento de Hidalgo",19,"Nuevo León",47,"Hidalgo",1,"Hidalgo","Hidalgo esq. Dr. Mier","Centro","65600","829 286 1626","","liz_villarrealg@hotmail.com; martin-puente@hotmail.com",-100.44716,25.97508,"http://sic.gob.mx/ficha.php?table=centro_cultural&table_id=472","2026-09-15 10:52:30-06"
437,"Casa de la Cultura Profresor Efraín Díaz de la Garza","1991-01-01","Ayuntamiento de Santa Catarina",19,"Nuevo León",48,"Santa Catarina",1,"Ciudad Santa Catarina","Miguel Hidalgo s/n","Col. La Fama","66117","81 8676 7617 ext. 4055","http://www.stacatarina.gob.mx","pacoalonso475@gmail.com",-100.46097,25.67505,"http://sic.gob.mx/ficha.php?table=centro_cultural&table_id=437","2023-07-28 05:40:55-06"
3372,"Centro Cultural Trinidad Caballero","1000-01-01","Municipio de Santiago",19,"Nuevo León",49,"Santiago",1,"Santiago","Zaragoza 107","","67310","81 2285 3309","https://centro-cultural-trinidad-caballero.negocio.site/#summary","centrocultural.tc@gmail.com",-100.15292,25.42422,"http://sic.gob.mx/ficha.php?table=centro_cultural&table_id=3372","2022-03-31 09:04:13-06"
361,"Casa de la Cultura Profesor Timoteo L. Hernández","1985-05-27","Ayuntamiento de Villaldama",19,"Nuevo León",51,"Villaldama",1,"Ciudad de Villaldama","5 de Mayo s/n esq. Galeana","Centro","65350","829 245 03 26","https://www.facebook.com/Villaldama2021.2024/","presidencia@villaldama.gob.mx",-100.4285,26.49723,"http://sic.gob.mx/ficha.php?table=centro_cultural&table_id=361","2025-10-31 14:02:52-06"
2418,"Casa de la Cultura Profra. María Luisa Santos Escobedo","2003-01-01","Ayuntamiento de Villaldama",19,"Nuevo León",51,"Villaldama",22,"Hacienda Santa Fe","Timoteo L. Hernández s/n esq. Cjón. La Noria","Ejido Santa Fe","65357","829 245 08 76","","presivillanl@live.com.mx",-100.3909,26.49694,"http://sic.gob.mx/ficha.php?table=centro_cultural&table_id=2418","2021-09-14 10:33:39-05"
2840,"Casa de la Cultura de Acatlán de Pérez Figueroa, Oaxaca","2011-09-09","Administración Municipal",20,"Oaxaca",2,"Acatlán de Pérez Figueroa",1,"Acatlán de Pérez Figueroa","Calle Elvira G. Ordoñez  152","Centro ","68420","(274) 106 8452   ","","Pomarisidro24@hotmail.com; gobierno-Acatlán @hotmail.com",-96.60556,18.53889,"http://sic.gob.mx/ficha.php?table=centro_cultural&table_id=2840","2024-04-25 17:13:31-06"
1270,"Casa del Pueblo de Cacalotepec 1","1000-01-01","",20,"Oaxaca",3,"Asunción Cacalotepec",1,"Asunción Cacalotepec","Palacio Municipal s/n","Centro","70290","283 488 03 08","","",0,0,"http://sic.gob.mx/ficha.php?table=centro_cultural&table_id=1270","2024-07-12 09:56:00-06"
925,"Casa de Cultura Nochextli (Lugar de Grana)","1983-03-21","Ayuntamiento de Asunción Nochixtlán",20,"Oaxaca",6,"Asunción Nochixtlán",1,"Asunción Nochixtlán","Morelos s/n","Col. El Calvario","69600","951 522 02 58","","presidenciamucipal2012@live.com",-97.2233,17.45993,"http://sic.gob.mx/ficha.php?table=centro_cultural&table_id=925","2022-09-20 07:37:34-05"
3032,"Casa del Pueblo Camino de Agua","2017-05-01","Ayuntamiento de Ciénega de Zimatlán ",20,"Oaxaca",13,"Ciénega de Zimatlán",1,"Ciénega de Zimatlán","Benito Juárez","Col. Ciénega","71260","","","erickyrafa@outlook.es",0,0,"http://sic.gob.mx/ficha.php?table=centro_cultural&table_id=3032","2025-07-16 11:21:58-06"
183,"Casa de la Cultura de Ciudad Ixtepec","1976-01-27","Administración Municipal",20,"Oaxaca",14,"Ciudad Ixtepec",1,"Ciudad Ixtepec","Av, 16 de Septiembre esquina con Constitución","Centro","70110","01 (971)713 22 72","http://www.casaculturaixtepec.com","",-95.09801,16.5659,"http://sic.gob.mx/ficha.php?table=centro_cultural&table_id=183","2025-10-22 16:19:08-06"
3043,"Casa de la Cultura de Chahuites ","2013-11-12","H. Ayuntamiento de Chahuites",20,"Oaxaca",25,"Chahuites",1,"Chahuites","Avenida Revolución, interior. ","Centro","70190","Lada (01) 9947170031","Facebook: Casa De La Cultura Chahuites Oaxaca","chahuitescasadecultura@gmail.com; h.ayuntamientochahuitesoaxaca2017@outlook.com",-94.19528,16.29169,"http://sic.gob.mx/ficha.php?table=centro_cultural&table_id=3043","2018-12-06 06:18:37-06"
196,"Casa de Cultura de Ejutla de Crespo","1000-01-01","Administración Municipal",20,"Oaxaca",28,"Heroica Ciudad de Ejutla de Crespo",1,"Heroica Ciudad de Ejutla de Crespo","Porfirio Díaz S/N","Centro","71500","951 573 0044","","",-96.73195,16.56801,"http://sic.gob.mx/ficha.php?table=centro_cultural&table_id=196","2026-07-31 15:32:24-06"
199,"Casa de Cultura Wilfrido C. Cruz","1988-09-10","Ayuntamiento de El Espinal",20,"Oaxaca",30,"El Espinal",1,"El Espinal","Hidalgo s/n ","Centro","70117","971 713 42 70 ext. 102","http://www.elespinal.gob.mx ","casadecultura_espinal2014-2016@outlook.com; ",-95.04363,16.48539,"http://sic.gob.mx/ficha.php?table=centro_cultural&table_id=199","2022-09-20 07:44:51-05"
204,"Casa de Cultura de Huajuapan de León","1983-02-01","Ayuntamiento de Huajuapan de León",20,"Oaxaca",39,"Heroica Ciudad de Huajuapan de León",1,"Heroica Ciudad de Huajuapan de León","H. Colegio Militar 1 esq. Antonio de León","Centro","69000","","","casadeculturadehuajuapanamc@hotmail.com; Huajuapancasadelacultura@outlook.com ",-97.77591,17.80607,"http://sic.gob.mx/ficha.php?table=centro_cultural&table_id=204","2026-02-18 17:11:09-06"
205,"Casa de la Cultura Prof. Elías Hermenegilco","1983-03-21","Ayuntamiento de Ixtlán de Juárez",20,"Oaxaca",42,"Ixtlán de Juárez",1,"Ixtlán de Juárez","16 de Septiembre","Barrio San Francisco","68725","951 553 61 07                            ","","eliashermenegildo83@gmail.com",-96.48684,17.33119,"http://sic.gob.mx/ficha.php?table=centro_cultural&table_id=205","2024-07-03 13:38:11-06"
207,"Casa de la Cultura de Juchitán (en remodelación)","1972-03-22","Ayuntamiento de Juchitán",20,"Oaxaca",43,"Juchitán de Zaragoza",1,"Juchitán de Zaragoza","Belisario Domínguez s/n esq. Colón","Centro","70000","971 711 45 89 ","","casacult_istmo5@hotmail.com",-95.02367,16.43203,"http://sic.gob.mx/ficha.php?table=centro_cultural&table_id=207","2026-01-22 14:41:28-06"
2853,"Centro Cultural Herón Ríos","2014-05-08","Comité Autonomista Zapoteca Che Gorio Melendre, A.C.",20,"Oaxaca",43,"Juchitán de Zaragoza",1,"Juchitán de Zaragoza","Yuxiguiee 36 entre Bigose y Biguia","Col. Rodrigo Carrasco, Octava Sección Cheguigo","70000","Cel. (971) 728 71 73","https://www.facebook.com/centroculturalheronrios","cchrmelendre@hotmail.com",-95.03155,16.43761,"http://sic.gob.mx/ficha.php?table=centro_cultural&table_id=2853","2020-03-11 06:08:29-06"
591,"Casa de Cultura de Telpochcalli","1998-04-16","Ayuntamiento de Loma Bonita",20,"Oaxaca",44,"Loma Bonita",1,"Loma Bonita","Francisco I. Madero s/n esq. Oaxaca","Barrio Las Flores","68400","(281) 872 41 39","","profra_irene@hotmail.com",-95.88137,18.11235,"http://sic.gob.mx/ficha.php?table=centro_cultural&table_id=591","2026-02-17 17:17:38-06"
3371,"Casa de la Cultura Yu'u Xhte'e Güexhii","1000-01-01","Municipio Magdalena Teitipac",20,"Oaxaca",51,"Magdalena Teitipac",1,"Magdalena Teitipac","","","","951 644 0657","","magdalenateitipac50@gmail.com",-96.55861,16.90662,"http://sic.gob.mx/ficha.php?table=centro_cultural&table_id=3371","2022-04-08 06:59:14-05"
2912,"Casa de la Cultura de Magdalena Tequisistlán","2011-02-11","Municipio de Magdalena Tequisistlán, Tehuantepec; Oax.",20,"Oaxaca",52,"Magdalena Tequisistlán",1,"Magdalena Tequisistlán","Avenida Tehuantepec s/n","Centro","70740","995 721 4008 ","","casadelaculturatx@gmail.com",-95.60303,16.40125,"http://sic.gob.mx/ficha.php?table=centro_cultural&table_id=2912","2025-07-15 14:08:48-06"
209,"Casa de Cultura de Matías Romero","1000-01-01","Administración Municipal",20,"Oaxaca",57,"Matías Romero Avendaño",1,"Matías Romero Avendaño","Ayuntamiento s/n esq. Juárez<br>Barrio Juárez Sur","","70312","972 722 00 13","","",-95.03657,16.87542,"http://sic.gob.mx/ficha.php?table=centro_cultural&table_id=209","2024-08-08 13:55:14-06"
233,"Casa de Cultura de Miahuatlán de Porfirio Díaz","1000-01-01","Administración Municipal",20,"Oaxaca",59,"Miahuatlán de Porfirio Díaz",1,"Miahuatlán de Porfirio Díaz","Oriente 93","Centro","70805","951 171 8978","http://miahuatlan.mx/casa-de-la-cultura","",-96.59688,16.32823,"http://sic.gob.mx/ficha.php?table=centro_cultural&table_id=233","2024-08-08 13:19:22-06"
3844,"Casa de los Saberes Jurídicos en Oaxaca Ministra María Cristina Salmorán de Tamayo ","2000-01-02","Suprema Corte de Justicia de la Nación",20,"Oaxaca",67,"Oaxaca de Juárez",1,"Oaxaca de Juárez","José Perfecto García 100","Centro","68000","55 4113 1000 ext. 8733 y 8736","www.sitios.scjn.gob.mx/casascultura/casas-cultura-juridica/oaxaca-oaxaca","ccjoaxaca@mail.scjn.gob.mx; rlopezm@mail.scjn.gob.mx",-96.72759,17.06218,"http://sic.gob.mx/ficha.php?table=centro_cultural&table_id=3844","2026-09-28 11:35:07-06"
1096,"Centro Fotográfico Manuel Álvarez Bravo","1996-09-17","Amigos del Instituto de las Artes Gráficas de Oaxaca y del Centro Fotográfico Manuel Álvarez Bravo, A.C.",20,"Oaxaca",67,"Oaxaca de Juárez",1,"Oaxaca de Juárez","Manuel Bravo 116 esq. García Vigil","Centro","68000","951  516 98 00","https://www.cfmab.com.mx/","difusion.cfab@gmail.com",-96.72488,17.06517,"http://sic.gob.mx/ficha.php?table=centro_cultural&table_id=1096","2023-09-25 04:57:27-06"
2828,"","2009-10-31","",20,"Oaxaca",67,"Oaxaca de Juárez",1,"Oaxaca de Juárez","","Col. Figueroa","68070","951 205 14 50","","librelajicara@gmail.com",-96.72519,17.06964,"http://sic.gob.mx/ficha.php?table=centro_cultural&table_id=2828","2025-08-05 12:42:27-06"
1391,"Fonoteca Eduardo Mata ","1997-09-01","Instituto de Artes Gráficas de Oaxaca",20,"Oaxaca",67,"Oaxaca de Juárez",1,"Oaxaca de Juárez","Av. Juárez 203 esq. Morelos y Murgia","Centro","68000","951 514 19 33","https://www.iago.com.mx/fonoteca-eduardo-mata/#top","fonoteca.eduardomata@gmail.com",-96.72146,17.06278,"http://sic.gob.mx/ficha.php?table=centro_cultural&table_id=1391","2024-05-02 12:05:06-06"
2841,"La Curtiduría. Centro de Artes Visuales","2006-09-16","",20,"Oaxaca",67,"Oaxaca de Juárez",1,"Oaxaca de Juárez","Jalisco 108 B","San Felipe del Agua","68020","55 4442 3433","http://lacurtiduria.blogspot.mx/","lacurtiduria@gmail.com",-96.71697,17.06716,"http://sic.gob.mx/ficha.php?table=centro_cultural&table_id=2841","2025-09-05 11:49:19-06"
1611,"Casa de la Cultura Oaxaqueña","1971-07-13","Gobierno del Estado de Oaxaca",20,"Oaxaca",67,"Oaxaca de Juárez",1,"Oaxaca de Juárez","González Ortega 403 esq. Colón<br> Ex Convento de los Siete Príncipes","Centro Histórico","68000","951 516 11 54 ","https://www.oaxaca.gob.mx/cco/","casaculturaoaxaquena@oaxaca.gob.mx ",-96.71858,17.05738,"http://sic.gob.mx/ficha.php?table=centro_cultural&table_id=1611","2026-02-12 12:30:31-06"
3362,"Centro Cultural Bakal","2021-04-02","",20,"Oaxaca",67,"Oaxaca de Juárez",1,"Oaxaca de Juárez","Abasolo 217","Ruta Independencia-Centro","68000","951 672 2210","","contacto@bakal.mx",-96.72123,17.06448,"http://sic.gob.mx/ficha.php?table=centro_cultural&table_id=3362","2021-10-20 07:12:17-05"
2145,"Casa de la Ciudad","2004-01-17","Fundación Alfredo Harp Helú",20,"Oaxaca",67,"Oaxaca de Juárez",1,"Oaxaca de Juárez","Independencia 1003","Centro Histórico","68000","951 516 96 48  ","https://fahho.mx/filiales-fahho/casa-de-la-ciudad/","casadelaciudad@fahho.mx",-96.7225,17.06201,"http://sic.gob.mx/ficha.php?table=centro_cultural&table_id=2145","2026-09-07 14:58:54-06"
2871,"Centro Cultural San Pablo","2011-11-26","Fundación Alfredo Harp Helú Oaxaca",20,"Oaxaca",67,"Oaxaca de Juárez",1,"Oaxaca de Juárez","Hidalgo 907 (Antiguo Callejón de San Pablo)","Centro ","68100","951 501 8800  ext. 181","https://ccsanpablo.pages.fahho.mx/","visitas.sp@fahho.mx ",-96.72314,17.06156,"http://sic.gob.mx/ficha.php?table=centro_cultural&table_id=2871","2026-03-05 11:41:21-06"
622,"Centro Cultural Ricardo Flores Magón ISSSTE","1984-10-24","Instituto de Seguridad y Servicios Sociales de los Trabajadores del Estado (ISSSTE)",20,"Oaxaca",67,"Oaxaca de Juárez",1,"Oaxaca de Juárez","Reforma 800 ","Centro","68000","951 132 41 69","http://www.issste.gob.mx","accionsocialoax@issste.gob.mx; monic577@hotmail.com; fercultura1@hotmail.com ",-96.72092,17.06961,"http://sic.gob.mx/ficha.php?table=centro_cultural&table_id=622","2021-08-12 11:36:53-05"
164,"Centro Cultural Santo Domingo","1998-07-24","Secretaría de Cultura/INAH",20,"Oaxaca",67,"Oaxaca de Juárez",1,"Oaxaca de Juárez","Macedonio Alcalá s/n","Centro","68000","585 4166 0780 ext. 288001","","delegacion_oaxaca@inah.gob.mx; ventanillaunica_oaxaca@inah.gob.mx",-96.7231,17.0659,"http://sic.gob.mx/ficha.php?table=centro_cultural&table_id=164","2025-11-10 13:42:18-06"
2692,"Centro de Diseño de Oaxaca","2011-01-19","Gobierno del estado de Oaxaca",20,"Oaxaca",67,"Oaxaca de Juárez",1,"Oaxaca de Juárez","Reforma s/n esq. Calle de Constitución","Centro","68000","951 514 4193","","",-96.72211,17.06554,"http://sic.gob.mx/ficha.php?table=centro_cultural&table_id=2692","2025-12-16 13:14:40-06"
2529,"Centro de Seguridad Social IMSS de Oaxaca","1000-01-01","Instituto Mexicano del Seguro Social (IMSS)",20,"Oaxaca",67,"Oaxaca de Juárez",1,"Oaxaca de Juárez","Av. Juárez 515 esq. Reforma","Centro","68000","951 506 81 77","https://www.imss.gob.mx/directorio/?dom_estado=Oaxaca&tipo_de_servicio=Centro%20de%20Seguridad%20Social","",-96.72059,17.06664,"http://sic.gob.mx/ficha.php?table=centro_cultural&table_id=2529","2025-08-07 12:03:21-06"
2441,"Instituto de Artes Gráficas de Oaxaca (IAGO) ","1988-11-01","Secretaríade Cultura/INBAL",20,"Oaxaca",67,"Oaxaca de Juárez",1,"Oaxaca de Juárez","Macedonio Alcalá 507","Centro","68000","951 516 2045, 951 516 6980 ","https://www.iago.com.mx/acerca/","iago.difusion@gmail.com",-96.72385,17.06642,"http://sic.gob.mx/ficha.php?table=centro_cultural&table_id=2441","2026-02-04 10:16:22-06"
3395,"Centro Cultural Álvaro Carrillo (Cerrado por remodelación)","2022-11-21","Gobierno del Estado de Oaxaca",20,"Oaxaca",67,"Oaxaca de Juárez",1,"Oaxaca de Juárez","Czda. Francisco I. Madero esq. Av. Tecnológico","Centro","68000","951 501 8100 ext. 40059","","",-96.74292,17.07994,"http://sic.gob.mx/ficha.php?table=centro_cultural&table_id=3395","2024-06-17 18:44:36-06"
1133,"Centro Cultural de la Fundación Rodolfo Morales","1992-08-04","Fundación Cultural Rodolfo Morales, A.C.",20,"Oaxaca",68,"Ocotlán de Morelos",1,"Ocotlán de Morelos","Morelos 108","Centro","71510","951 571 09 52","","",0,0,"http://sic.gob.mx/ficha.php?table=centro_cultural&table_id=1133","2021-08-02 08:00:30-05"
162,"Casa de Cultura Putleca","1982-04-13","Administración Municipal de Putla Villa de Guerrero, Oaxaca",20,"Oaxaca",73,"Putla Villa de Guerrero",1,"Putla Villa de Guerrero","Veracruz s/n","Centro","71009","953  553 09 79","","casadeculturaputleca@hotmail.com",-97.92876,17.02766,"http://sic.gob.mx/ficha.php?table=centro_cultural&table_id=162","2023-12-19 05:03:25-06"
1276,"Casa del Pueblo de Putla Villa de Guerrero ","1000-01-01","",20,"Oaxaca",73,"Putla Villa de Guerrero",1,"Putla Villa de Guerrero","Domicilio conocido","","","","","",0,0,"http://sic.gob.mx/ficha.php?table=centro_cultural&table_id=1276","2024-05-06 11:27:23-06"
1277,"Casa del Pueblo de Reyes Etla","1000-01-01","Ayuntamiento de Reyes Etla / Comité de Cultura de la Casa del Pueblo de Reyes Etla",20,"Oaxaca",77,"Reyes Etla",1,"Reyes Etla","Domicilio conocido","Centro","68237","","","reyesetla@hotmail.com",-96.80961,17.20628,"http://sic.gob.mx/ficha.php?table=centro_cultural&table_id=1277","2024-02-12 11:40:23-06"
921,"Casa de Cultura de Salina Cruz Oaxaca","1992-01-01","Administración Municipal de Salina Cruz Oaxaca                            ",20,"Oaxaca",79,"Salina Cruz",1,"Salina Cruz","Manzanillo 13","Centro","70670","971 720 28 79","","casadeculturasco@hotmail.com; joeblack_dyl@hotmail.com",-95.19485,16.1801,"http://sic.gob.mx/ficha.php?table=centro_cultural&table_id=921","2024-11-27 12:27:21-06"
1390,"Centro de las Artes de San Agustín","2006-03-21","Secretaría de las Culturas y Artes de Oaxaca/CENART",20,"Oaxaca",84,"San Agustín Etla",1,"San Agustín Etla","Independencia s/n","Barrio Soledad Vista Hermosa","68247","951 521 25 74","https://casa.oaxaca.gob.mx/?fbclid=IwY2xjawL2CuVleHRuA2FlbQIxMABicmlkETE1SWpSRmgzZldldlZCeXBtAR5Do_YZRd5esuhYTo4iEPYvbuFrVg-G4Wr-HgwsxDBdr7gIn6RFvBYHz4o5Aw_aem_Ty2Jane1r8T5vm7a9p2PqA","direccion.casa7@gmail.com",-96.76049,17.19708,"http://sic.gob.mx/ficha.php?table=centro_cultural&table_id=1390","2025-07-29 14:15:26-06"
892,"Casa de Cultura San Andrés Zautla","1000-01-01","Ayuntamiento de San Andrés Zautla",20,"Oaxaca",102,"San Andrés Zautla",1,"San Andrés Zautla","Av. Insurgentes 1","Centro","68244","951 521 42 83","http://cultura.oaxaca.gob.mx/secretaria.php?idcont=1&m=1","presidencia@zautla.gob.mx",-96.86336,17.18622,"http://sic.gob.mx/ficha.php?table=centro_cultural&table_id=892","2023-10-27 06:30:59-06"
1278,"Casa de la Cultura de San Blas Atempa","1000-01-01","Ayuntamiento Municipal",20,"Oaxaca",124,"San Blas Atempa",1,"San Blas Atempa","Coronel Francisco Cortés 40","","70086","","","",-95.22811,16.32625,"http://sic.gob.mx/ficha.php?table=centro_cultural&table_id=1278","2021-07-27 10:00:12-05"
3370," Casa de la Cultura","2020-07-20","Ayuntamiento de San Esteban Atatlahuca",20,"Oaxaca",133,"San Esteban Atatlahuca",1,"San Esteban Atatlahuca","Domicilio Conocido","","71120","","","",-97.6775,17.06655,"http://sic.gob.mx/ficha.php?table=centro_cultural&table_id=3370","2022-03-17 03:15:29-06"
3050,"Casa de Cultura de San Francisco Sola","2017-01-01","Ayuntamiento de San Francisco Sola",20,"Oaxaca",149,"San Francisco Sola",1,"San Francisco Sola","Priv. Antonio de León s/n ","Centro","71470","951 574 0148","","fanfco2023@gmail.com ",-96.97357,16.5152,"http://sic.gob.mx/ficha.php?table=centro_cultural&table_id=3050","2025-08-05 09:59:26-06"
894,"Casa de la Cultura Llano de Piedra","1990-01-01","Ayuntamiento de San Francisco Telixtlahuaca",20,"Oaxaca",150,"San Francisco Telixtlahuaca",1,"San Francisco Telixtlahuaca","Calle de Galeana Número 1","Centro","68213","951 528 4718","","",-96.90331,17.29591,"http://sic.gob.mx/ficha.php?table=centro_cultural&table_id=894","2020-06-09 08:32:37-05"
860,"Casa de la Cultura de Villa Alta","1000-01-01","Instituto Oaxaqueño de las Culturas",20,"Oaxaca",156,"San Ildefonso Villa Alta",1,"San Ildefonso Villa Alta","Domicilio conocido","Centro","68800","956 514 58 28","","",0,0,"http://sic.gob.mx/ficha.php?table=centro_cultural&table_id=860","2023-12-29 05:48:34-06"
201,"Casa de la Cultura Heberto Castillo","1998-01-28","Ayuntamiento de San Jacinto Amilpas",20,"Oaxaca",157,"San Jacinto Amilpas",1,"San Jacinto Amilpas","Independencia 10","Centro","68285","951 206 60 18","","casadeculturahebertocastillo@gmail.com",-96.76275,17.10171,"http://sic.gob.mx/ficha.php?table=centro_cultural&table_id=201","2022-07-28 02:27:52-05"
927,"Casa de Cultura de Coixtlahuaca","1000-01-01","H. Ayuntamiento de San Juan Bautista Coixtlahuaca",20,"Oaxaca",176,"San Juan Bautista Coixtlahuaca",1,"San Juan Bautista Coixtlahuaca","Calle Independencia Esq. Av. Reforma","Centro","69300","045 953 130 40 66","","sjdcoix2017_2019@hotmail.com",-97.3252,17.72498,"http://sic.gob.mx/ficha.php?table=centro_cultural&table_id=927","2026-01-02 16:13:21-06"
184,"Casa de la Cultura  Cuicateca","1981-06-01","Ayuntamiento de San Juan Bautista Cuicatlán",20,"Oaxaca",177,"San Juan Bautista Cuicatlán",1,"San Juan Bautista Cuicatlán","Manuel Doblado esq. Constitución, Barrio Grande","Centro","68600","(236) 3740065","","casadelaculturacuicateca@gmail.com.mx",-96.95852,17.80094,"http://sic.gob.mx/ficha.php?table=centro_cultural&table_id=184","2024-05-06 10:56:59-06"
1410,"Casa de la Cultura Dr. Víctor Bravo Ahuja","1979-05-20","Secretaría de las Culturas y Artes de Oaxaca, Ayuntamiento de San Juan Bautista Tuxtepec",20,"Oaxaca",184,"San Juan Bautista Tuxtepec",1,"San Juan Bautista Tuxtepec","Blvd. Benito Juárez s/n esq. Daniel Soto","Col. María Luisa","68320","287 875 01 44 ","https://www.facebook.com/casadelaculturatuxtepec","casadelacultura@tuxtepec.gob.mx",-96.13079,18.08763,"http://sic.gob.mx/ficha.php?table=centro_cultural&table_id=1410","2022-09-20 07:57:41-05"
1281,"Casa del Pueblo de San Juan Colorado","1000-01-01","",20,"Oaxaca",188,"San Juan Colorado",1,"San Juan Colorado","Domicilio conocido","","","","","",0,0,"http://sic.gob.mx/ficha.php?table=centro_cultural&table_id=1281","2024-05-06 11:01:04-06"
900,"Casa de Cultura de San Juan del Estado","1991-06-29","Gobierno Municipal de San Juan del Estado",20,"Oaxaca",193,"San Juan del Estado",1,"San Juan del Estado","Avenida Hidalgo s/n","Centro","68224","951 379 21 92","https://sanjuandelestado.gob.mx/","casa.cultura.sje@gmail.com ",-96.79927,17.27347,"http://sic.gob.mx/ficha.php?table=centro_cultural&table_id=900","2025-07-11 13:37:07-06"
1282,"Casa del Pueblo de San Juan Lachigalia","1000-01-01","",20,"Oaxaca",203,"San Juan Lachigalla",1,"San Juan Lachigalla","Domicilio conocido","","","","","",0,0,"http://sic.gob.mx/ficha.php?table=centro_cultural&table_id=1282","2021-04-16 08:22:01-05"
1283,"Casa del Pueblo de San Juan Lajarcia","1000-01-01","",20,"Oaxaca",204,"San Juan Lajarcia",1,"San Juan Lajarcia","Domicilio conocido","","","","","",0,0,"http://sic.gob.mx/ficha.php?table=centro_cultural&table_id=1283","2024-05-17 14:19:25-06"
2896,"Casa del Pueblo San Juan Petlapa","2003-12-08","",20,"Oaxaca",212,"San Juan Petlapa",1,"San Juan Petlapa","San Juan Petlapa","Centro","68980","287 151 64 87","","autoridadcomunitario@gmail.com",0,0,"http://sic.gob.mx/ficha.php?table=centro_cultural&table_id=2896","2023-02-23 07:51:19-06"
1288,"Casa del Pueblo de San Lucas Ojitlán","1000-01-01","",20,"Oaxaca",232,"San Lucas Ojitlán",1,"San Lucas Ojitlán","Domicilio conocido","","","","","",0,0,"http://sic.gob.mx/ficha.php?table=centro_cultural&table_id=1288","2024-05-17 14:18:50-06"
3048,"Casa de la Cultura de Capulálpam de Méndez ","2014-12-01","Ayuntamiento de Capulálpam de Méndez ",20,"Oaxaca",247,"Capulálpam de Méndez",1,"Capulálpam de Méndez","Independencia s/n","Barrio Exaltación ","68760","951 539 20 00","","presicapu@gmail.com",-96.44699,17.30615,"http://sic.gob.mx/ficha.php?table=centro_cultural&table_id=3048","2023-02-24 04:49:22-06"
1290,"Casa del Pueblo de San Mateo del Mar","1000-01-01","",20,"Oaxaca",248,"San Mateo del Mar",1,"San Mateo del Mar","Av. Independencia 7","","70780","","","sn.mateodelmar@gmail.com",0,0,"http://sic.gob.mx/ficha.php?table=centro_cultural&table_id=1290","2021-04-21 06:24:31-05"
1294,"Casa del Pueblo de San Miguel Quetzaltepec","1000-01-01","",20,"Oaxaca",275,"San Miguel Quetzaltepec",1,"San Miguel Quetzaltepec","Domicilio conocido","","","","","",0,0,"http://sic.gob.mx/ficha.php?table=centro_cultural&table_id=1294","2021-04-24 08:29:16-05"
195,"Casa de Cultura Francisco Ruiz García","1981-11-01","H. Ayuntamiento de la Villla de Sola de Vega",20,"Oaxaca",277,"Villa Sola de Vega",1,"Villa Sola de Vega","José María de la Vega s/n","Centro 1era Secc.","71410","(951) 574 00 26","","",-96.97757,16.5154,"http://sic.gob.mx/ficha.php?table=centro_cultural&table_id=195","2026-02-11 19:02:57-06"
1295,"Casa del Pueblo de San Miguel Soyaltepec","1000-01-01","",20,"Oaxaca",278,"San Miguel Soyaltepec",1,"Temascal","Domicilio conocido","","","","","",0,0,"http://sic.gob.mx/ficha.php?table=centro_cultural&table_id=1295","2023-12-28 07:54:32-06"
3763,"Casa de la Cultura San Pablo Etla","1000-01-01","Ayuntamiento de San Pablo Etla",20,"Oaxaca",293,"San Pablo Etla",1,"San Pablo Etla","Camino al Seminario s/n","","68258","951 518 75 35 (ayuntamiento)","","",-96.75176,17.13847,"http://sic.gob.mx/ficha.php?table=centro_cultural&table_id=3763","2024-04-23 13:12:37-06"
922,"Casa de la Cultura Federico Flores Aguilar","1982-08-06","Ayuntamiento de San Pablo Huitzo",20,"Oaxaca",294,"San Pablo Huitzo",1,"San Pablo Huitzo","Av. Cuauhxilotitlán s/n esq. Francisco I. Madero, primera sección","Centro","68220","951 528 40 09 ","","ccsfa.huitzo2017@gmail.com; guenda_stinú7@hotmail.com ",-96.88461,17.27707,"http://sic.gob.mx/ficha.php?table=centro_cultural&table_id=922","2022-09-21 02:41:25-05"
420,"Casa de Cultura de Mitla","2005-02-20","Ayuntamiento de San Pablo Villa de Mitla",20,"Oaxaca",298,"San Pablo Villa de Mitla",1,"San Pablo Villa de Mitla","5 de Febrero 114","Centro","70430","951 568 00 16 Palacio Municipal","https://www.cultura.gob.mx/regiones_de_mexico/centro_occidente/detalle_lugar.php?espacio=52114","",-96.36198,16.92401,"http://sic.gob.mx/ficha.php?table=centro_cultural&table_id=420","2025-06-13 14:05:56-06"
1303,"Casa de la Cultura Donato Núñez","1000-01-01","Ayuntamiento de San Pedro Amuzgos",20,"Oaxaca",300,"San Pedro Amuzgos",1,"San Pedro Amuzgos","Pérez Gasga esq. Antonio León","San Isidro","71070","","","",-98.08995,16.65257,"http://sic.gob.mx/ficha.php?table=centro_cultural&table_id=1303","2025-10-31 18:14:38-06"
2911,"Casa del Pueblo San Pedro Apostol","2007-05-10","",20,"Oaxaca",301,"San Pedro Apóstol",1,"San Pedro Apóstol","Plaza reforma s/n","Centro","71540","951 523 2071","","municipio_spapostol@hotmail.com",-96.72616,16.73528,"http://sic.gob.mx/ficha.php?table=centro_cultural&table_id=2911","2026-04-23 13:40:06-06"
3046,"Casa de la Cultura Mtro. Tomás Osorio Vargas","1000-01-01","Ayuntamiento de San Pedro Comitancillo",20,"Oaxaca",305,"San Pedro Comitancillo",1,"San Pedro Comitancillo","Av. Centenario s/n","Barrio Tecnológico","70750","55 4359 4260","https://sanpedrocomitancillo.gob.mx/","sanpedrocomitancillo@oaxaca.gob.mx",-95.15158,16.48962,"http://sic.gob.mx/ficha.php?table=centro_cultural&table_id=3046","2022-09-21 07:15:24-05"
1305,"Casa del Pueblo de San Pedro Ixcatlán","1000-01-01","",20,"Oaxaca",309,"San Pedro Ixcatlán",1,"San Pedro Ixcatlán","Domicilio conocido","","","","","",0,0,"http://sic.gob.mx/ficha.php?table=centro_cultural&table_id=1305","2023-12-29 05:44:24-06"
2906,"Casa del Pueblo de San Pedro Juchatengo","2009-07-20","Municipio de San Pedro Juchatengo",20,"Oaxaca",314,"San Pedro Juchatengo",1,"San Pedro Juchatengo","Carr. Puerto Escondido s/n","Barrio El Crucero ","71920","954 586 5065","","",0,0,"http://sic.gob.mx/ficha.php?table=centro_cultural&table_id=2906","2025-03-06 13:45:31-06"
421,"Casa de Cultura de Puerto Escondido","1994-12-15","Secretaría de las Culturas y Artes de Oaxaca",20,"Oaxaca",318,"San Pedro Mixtepec",9,"Puerto Escondido","Av. Ahuatulqueza s/n","Fracc. Agua Marina","71980","Cel. (045)954-111-76-48","","vero-bailon@hotmail.com",-97.06948,15.86639,"http://sic.gob.mx/ficha.php?table=centro_cultural&table_id=421","2018-12-27 08:51:14-06"
2872,"Casa Wabi ","2014-01-01","Fundación Casa Wabi Asociación civil ",20,"Oaxaca",319,"San Pedro Mixtepec",1,"San Pedro Mixtepec Distrito 26","Pinotepa Nacional Km. 113","Centro, Puerto Escondido.","71983","55 6395 1047    ","http://casawabi.com/","direccion@casawabi.org   ",-97.26996,15.93995,"http://sic.gob.mx/ficha.php?table=centro_cultural&table_id=2872","2025-12-17 10:12:25-06"
2897,"Casa del Pueblo de Santa Cruz Ocotal","1993-03-15","Ayuntamiento de San Pedro Ocotepec",20,"Oaxaca",323,"San Pedro Ocotepec",1,"San Pedro Ocotepec","Principal s/n ","","70474","","","",0,0,"http://sic.gob.mx/ficha.php?table=centro_cultural&table_id=2897","2024-02-14 06:11:11-06"
923,"Casa de Cultura Petra Valle","1983-01-01","Administración Municipal",20,"Oaxaca",324,"San Pedro Pochutla",1,"San Pedro Pochutla","Progreso 139","Centro","70900","(958) 58-97-989","","",-96.46539,15.74662,"http://sic.gob.mx/ficha.php?table=centro_cultural&table_id=923","2026-05-18 17:21:04-06"
193,"Casa de la Cultura de San Pedro Tapanatepec","1000-01-01","Ayuntamiento San Pedro Tapanatepec",20,"Oaxaca",327,"San Pedro Tapanatepec",1,"San Pedro Tapanatepec","Benito Juárez s/n","Barrio Las Flores","70180","","","culturatapanatepec@gmail.com",-94.19271,16.36642,"http://sic.gob.mx/ficha.php?table=centro_cultural&table_id=193","2026-01-16 10:54:10-06"
206,"Casa de Cultura Ayutla Mixe","2013-12-01","Ayuntamiento de San Pedro y San Pablo Ayutla Mixe",20,"Oaxaca",337,"San Pedro y San Pablo Ayutla",1,"San Pedro y San Pablo Ayutla","Calle Kuyuujkkëxp s/n","Col. Campo de Aviación      ","70283","951 249 64 72    ","","casadeculturaayutla@gmail.com, carapachoteatro@gmail.com ",0,0,"http://sic.gob.mx/ficha.php?table=centro_cultural&table_id=206","2021-09-14 10:34:34-05"
200,"Casa de la Cultura de la Villa de Etla","2022-01-01","Ayuntamiento de Villa de Etla",20,"Oaxaca",338,"Villa de Etla",1,"Villa de Etla","Priv. de Hidalgo s/n","Centro","68200","951 521 5493","https://www.iztapalapa.cdmx.gob.mx/","mvilladeetla@mail.com",-96.80412,17.20635,"http://sic.gob.mx/ficha.php?table=centro_cultural&table_id=200","2026-04-14 13:16:19-06"
893,"Casa de la Cultura Enriqueta Calderón","2009-04-12","Ayuntamiento de San Pedro y San Pablo Teposcolula",20,"Oaxaca",339,"San Pedro y San Pablo Teposcolula",1,"San Pedro y San Pablo Teposcolula","Francisco I. Madero s/n","Centro ","69500","953 518 20 25","","tepos2022@hotmail.com",-97.48867,17.51258,"http://sic.gob.mx/ficha.php?table=centro_cultural&table_id=893","2022-09-28 02:26:20-05"
1308,"Casa del Pueblo de San Sebastián Tecomaxtlahuaca","1000-01-01","",20,"Oaxaca",348,"San Sebastián Tecomaxtlahuaca",1,"San Sebastián Tecomaxtlahuaca","Domicilio conocido","","","","","",-98.03109,17.34691,"http://sic.gob.mx/ficha.php?table=centro_cultural&table_id=1308","2025-06-30 19:15:52-06"
2901,"Casa de la Cultura Andrés Henestrosa","2008-06-01","Ayuntamiento de San Sebastián Tutla/Dirección de Cultura",20,"Oaxaca",350,"San Sebastián Tutla",1,"San Sebastián Tutla","Guerrero s/n","Centro","71320","(951) 503 40 22","","cultura_andreshenestrosa@hotmail.com",-96.67864,17.06014,"http://sic.gob.mx/ficha.php?table=centro_cultural&table_id=2901","2017-06-02 12:59:57-05"
1312,"Casa del Pueblo de Santa Catarina Ixtepeji","1000-01-01","",20,"Oaxaca",363,"Santa Catarina Ixtepeji",1,"Santa Catarina Ixtepeji","Domicilio conocido","","","","","",0,0,"http://sic.gob.mx/ficha.php?table=centro_cultural&table_id=1312","2023-02-17 06:39:56-06"
2907,"Casa del Pueblo de Santa Catarina Minas","2014-02-16","Municipio de Santa Catarina Minas",20,"Oaxaca",368,"Santa Catarina Minas",1,"Santa Catarina Minas","Camino Real s/n","Centro","71534","951 520 61 40","","ayuntamiento_minas@hotmail.com",0,0,"http://sic.gob.mx/ficha.php?table=centro_cultural&table_id=2907","2024-02-14 07:47:23-06"
2909,"Casa del Pueblo de Santa Cruz Xitla","2004-08-05","Municipio de Santa Cruz Xitla",20,"Oaxaca",384,"Santa Cruz Xitla",1,"Santa Cruz Xitla","Domicilio Conocido ","Centro","70823","951 503 5000","https://www.youtube.com/@casadelpuebloxitla7187","",-96.67329,16.32242,"http://sic.gob.mx/ficha.php?table=centro_cultural&table_id=2909","2025-06-09 12:44:52-06"
4007,"Casa de la Cultura Santa Lucía del Camino","2022-09-01","Ayuntamiento de Santa Lucía del Camino/Dirección de Cultura",20,"Oaxaca",390,"Santa Lucía del Camino",1,"Santa Lucía del Camino","Av. Ferrocarril 303","Centro","71228","951 107 4547","","",-96.69414,17.06149,"http://sic.gob.mx/ficha.php?table=centro_cultural&table_id=4007","2026-08-14 10:40:25-06"
3305,"La Locomotora Foro Escénico","1000-01-01","",20,"Oaxaca",390,"Santa Lucía del Camino",1,"Santa Lucía del Camino","Norte 1 núm. 109","","68115","951 185 61 29","","forolalocomotora@gmail.com; hola@lalocomotora.mx",-96.70937,17.0586,"http://sic.gob.mx/ficha.php?table=centro_cultural&table_id=3305","2020-05-15 09:31:57-05"
3038,"Centro Cultural y de Convenciones de Oaxaca","2017-09-12","Gobierno del Estado",20,"Oaxaca",390,"Santa Lucía del Camino",1,"Santa Lucía del Camino","Av. México 175","Parque Las Canteras","71229","(951) 132 52 96 (informes)","","",-96.70551,17.06377,"http://sic.gob.mx/ficha.php?table=centro_cultural&table_id=3038","2018-08-07 04:45:19-05"
3353,"Centro Cultural Comunitario Los Conos","1000-01-01","Comunitario",20,"Oaxaca",397,"Heroica Ciudad de Tlaxiaco",1,"Heroica Ciudad de Tlaxiaco","Sabino s/n","Barrio San Diego","69800","95 3100 1096","","jesusgol84@hotmail.com",-97.67404,17.27427,"http://sic.gob.mx/ficha.php?table=centro_cultural&table_id=3353","2021-08-02 05:40:54-05"
856,"Casa de Cultura de Heroica Ciudad de Tlaxiaco","1978-04-01","Administración Municipal",20,"Oaxaca",397,"Heroica Ciudad de Tlaxiaco",1,"Heroica Ciudad de Tlaxiaco","Allende 7","Centro","69800","953 552 0758 ext. 113","http://cultura.oaxaca.gob.mx/","",-97.67985,17.26679,"http://sic.gob.mx/ficha.php?table=centro_cultural&table_id=856","2026-05-26 14:48:10-06"
3273,"Centro Cultural Ex Hacienda San José Hidalgo","2018-10-27","Creatividad Comunitaria por el Desarrollo, AC",20,"Oaxaca",399,"Santa María Atzompa",4,"San José Hidalgo","Prol. Independencia s/n","","71223","951 495 5616"," https://exhaciendasanjose.com/","contacto@exhaciendasanjose.com",-96.81361,17.08241,"http://sic.gob.mx/ficha.php?table=centro_cultural&table_id=3273","2025-10-28 15:07:12-06"
1313,"Casa del Pueblo de Santa María Cortijo","1000-01-01","",20,"Oaxaca",402,"Santa María Cortijo",1,"Santa María Cortijo","Domicilio conocido","","","","","",0,0,"http://sic.gob.mx/ficha.php?table=centro_cultural&table_id=1313","2024-05-17 14:17:32-06"
3042,"Casa de la Cultura de Santa María Huatulco, Macedonio Alcalá ","1000-01-01","H. Ayuntamiento Constitucional de Santa María Huatulco",20,"Oaxaca",413,"Santa María Huatulco",1,"Santa María Huatulco","La Gradera","La Gradera","70980","958 581 49096","https://www.huatulco.gob.mx/es/","contacto@huatulco.gob.mx ",-96.31981,15.83032,"http://sic.gob.mx/ficha.php?table=centro_cultural&table_id=3042","2025-07-31 14:06:16-06"
211,"Casa de Cultura Profra. Dula Amparo Carmona Coello","1000-01-01","Ayuntamientol de Santa María huatulco",20,"Oaxaca",413,"Santa María Huatulco",21,"Bahía de Santa Cruz Huatulco"," Bugambilia 201 esq. Ceiba","Sector H","70987","(958) 587 17 77","","casadelaculturahuatulco@hotmail.com; raforlo@hotmail.com",-96.13759,15.76292,"http://sic.gob.mx/ficha.php?table=centro_cultural&table_id=211","2018-12-27 08:22:37-06"
3955,"Casa de la Cultura de Santa María Ipalapa","1000-01-01","Ayuntamiento de Santa María Ipalapa",20,"Oaxaca",415,"Santa María Ipalapa",1,"Santa María Ipalapa","Ignacio Zaragoza ","Col. Santa Maria ","71091","","","",-98.03361,16.63622,"http://sic.gob.mx/ficha.php?table=centro_cultural&table_id=3955","2025-11-04 14:17:46-06"
1318,"Casa del Pueblo de Santa María Jalapa del Marqués","1000-01-01","Ayuntamiento de Santa María Jalapa del Marqués",20,"Oaxaca",418,"Santa María Jalapa del Marqués",1,"Santa María Jalapa del Marqués","Domicilio conocido","","70710","995 721 21 83","https://santamariajalapadelmarques.gob.mx/","massiela205@gmail.com",-95.44392,16.44024,"http://sic.gob.mx/ficha.php?table=centro_cultural&table_id=1318","2024-09-17 10:17:35-06"
163,"Casa de la Cultura Cándido Beristaín Romero","1000-01-01","Ayuntamiento de Santiago Juxtlahuaca",20,"Oaxaca",469,"Santiago Juxtlahuaca",1,"Santiago Juxtlahuaca","Av. Gral. Lázaro Cárdenas Nte.  601","Col. Gral. Lázaro Cárdenas ","69700","953 554 00 96","","juxtlahuacagob2224@gmail.com",-98.01158,17.34191,"http://sic.gob.mx/ficha.php?table=centro_cultural&table_id=163","2022-09-22 02:20:18-05"
213,"Casa de Cultura María Luisa Aguirre Palancares","1000-01-01","Ayuntamiento de Santiago Pinotepa Nacional",20,"Oaxaca",482,"Santiago Pinotepa Nacional",1,"Santiago Pinotepa Nacional","Av. Juárez s/n","Centro","71600 ","954 543 20 88","https://ayuntamientopinotepa.gob.mx/","cultura@ayuntamientopinotepa.gob.mx",-98.05158,16.3399,"http://sic.gob.mx/ficha.php?table=centro_cultural&table_id=213","2026-02-25 14:45:55-06"
3037,"Casa del Pueblo de Santiago Suchilquitongo","2006-01-01","Santiago Suchilquitongo ",20,"Oaxaca",483,"Santiago Suchilquitongo",1,"Santiago Suchilquitongo","Av. Independencia s/n","Barrio Agua Buena","68230","951 528 466","https://www.facebook.com/mpio.suchilquitongo/about","unidospodemosmas.2017@hotmail.com",0,0,"http://sic.gob.mx/ficha.php?table=centro_cultural&table_id=3037","2026-04-23 14:53:26-06"
1325,"Casa del Pueblo de Santiago Tepextla","1000-01-01","",20,"Oaxaca",485,"Santiago Tapextla",1,"Santiago Tapextla","Domicilio conocido","","","","","",0,0,"http://sic.gob.mx/ficha.php?table=centro_cultural&table_id=1325","2023-12-28 07:47:42-06"
1326,"Casa del Pueblo de Santiago Yolomécatl","1000-01-01","",20,"Oaxaca",499,"Santiago Yolomécatl",1,"Santiago Yolomécatl","Palacio Municipal s/n","Centro","69570","953 532 60 92","","",0,0,"http://sic.gob.mx/ficha.php?table=centro_cultural&table_id=1326","2021-04-27 08:56:45-05"
1327,"Casa del Pueblo de Santo Domingo Albarradas","1991-05-20"," Ayuntamiento de Santo Domingo Albarradas, Comité de la Casa del Pueblo",20,"Oaxaca",506,"Santo Domingo Albarradas",1,"Santo Domingo Albarradas","Hidalgo s/n","Centro ","70446","951 598 33 37","","albarradas2015@hotmail.com",0,0,"http://sic.gob.mx/ficha.php?table=centro_cultural&table_id=1327","2024-02-15 06:04:08-06"
3462,"Casa de la Cultura Santo Domingo Nuxaá","1000-01-01","Instituto del Patrimonio Cultural del Estado de Oaxaca",20,"Oaxaca",511,"Santo Domingo Nuxaá",1,"Santo Domingo Nuxaá","Emiliano Zapata s/n","Centro","69960","","https://www.oaxaca.gob.mx/inpac/wp-content/uploads/sites/17/2022/08/CASA-DE-LA-CULTURA-DE-SANTO-DOMINGO-NUXAA.pdf","",-97.12079,17.22149,"http://sic.gob.mx/ficha.php?table=centro_cultural&table_id=3462","2024-06-06 11:24:54-06"
3034,"Casa del Pueblo Loogobícha","1000-01-01","Santo Domingo Petapa",20,"Oaxaca",513,"Santo Domingo Petapa",1,"Santo Domingo Petapa","","",""," (972) 723 4068","","",0,0,"http://sic.gob.mx/ficha.php?table=centro_cultural&table_id=3034","2017-08-29 13:39:50-05"
3124,"Centro Cultural Guendaliza'a","1000-01-01","Centro Cultural Guendaliza'a, A.C.",20,"Oaxaca",515,"Santo Domingo Tehuantepec",1,"Santo Domingo Tehuantepec","Callejón La Piedad 6","Barrio Guichivere","70760","(971) 113 4124","https://www.facebook.com/centroculturalguendalizaa/","mariomecott@yahoo.com.mx",-95.22811,16.33653,"http://sic.gob.mx/ficha.php?table=centro_cultural&table_id=3124","2019-06-26 10:11:23-05"
422,"Casa de Cultura Exconvento Rey Cosijopi de Tehuantepec","1973-05-24","Secretaría de Cultura del Gobierno del Estado de Oaxaca",20,"Oaxaca",515,"Santo Domingo Tehuantepec",1,"Santo Domingo Tehuantepec","Av. Guadalupe Victoria s/n esq. Guerrero","Barrio San Jerónimo","70760","","","exconvento.cct@gmail.com",-95.2306,16.33407,"http://sic.gob.mx/ficha.php?table=centro_cultural&table_id=422","2025-08-04 10:02:41-06"
3047,"Casa de la Cultura de Santo Domingo Yanhuitlán","1000-01-01","H. Ayuntamiento de Santo Domingo Yanhuitlán",20,"Oaxaca",523,"Santo Domingo Yanhuitlán",1,"Santo Domingo Yanhuitlán","Porfirio Díaz 16","Centro","69660","5182415","","",-97.34222,17.52783,"http://sic.gob.mx/ficha.php?table=centro_cultural&table_id=3047","2026-01-06 18:20:08-06"
1330,"Casa de Cultura Casa del Pueblo de Santos Reyes Nopala","1000-01-01","",20,"Oaxaca",526,"Santos Reyes Nopala",1,"Santos Reyes Nopala","Domicilio conocido","","","954 103 40 24","","culturayturismonopala@gmail.com",0,0,"http://sic.gob.mx/ficha.php?table=centro_cultural&table_id=1330","2021-07-16 07:39:33-05"
2973,"Casa de la Cultura Lic.Pedro Vázquez Colmenares","2014-06-01","H. Ayuntamiento de Silacayoápam",20,"Oaxaca",537,"Silacayoápam",1,"Silacayoápam","Benito Juárez s/n","Centro","69400","(953) 55 5 02 00","","casadelacultura.silacayoapam@gmail.com ",-98.14197,17.50179,"http://sic.gob.mx/ficha.php?table=centro_cultural&table_id=2973","2017-11-27 13:11:07-06"
627,"Casa de Cultura Mtro. Telésforo Gonzalo Araujo Almogavar","1000-01-01","Ayuntamiento de Teotilán de Flores Magón",20,"Oaxaca",545,"Teotitlán de Flores Magón",1,"Teotitlán de Flores Magón","Calle Independencia 4","Centro","68540","236 372 00 46","","",-97.0696,18.13161,"http://sic.gob.mx/ficha.php?table=centro_cultural&table_id=627","2023-10-26 04:06:47-06"
3116,"Centro Cultural Comunitario Teotitlán del Valle","2018-08-18","Ayuntamiento de Teotitlán del Valle",20,"Oaxaca",546,"Teotitlán del Valle",1,"Teotitlán del Valle","Av. Hidalgo s/n","Centro","70420","951 348 3607","","laazgalnazak@gmail.com",-96.51879,17.02952,"http://sic.gob.mx/ficha.php?table=centro_cultural&table_id=3116","2019-08-21 07:55:29-05"
1333,"Casa del Pueblo de Tezoatlán de Segura y Luna","1000-01-01","",20,"Oaxaca",549,"Heroica Villa Tezoatlán de Segura y Luna, Cuna de",1,"Heroica Villa Tezoatlán de Segura y Luna, Cuna de la Independencia de","Domicilio conocido","","","","","",0,0,"http://sic.gob.mx/ficha.php?table=centro_cultural&table_id=1333","2024-05-17 14:18:26-06"
795,"Casa de Cultura de Tlacolula","1985-01-01","H. Ayuntamiento de Tlacolula de Matamoros",20,"Oaxaca",551,"Tlacolula de Matamoros",1,"Tlacolula de Matamoros","Palacio Municipal, Calle 2 de Abril s/n, Tercera Secc.","Centro","70400","951 562 08 06","https://municipiotlacoluladematamoros.gob.mx/","regiduriadedeportes@gmail.com; casadecultura.tlacolula@gmail.com",-96.47916,16.95503,"http://sic.gob.mx/ficha.php?table=centro_cultural&table_id=795","2026-09-11 11:24:07-06"
3051,"Casa de Cultura Próspero González","1000-01-01","Ayuntamiento Tlalixtac de Cabrera",20,"Oaxaca",553,"Tlalixtac de Cabrera",1,"Tlalixtac de Cabrera","Av. Miguel Cabrera esq. Matamoros","Centro","68270","951 176 04 45","","prosperogonzalez2008@gmail.com; ramseslc75@gmail.com",-96.64724,17.07388,"http://sic.gob.mx/ficha.php?table=centro_cultural&table_id=3051","2022-12-08 02:14:31-06"
1334,"Casa del Pueblo de Totontepec Villa de Morelos","1000-01-01","",20,"Oaxaca",554,"Totontepec Villa de Morelos",1,"Totontepec Villa de Morelos","Domicilio conocido","","","","","",0,0,"http://sic.gob.mx/ficha.php?table=centro_cultural&table_id=1334","2021-04-24 08:27:29-05"
2827,"Casa del Pueblo de Santa María Ocotepec","2005-12-26","Secretaria de las Culturas y Artes de Oaxaca ",20,"Oaxaca",554,"Totontepec Villa de Morelos",7,"Santa María Ocotepec","Domicilio conocido ","","70251","55 5151 9172","","",0,0,"http://sic.gob.mx/ficha.php?table=centro_cultural&table_id=2827","2026-06-09 11:58:46-06"
890,"Casa de Cultura Lidxi Guendabiani","1996-02-11","Ayuntamiento de Unión Hidalgo",20,"Oaxaca",557,"Unión Hidalgo",1,"Unión Hidalgo","Av. Juárez s/n entre Nemecio C. Rementería y Guadalupe Victoria","Centro","70150","791 702 20 06","http://www.gobiernodeunionhidalgo.gob.mx/regidurias/","adalihernandez@hotmail.com",-94.82952,16.47319,"http://sic.gob.mx/ficha.php?table=centro_cultural&table_id=890","2023-11-06 06:29:18-06"
1335,"Casa del Pueblo de San Juan Bautista Valle","1000-01-01","",20,"Oaxaca",559,"San Juan Bautista Valle Nacional",1,"San Juan Bautista Valle Nacional","Domicilio conocido","","","","","",0,0,"http://sic.gob.mx/ficha.php?table=centro_cultural&table_id=1335","2023-12-28 08:58:07-06"
2201,"Casa de la Cultura Yavidaxiu","1985-10-26","Consejo Estatal para la Cultura y las Artes",21,"Puebla",3,"Acatlán",1,"Acatlán de Osorio","Av. Allende 5","San Rafael","74949","953 534 0004","http://www.acatlandeosorio.com.mx/index.html/","danielcorroojeda@hotmail.com",-98.04936,18.20168,"http://sic.gob.mx/ficha.php?table=centro_cultural&table_id=2201","2025-07-24 14:36:39-06"
891,"Casa de la Cultura de Ajalpan","1996-02-07","Ayuntamiento de Ajalpan ",21,"Puebla",10,"Ajalpan",1,"Ciudad de Ajalpan","Palacio Municipal s/n","Centro","75910","236 103 95 23","https://ajalpan.gob.mx/","presidencia@ajalpan.gob.mx; culturayturismoajalpan@hotmail.com",-97.25818,18.37649,"http://sic.gob.mx/ficha.php?table=centro_cultural&table_id=891","2026-03-25 12:58:42-06"
2253,"Casa de la Cultura Omecihuatl","2005-10-29","Ayuntamiento de Albino Zertuche",21,"Puebla",11,"Albino Zertuche",1,"Acaxtlahuacán de Albino Zertuche","Plaza de la Constitución s/n","Centro","","(275) 431 80 14","","",-98.54078,18.01723,"http://sic.gob.mx/ficha.php?table=centro_cultural&table_id=2253","2017-03-23 10:24:10-06"
1699,"Casa de la Cultura de Aljojuca","2006-01-31","Ayuntamiento de Aljojuca",21,"Puebla",12,"Aljojuca",1,"Aljojuca","Plaza de la Constitución s/n","Centro","","(245) 452 14 70","","contacto@ayuntamientoaljojuca.gob.mx",-97.5314,19.10042,"http://sic.gob.mx/ficha.php?table=centro_cultural&table_id=1699","2025-12-11 19:15:10-06"
820,"Casa de la Cultura Amixtlán","1998-10-23","Ayuntamiento de Esperanza",21,"Puebla",14,"Amixtlán",1,"Amixtlán","16 de Septiembre","Centro","73360","764 763 8005 ","https://www.ayuntamientoamixtlan.gob.mx/","",-97.79885,20.04969,"http://sic.gob.mx/ficha.php?table=centro_cultural&table_id=820","2026-01-19 11:40:15-06"
1706,"Casa de Cultura de Aquixtla","1994-01-01","Ayuntamiento de Aquixtla",21,"Puebla",16,"Aquixtla",1,"Aquixtla","General calle Abasolo s/n","Centro","73620","7971276601","","lu_gl04@hotmail.com",-97.9366,19.79543,"http://sic.gob.mx/ficha.php?table=centro_cultural&table_id=1706","2025-07-15 11:46:43-06"
1707,"Casa de la Cultura Tetetsweyican","2006-01-14","Ayuntamiento de Atexcal",21,"Puebla",18,"Atexcal",1,"San Martín Atexcal","Av. 16 de Sept. s/n","Barrio de Cruz Verde, San Martín Atexcal","75840","222 234 58 16","","",-97.73668,18.39727,"http://sic.gob.mx/ficha.php?table=centro_cultural&table_id=1707","2020-12-02 06:28:50-06"
2254,"Casa de la Cultura Acapetlahuacan","1990-08-27","Ayuntamiento de Atlixco",21,"Puebla",19,"Atlixco",1,"Atlixco","Av. del Trabajo 1301","El Carmen","74280","(244) 445 52 12","","",-98.44389,18.90075,"http://sic.gob.mx/ficha.php?table=centro_cultural&table_id=2254","2018-07-31 07:34:14-05"
2256,"Casa de la Cultura de Atzitzihuacán","1997-07-07","Ayuntamiento de Atzitzihuacán",21,"Puebla",22,"Atzitzihuacán",1,"Santiago Atzitzihuacán","Palacio Municipal s/n","Centro","74200","244 444 40 45  ","https://atzitzihuacan.gob.mx/index.html","presidencia@atzitzihuacan.gob.mx",-98.58162,18.82637,"http://sic.gob.mx/ficha.php?table=centro_cultural&table_id=2256","2025-04-07 13:48:57-06"
839,"Casa de la Cultura de Ayotoxco de Guerrero","1996-12-13","Ayuntamiento de Ayotoxco de Guerrero",21,"Puebla",25,"Ayotoxco de Guerrero",1,"Ayotoxco de Guerrero","Juárez 2","Centro ","73570","233 331 0600","www.ayotoxcodegro.gob.mx","",-97.41141,20.09775,"http://sic.gob.mx/ficha.php?table=centro_cultural&table_id=839","2025-07-30 13:22:47-06"
2790,"Casa de Cultura Étnica El Convento","1000-01-01","Ayuntamiento de Calpan",21,"Puebla",26,"Calpan",1,"San Andrés Calpan","Av. 16 de septiembre s/n","Centro","74180","227 482 25 45 ","https://www.municipiocalpan.gob.mx/","municipiodecalpan@gmail.com",-98.45936,19.1079,"http://sic.gob.mx/ficha.php?table=centro_cultural&table_id=2790","2026-03-25 14:22:07-06"
1714,"Casa de la Cultura Vicente Fox Quesada","2005-08-12","Ayuntamiento de Camocuautla",21,"Puebla",28,"Camocuautla",1,"Camocuautla","Plaza Principal s/n","Centro","73120","(233) 596 09 15","","",-97.75745,20.0381,"http://sic.gob.mx/ficha.php?table=centro_cultural&table_id=1714","2017-03-23 10:27:48-06"
2257,"Casa de la Cultura Aurelia Izquierdo de Bravo","2002-02-14","Ayuntamiento de Coxcatlán",21,"Puebla",35,"Coxcatlán",1,"Coxcatlán","Juárez s/n","Centro","75985","(236) 381 30 89 ","","h.ayuntamiento.coxcatlan.puebla@gmail.com",-97.14666,18.2666,"http://sic.gob.mx/ficha.php?table=centro_cultural&table_id=2257","2026-01-21 16:50:26-06"
2259,"Casa de la Cultura de Cuautinchán","2005-11-15","Ayuntamiento de Cuautinchán",21,"Puebla",40,"Cuautinchán",1,"Cuautinchán","Plaza Principal s/n","Centro","75220","221 276 88 57","","ramirezcoyotljudith@gmail.com",-98.01746,18.95422,"http://sic.gob.mx/ficha.php?table=centro_cultural&table_id=2259","2023-10-05 05:40:50-06"
2260,"Centro Cultural Cuautlancingo","2002-05-29","Ayuntamiento de Cuautlancingo",21,"Puebla",41,"Cuautlancingo",1,"San Juan Cuautlancingo","Av. 5 de Mayo y 2 de Abril s/n","","72700","222 285 13 62","https://www.cuautlancingo.gob.mx/","",-98.2719,19.0893,"http://sic.gob.mx/ficha.php?table=centro_cultural&table_id=2260","2026-09-21 11:40:10-06"
2261,"Casa de la Cultura de Cuetzalan del Progreso","1995-06-15","Ayuntamiento de Cuetzalan del Progreso",21,"Puebla",43,"Cuetzalan del Progreso",1,"Ciudad de Cuetzalan","Miguel Alvarado 18","Centro","72560","233 331 1201","https://www.sme-mexico.space/2025/sedeIn.php?id=746","presidencia202427@cuetzalan.gob.mx",-97.52338,20.01943,"http://sic.gob.mx/ficha.php?table=centro_cultural&table_id=2261","2026-06-10 11:15:46-06"
1726,"Casa de la Cultura Cuyoaco","2008-01-01","Ayuntamiento de Cuyoaco",21,"Puebla",44,"Cuyoaco",1,"Cuyoaco","16 de Septiembre 10","Centro","73980","(276) 477 07 90","","",-97.61527,19.5961,"http://sic.gob.mx/ficha.php?table=centro_cultural&table_id=1726","2018-08-01 06:06:45-05"
2262,"Centro Cultural Casa de la Magnolia","2005-08-27","Ayuntamiento de Chalchicomula de Sesma",21,"Puebla",45,"Chalchicomula de Sesma",1,"Ciudad Serdán","Calle 2 Sur 302","Centro","75520","245 452 29 73","https://www.facebook.com/CasaMagnoliaCentroCultural/info?tab=page_info","turismomagnolia@hotmail.com",-97.44555,18.98784,"http://sic.gob.mx/ficha.php?table=centro_cultural&table_id=2262","2020-02-18 02:37:56-06"
851,"Casa de la Cultura de Chiautla de Tapia","1993-07-01","Ayuntamiento de Chiautla de Tapia",21,"Puebla",47,"Chiautla",1,"Ciudad de Chiautla de Tapia","Av. 5 de Mayo s/n ","Centro","74730","(275) 431 25 00","","",-98.60336,18.29849,"http://sic.gob.mx/ficha.php?table=centro_cultural&table_id=851","2026-05-19 17:34:51-06"
2263,"Casa de la Cultura Villa Verde","1998-10-20","Ayuntamiento de Chietla",21,"Puebla",51,"Chietla",1,"Chietla","Plaza Principal s/n","Centro","74580","(243) 431 01 12 ","","",-98.57816,18.51981,"http://sic.gob.mx/ficha.php?table=centro_cultural&table_id=2263","2026-02-23 14:06:51-06"
2834,"Casa de Cultura  Atencingo","1000-01-01","Ayuntamiento de Chietla",21,"Puebla",51,"Chietla",1,"Chietla","Antigua Estación del Ferrocarril s/n","La Paz ","74580","(243) 438 16 33","","",-98.5797,18.5189,"http://sic.gob.mx/ficha.php?table=centro_cultural&table_id=2834","2026-04-17 16:42:09-06"
2267,"Casa de la Cultura Xochipatli","1995-12-02","Ayuntamiento de Chignautla",21,"Puebla",54,"Chignautla",1,"Chignautla","Hidalgo 411","Centro","73950","(231) 313 16 59","http://chignautla.gob.mx/Vista/index.php","contacto@chignautla.gob.mx",-97.38905,19.81305,"http://sic.gob.mx/ficha.php?table=centro_cultural&table_id=2267","2026-01-27 18:53:51-06"
3318,"Casa de Cultura Metlaltoyucan","1000-01-01","Ayuntamiento de Francisco Z. Mena",21,"Puebla",64,"Francisco Z. Mena",1,"Metlaltoyuca","Cuauhtémoc 24","Col. Santa Cruz","73000","746 847 00 65","","",-97.85468,20.73467,"http://sic.gob.mx/ficha.php?table=centro_cultural&table_id=3318","2020-10-31 09:03:35-06"
3086,"Casa de Cultura Étnica Cuauhquechollan","1996-03-21","Municipio de Huaquechula",21,"Puebla",69,"Huaquechula",1,"Huaquechula","Plaza principal s/n","Centro","74370","(244) 441 4545","","sichuaquechula@gmail.com",-98.54162,18.7694,"http://sic.gob.mx/ficha.php?table=centro_cultural&table_id=3086","2026-02-10 18:40:52-06"
2274,"Casa de la Cultura In Xochitl In Cuicatl","1996-08-06","Ayuntamiento de Huauchinango",21,"Puebla",71,"Huauchinango",1,"Huauchinango","Mina 1","Centro","","776 762 0699 ","https://huauchinango.gob.mx/","cultura@huauchinango.gob.mx",-98.0526,20.17546,"http://sic.gob.mx/ficha.php?table=centro_cultural&table_id=2274","2025-04-07 14:39:25-06"
2275,"Casa de la Cultura Huehueteotl","1995-01-01","Ayuntamiento de Huehuetlán El Chico",21,"Puebla",73,"Huehuetlán el Chico",1,"Huehuetlán el Chico","Plaza Principal s/n","Centro","73470","221 429 36 89 ","","culturahuehuetla2022@gmail.com",-98.1679,18.73836,"http://sic.gob.mx/ficha.php?table=centro_cultural&table_id=2275","2026-09-01 14:01:05-06"
2277,"Casa de la Cultura Miguel Jerónimo Martínez","1996-08-13","Ayuntamiento de Huejotzingo",21,"Puebla",74,"Huejotzingo",1,"Huejotzingo","Palacio Municipal s/n","Centro","74160","(227) 277 00 03","http://huejotzingo.gob.mx/","(227) 276 21 12",-98.40806,19.15904,"http://sic.gob.mx/ficha.php?table=centro_cultural&table_id=2277","2026-01-23 17:20:29-06"
2278,"Casa de la Cultura José Martín Selvas","1995-06-17","Ayuntamiento de Hueyapan",21,"Puebla",75,"Hueyapan",1,"Hueyapan","Ocampo s/n ","Centro","73920","(231) 311 04 60","","psiquesoyer@hotmail.com ",-97.4453,19.88236,"http://sic.gob.mx/ficha.php?table=centro_cultural&table_id=2278","2025-11-27 17:28:14-06"
2793,"Casa de Cultura Ixcaquichicatla","1000-01-01","Ayuntamiento de Ixcaquixtla",21,"Puebla",82,"Ixcaquixtla",1,"San Juan Ixcaquixtla","Av. Ayuntamiento s/n","","74900","(224) 421 52 90","","",-97.8324,18.4601,"http://sic.gob.mx/ficha.php?table=centro_cultural&table_id=2793","2018-08-01 09:25:40-05"
2281,"Casa de la Cultura Chasen Chujni Nguiva","1996-04-17","Ayuntamiento de Ixcaquixtla",21,"Puebla",82,"Ixcaquixtla",1,"San Juan Ixcaquixtla","Ayuntamiento s/n","Centro ","74900","(224) 421 70 15","","",-97.83168,18.46017,"http://sic.gob.mx/ficha.php?table=centro_cultural&table_id=2281","2017-03-23 10:32:55-06"
2282,"Casa de la Cultura Ixtacamaxtitlán","2009-07-09","Ayuntamiento de Ixtacamaxtitlán",21,"Puebla",83,"Ixtacamaxtitlán",1,"Ixtacamaxtitlán","Reforma s/n","Centro","73720","797 975 16 60","","",-97.8149,19.62233,"http://sic.gob.mx/ficha.php?table=centro_cultural&table_id=2282","2024-04-04 10:52:42-06"
2838,"Casa de Cultura Josefina Esparza Soriano","1978-01-01","Municipio de Izúcar de Matamoros, H. Ayuntamiento.",21,"Puebla",85,"Izúcar de Matamoros",1,"Izúcar de Matamoros","Ayuntamiento  17","Centro","74400","243 43 600 06","https://www.izucar.gob.mx/inicio/","presidencia@izucar.gob.mx; casadcultura@hotmail.com",-98.47145,18.59605,"http://sic.gob.mx/ficha.php?table=centro_cultural&table_id=2838","2025-04-09 10:21:23-06"
1747,"Casa de la Cultura Jonotla","1999-09-23","Ayuntamiento de Jonotla ",21,"Puebla",88,"Jonotla",1,"Jonotla","Av. Independencia s/n","Centro","73530","(233) 317 00 70","","turismo_jonotla@hotmail.com",-97.57507,20.03005,"http://sic.gob.mx/ficha.php?table=centro_cultural&table_id=1747","2017-03-23 10:33:50-06"
2284,"Casa de la Cultura Carmen Serdán","1997-06-02","Ayuntamiento de Juan C. Bonilla",21,"Puebla",90,"Juan C. Bonilla",1,"Cuanalá","Av. 16 de Septiembre esq. Hidalgo","Centro","72640","222 28 92 58 7","","",-98.32656,19.10644,"http://sic.gob.mx/ficha.php?table=centro_cultural&table_id=2284","2025-05-26 18:24:15-06"
2285,"Casa de la Cultura Atl, Tanamitl Yult, Can","2005-06-14","Ayuntamiento de Juan N. Méndez",21,"Puebla",92,"Juan N. Méndez",1,"Atenayuca","Av. Ayuntamiento s/n","Centro","75690","(237) 101 11 12 ","","munozarizarodrigo@gmail.com",-98.21015,19.01372,"http://sic.gob.mx/ficha.php?table=centro_cultural&table_id=2285","2026-02-09 17:25:40-06"
2286,"Casa de la Cultura Hueytlalli ","1994-08-08","Ayuntamiento de Libres",21,"Puebla",94,"Libres",1,"Ciudad de Libres","Antigua Estación del FFCC, calle 5 de mayo.","Centro","73780","276 473 00 04","https://libres.gob.mx/","gobiernodelibres2024@gmail.com ",-97.68508,19.46458,"http://sic.gob.mx/ficha.php?table=centro_cultural&table_id=2286","2025-04-09 11:43:00-06"
2287,"Casa de la Cultura Nido de Gorriones","1994-12-16","Ayuntamiento de Molcaxac",21,"Puebla",98,"Molcaxac",1,"Molcaxac","Reforma esq.16 de Septiembre s/n","Centro","75650","(224) 271 80 57","","yeni_agos_13@hotmail.com ",-97.91104,18.73816,"http://sic.gob.mx/ficha.php?table=centro_cultural&table_id=2287","2025-11-24 19:24:56-06"
3874,"Casa de Cultura Amochkali ","2000-12-07","Ayuntamiento de Naupan ",21,"Puebla",100,"Naupan",1,"Naupan","Villa Juárez ","Col. 2da Sección ","73140","776 105 5985","","naupan@puebla.gob.mx ",-98.10763,20.22953,"http://sic.gob.mx/ficha.php?table=centro_cultural&table_id=3874","2025-06-02 11:38:15-06"
3878,"Casa de Cultura  Amochkali ","2000-12-07","Ayuntamiento de Naupan",21,"Puebla",100,"Naupan",1,"Naupan","Villa Juárez ","2da Sección ","73140","776 1055 985","","naupan@puebla.gob.mx",-98.10762,20.22953,"http://sic.gob.mx/ficha.php?table=centro_cultural&table_id=3878","2025-06-26 14:11:07-06"
928,"Casa de la Cultura de Nealtican","1995-05-13","Ayuntamiento de  Nealtican",21,"Puebla",102,"Nealtican",1,"San Buenaventura Nealtican","Plaza Hidalgo 1","Centro","74300","227 278 0600","","nealtican@puebla.gob.mx",-98.42694,19.04827,"http://sic.gob.mx/ficha.php?table=centro_cultural&table_id=928","2026-06-23 13:05:25-06"
2289,"Casa de la Cultura Antonio Briones García","2000-09-29","Ayuntamiento de Ocotepec",21,"Puebla",105,"Ocotepec",1,"Ocotepec","Abasolo s/n","Centro","73760","(276) 477 08 04","","",-97.64711,19.55285,"http://sic.gob.mx/ficha.php?table=centro_cultural&table_id=2289","2026-01-02 17:10:29-06"
1763,"Casa de la Cultura Pantepec","2002-04-27","Ayuntamiento de Pantepec",21,"Puebla",111,"Pantepec",1,"Pantepec","Plaza Principal s/n","Centro","73020","764 129 8810","https://www.pantepecpue.gob.mx/","",-97.93865,20.52142,"http://sic.gob.mx/ficha.php?table=centro_cultural&table_id=1763","2025-08-15 11:17:40-06"
3431,"Casa de la Cultura Filadelfo Vergara Tapia","2022-05-12","Ayuntamiento de Petlalcingo",21,"Puebla",112,"Petlalcingo",1,"Petlalcingo","Reforma s/n","Centro","74970","953 535 00 63","","petlalcingo2124@hotmail.com",-97.91696,18.08221,"http://sic.gob.mx/ficha.php?table=centro_cultural&table_id=3431","2025-10-14 16:52:08-06"
2291,"Casa de la Cultura Gral. Jesús Chávez Cabrera","1999-08-05","Ayuntamiento de Piaxtla",21,"Puebla",113,"Piaxtla",1,"Piaxtla","Plaza de la Constitución s/n","Centro","74880","(222) 404 59 15","https://piaxtla.gob.mx/","",-98.25973,18.19789,"http://sic.gob.mx/ficha.php?table=centro_cultural&table_id=2291","2026-05-22 19:22:27-06"
2956,"Zónica","2014-03-21","",21,"Puebla",114,"Puebla",1,"Heroica Puebla de Zaragoza","3 Pte 304","Centro","72000","222 242 23 10","","contacto@zonica.com.mx",-98.20106,19.04473,"http://sic.gob.mx/ficha.php?table=centro_cultural&table_id=2956","2025-08-01 14:20:22-06"
3081,"Bellas Artes y Protección Cultural UPAEP","2003-08-18","",21,"Puebla",114,"Puebla",1,"Heroica Puebla de Zaragoza","Av. 11 Poniente 1914","Barrio de Santiago","72410","+52 222 229 94 00","https://upaep.mx//bellasartes","crea@upaep.mx",-98.21528,19.04806,"http://sic.gob.mx/ficha.php?table=centro_cultural&table_id=3081","2025-08-12 13:55:22-06"
1598,"Casa de la Cultura de Puebla","1974-11-18","Secretaría de Cultura y Turismo de Puebla",21,"Puebla",114,"Puebla",1,"Heroica Puebla de Zaragoza","Calle 5 Ote. núm. 5","Centro","72000","222 246 31 86","https://sc.puebla.gob.mx/?fbclid=IwY2xjawLVFhpleHRuA2FlbQIxMABicmlkETFoT2NhMGhsWFJPa3ZDV0xiAR7yHPvCHs-cSRQIPH8XzSOIJafd5j6PSNlk2hJUx6ocqw05eikCb6Ze0dwhhQ_aem_5uFlzv9CI4X3iwX9el2c5g","casadelacultura@puebla.gob.mx",-98.199,19.04248,"http://sic.gob.mx/ficha.php?table=centro_cultural&table_id=1598","2026-01-15 13:38:43-06"
3378,"Centro Cultural D Los","2018-01-01","",21,"Puebla",114,"Puebla",1,"Heroica Puebla de Zaragoza","Calle 5 Sur 506","Centro","72000","222 964 15 24","","centro.cultural.dlos@gmail.com",-98.20257,19.04403,"http://sic.gob.mx/ficha.php?table=centro_cultural&table_id=3378","2024-07-31 14:39:53-06"
3407,"Casa Tripulantes","2013-01-01","Organización Creativa Tripulantes",21,"Puebla",114,"Puebla",1,"Heroica Puebla de Zaragoza"," Av. 19 Poniente 3113","Col.  Belisario Domínguez ","72180","221 100 62 44","","casatripulantes@gmail.com",-98.22601,19.04928,"http://sic.gob.mx/ficha.php?table=centro_cultural&table_id=3407","2024-07-29 12:58:38-06"
2020,"Centro Cultural Consejo Puebla de Lectura","2001-06-01","Consejo Puebla de Lectura, A.C.",21,"Puebla",114,"Puebla",1,"Heroica Puebla de Zaragoza","Calle 14 Norte 1802","Barrio del Alto","72000","222 404 93 13 y 14","consejopuebladelectura.org","consejopuebla@gmail.com; danblues4@gmail.com; lolitaniet@hotmail.com",-98.18668,19.04739,"http://sic.gob.mx/ficha.php?table=centro_cultural&table_id=2020","2024-08-13 00:56:50-06"
2014,"Centro Cultural Nice Art Galerie","1000-01-01","Bettina Griepentrog-Wiesner",21,"Puebla",114,"Puebla",1,"Heroica Puebla de Zaragoza","Av. Alejandra","Col. Zavaleta","","222 284 5717","http://www.niceart.biz/index.html ","bettina.griepentrog@web.de<br>niceart@prodigy.net.mx",-98.2062,19.0413,"http://sic.gob.mx/ficha.php?table=centro_cultural&table_id=2014","2024-07-19 12:22:35-06"
3406,"Centro Cultural La Carmela","2021-10-01","Secretaría de Cultural del Gobierno de Puebla",21,"Puebla",114,"Puebla",1,"Heroica Puebla de Zaragoza","Blvd.  Carmelitas s/n","Col. El Castillo","72498","222 242 4626","https://sc.puebla.gob.mx/la-carmela","",-98.27528,18.96968,"http://sic.gob.mx/ficha.php?table=centro_cultural&table_id=3406","2024-07-25 10:33:30-06"
2748,"Casa de los Saberes Jurídicos en Puebla Ministro Ernesto Solís López","2005-08-19","Suprema Corte de Justicia de la Nación",21,"Puebla",114,"Puebla",1,"Heroica Puebla de Zaragoza","Calz. de los Fuertes 24","Rincón del Bosque","72240","222 213 05 48","https://www.sitios.scjn.gob.mx/casascultura/casas-cultura-juridica/puebla-puebla","ccjpuebla@scjn.gob.mx",-98.18511,19.05166,"http://sic.gob.mx/ficha.php?table=centro_cultural&table_id=2748","2026-09-28 12:17:17-06"
2098,"Complejo Cultural Universitario","2008-11-10","Benemérita Universidad Autónoma de Puebla (BUAP)",21,"Puebla",114,"Puebla",1,"Heroica Puebla de Zaragoza","Vía Atlixcáyotl 2299","Col. Reserva Territorial Atlixcayotl","72810","222 229 55 00 ext. 2652, 5503","http://www.complejocultural.buap.mx","direccion.ccu@correo.buap.mx",-98.24082,19.01983,"http://sic.gob.mx/ficha.php?table=centro_cultural&table_id=2098","2024-07-19 13:33:17-06"
2955,"Culturarte Producciones","2011-06-19","Particular",21,"Puebla",114,"Puebla",1,"Heroica Puebla de Zaragoza","3 Sur 5733 ","El Cerrito","72440","(222) 555 72 87","http://www.culturartepuebla.com","culturartepuebla@hotmail.com; info@culturartepuebla.com",-98.21491,19.01976,"http://sic.gob.mx/ficha.php?table=centro_cultural&table_id=2955","2024-09-16 19:18:04-06"
3082,"Duermevela","2008-05-05","",21,"Puebla",114,"Puebla",1,"Heroica Puebla de Zaragoza","8 Nte. 402 altos barrio del artista","Centro","72821","222 455 40 37","","Chabela27@hotmail.com ",-98.19241,19.04386,"http://sic.gob.mx/ficha.php?table=centro_cultural&table_id=3082","2024-07-31 15:10:22-06"
3382,"Centro Cultural Construarte","2022-01-15","ConstruArte Compañía Teatral, AC",21,"Puebla",114,"Puebla",1,"Heroica Puebla de Zaragoza","Citlaltépetl 15 "," Col. La Paz","72160","222 212 6634","","director@teatroconstruarte.com; victorrubenlopez@gmail.com",-98.22429,19.05206,"http://sic.gob.mx/ficha.php?table=centro_cultural&table_id=3382","2026-06-02 13:41:23-06"
3418,"Musa Cultura Visual","2009-07-27","",21,"Puebla",114,"Puebla",1,"Heroica Puebla de Zaragoza","Av. 2 Oriente 809","Centro","72000","221 345 03 52","","musa.culturavisual@gmail.com",-98.19304,19.04243,"http://sic.gob.mx/ficha.php?table=centro_cultural&table_id=3418","2024-07-24 13:39:42-06"
2382,"Centro Cultural ACD","2007-02-01","Editorial ACD S. A. de C. V.",21,"Puebla",114,"Puebla",1,"Heroica Puebla de Zaragoza","17 Sur 3105","Col. Volcanes","72410","(222) 403 69 89","https://www.teatromelpomene.com","teatropoblano@gmail.com",-98.22009,19.03428,"http://sic.gob.mx/ficha.php?table=centro_cultural&table_id=2382","2024-07-19 12:57:21-06"
2845,"Casa de Cultura Juan Diaz","1998-01-01","Ayuntamiento de Quecholac",21,"Puebla",115,"Quecholac",1,"Quecholac","Porfirio Diaz s/n esq. 3 Sur y Av. Reforma","Centro","75460","249 126 27 35","https://municipioquecholac.gob.mx/","hayuntamientoquecholacpue@gmail.com",-97.66545,18.95593,"http://sic.gob.mx/ficha.php?table=centro_cultural&table_id=2845","2025-07-08 14:27:58-06"
654,"Casa de la Cultura Margarita Romo Ayala","1996-08-26","Ayuntamiento de Rafael Lara Grajales",21,"Puebla",117,"Rafael Lara Grajales",1,"Ciudad de Rafael Lara Grajales","Calle 3 PTE. núm.1","Centro","75000"," 276 102 7348, 276 474 00 37 ","https://rafaellaragrajales.puebla.gob.mx/","culturagrajales5@gmail.com;  gobernarescumplir21.24@gmail.com",-97.80454,19.22567,"http://sic.gob.mx/ficha.php?table=centro_cultural&table_id=654","2025-04-10 12:33:14-06"
850,"Casa de la Cultura Tlanezcalli","1999-08-25","Ayuntamiento de San Andrés Cholula",21,"Puebla",119,"San Andrés Cholula",1,"San Andrés Cholula","Calle 13 Pte. 101","Centro","72810","222 247 32 82","https://sach.gob.mx/","casa.cultura.@sach.gob.mx ",-98.30219,19.04581,"http://sic.gob.mx/ficha.php?table=centro_cultural&table_id=850","2026-04-20 10:25:46-06"
1771,"Casa de la Cultura Nuu Davi","1997-07-24","Ayuntamiento de San Jerónimo Xayacatlán",21,"Puebla",127,"San Jerónimo Xayacatlán",1,"San Jerónimo Xayacatlán","Plaza Principal s/n","Centro","74950","(227) 278 21 01","","",-97.91373,18.21493,"http://sic.gob.mx/ficha.php?table=centro_cultural&table_id=1771","2017-03-23 10:57:26-06"
2293,"Complejo Cultural Texmeluquense","2007-06-25","Ayuntamiento de Texmelucan/Dirección de Turismo y Cultura",21,"Puebla",132,"San Martín Texmelucan",1,"San Martín Texmelucan de Labastida","Libertad Nte. 1","Centro","74000","(248) 477 00 60","http://complejoculturaltexmeluquense.blogspot.com/","naveja_lr@hotmail.com; leyaye@hotmail.com",-98.43713,19.28345,"http://sic.gob.mx/ficha.php?table=centro_cultural&table_id=2293","2019-11-19 05:59:06-06"
1777,"Casa de la Cultura San Nicolás de los Ranchos ","2006-02-23","Ayuntamiento de San Nicolás de los Ranchos",21,"Puebla",138,"San Nicolás de los Ranchos",1,"San Nicolás de los Ranchos","Progreso s/n","Centro","74190","227 276 4650","","",-98.48632,19.07312,"http://sic.gob.mx/ficha.php?table=centro_cultural&table_id=1777","2026-09-15 11:18:55-06"
2294,"Casa de la Cultura Cuicacalli","1996-02-07","Ayuntamiento de San Pablo Anicano",21,"Puebla",139,"San Pablo Anicano",1,"San Pablo Anicano","Guerrero 3","Barrio San Juan","74860","275 438 4065","","",-98.0832,18.12387,"http://sic.gob.mx/ficha.php?table=centro_cultural&table_id=2294","2025-06-26 12:54:47-06"
2949,"Complejo Cultural Cholula","2016-01-20","Ayuntamiento de San Pedro Cholula",21,"Puebla",140,"San Pedro Cholula",1,"Cholula de Rivadavia","Calle 4 Pte. 103 ","Centro","72760","(222) 777 29 38","","turismoycultura@cholula.gob",-98.30718,19.06385,"http://sic.gob.mx/ficha.php?table=centro_cultural&table_id=2949","2025-11-27 19:34:04-06"
2295,"Casa de la Cultura Xochipilli","2006-03-30","Ayuntamiento de San Pedro Yeloixtlahuaca",21,"Puebla",141,"San Pedro Yeloixtlahuaca",1,"San Pedro Yeloixtlahuaca","Plaza Principal s/n","Centro","74960","245 100 51 17","https://sanpedroyeloixtlahuacapue.gob.mx/","contraloria.municipal@sanpedroyeloixtlahuacapue.gob.mx",-98.07805,18.11657,"http://sic.gob.mx/ficha.php?table=centro_cultural&table_id=2295","2023-09-27 07:30:36-06"
424,"Casa de la Cultura Cuayehualulco","1994-08-06","Ayuntamiento de San Salvador El Seco",21,"Puebla",142,"San Salvador el Seco",1,"San Salvador el Seco","Av. 5 Poniente 4","Barrio Xilotepec","75160","(249) 411 05 61","","",-97.64108,19.13425,"http://sic.gob.mx/ficha.php?table=centro_cultural&table_id=424","2017-03-23 11:10:13-06"
777,"Casa de la Cultura Arnulfo Palafox","2005-09-30","Ayuntamiento Santiago Miahuatlan ",21,"Puebla",147,"Santa Inés Ahuatempan",1,"Santa Inés Ahuatempan","Plaza Principal s/n","Centro","75820","(238) 106 01","","casadecultura.arnulfopalafox@hotmail.com",-98.01752,18.41146,"http://sic.gob.mx/ficha.php?table=centro_cultural&table_id=777","2017-03-23 11:05:08-06"
898,"Casa de la Cultura Sor Juana Inés de la Cruz","1995-09-10","Ayuntamiento de Santo Tomas Hueyotlipan",21,"Puebla",151,"Santo Tomás Hueyotlipan",1,"Santo Tomás Hueyotlipan","Av. Miguel Hidalgo 3","Centro","75280","(224)  272 40 98","http://www.santotomashueyotlipan.gob.mx/","",-97.86726,18.89107,"http://sic.gob.mx/ficha.php?table=centro_cultural&table_id=898","2018-08-02 12:04:32-05"
3794,"Casa de Cultura de Tecamachalco","1000-01-01","",21,"Puebla",154,"Tecamachalco",1,"Tecamachalco","Calle 6 Sur 10","Centro","75480","249 422 1915","http://tecamachalco.gob.mx/","",-97.72619,18.88437,"http://sic.gob.mx/ficha.php?table=centro_cultural&table_id=3794","2024-09-27 09:50:32-06"
878,"Casa de la Cultura de Tecomatlán","1993-06-01","Ayuntamiento de Tecomatlán ",21,"Puebla",155,"Tecomatlán",1,"Tecomatlán","Zona Escolar ","Centro","74870","275 441 2024","https://www.tecomatlan.gob.mx/tecomatlan-lugar-ideal-para-practicar-el-arte-y-la-cultura/","contacto@tecomatlan.gob.mx",-98.30991,18.11963,"http://sic.gob.mx/ficha.php?table=centro_cultural&table_id=878","2026-05-21 10:48:31-06"
423,"Complejo Cultural El Carmen","1995-01-01","Ayuntamiento de Tehuacán ",21,"Puebla",156,"Tehuacán",1,"Tehuacán","Reforma Nte 200, Ex-Convento del Carmen","Centro ","75700","238 380 0848, 238 382 2567","","",-97.39365,18.46595,"http://sic.gob.mx/ficha.php?table=centro_cultural&table_id=423","2026-04-20 10:40:38-06"
2609,"Casa de Cultura Tehuitzin","1000-01-01","Ayuntamiento de Tehuitzingo",21,"Puebla",157,"Tehuitzingo",1,"Tehuitzingo","Plaza Principal s/n","Centro","74800","(275) 432 56 04","http://www.tehuitzingo.gob.mx/","",-98.27585,18.33159,"http://sic.gob.mx/ficha.php?table=centro_cultural&table_id=2609","2026-01-27 19:59:21-06"
2296,"Casa de Cultura Tepanco de López","1998-01-01","Ayuntamiento de Tepanco de López",21,"Puebla",161,"Tepanco de López",1,"Tepanco de López","Reforma Sur 2","Centro","75800","(238) 381 05 81","","",-97.56386,18.57692,"http://sic.gob.mx/ficha.php?table=centro_cultural&table_id=2296","2026-07-28 11:34:30-06"
388,"Casa de la Cultura Ex-Colecturía del Diezmo","1991-01-01","Ayuntamiento de Tepeaca",21,"Puebla",164,"Tepeaca",1,"Tepeaca","Calle 3 Ote 111","Barrio del Centro","75200","223 108 2660","https://tepeaca.gob.mx/site/cultura/","",-97.90206,18.96334,"http://sic.gob.mx/ficha.php?table=centro_cultural&table_id=388","2026-06-25 11:58:41-06"
2297,"Casa de la Cultura Kaltamachtiloya","2006-03-31","Ayuntamiento de Tepeojuma",21,"Puebla",166,"Tepeojuma",1,"Tepeojuma","Irineo Vázquez 1","Centro","74390","(244) 441 40 10 ","https://ayuntamiento-de-tepeojuma.webnode.mx/","presidente.tepeojuma@gmail.com",-98.4502,18.72243,"http://sic.gob.mx/ficha.php?table=centro_cultural&table_id=2297","2026-01-27 18:01:27-06"
2792,"Casa de Cultura de Tepexi de Rodríguez","1994-12-17","Ayuntamiento de Tepexi de Rodríguez, Dirección de Cultura",21,"Puebla",169,"Tepexi de Rodríguez",1,"Tepexi de Rodríguez","Portal Hidalgo 21","Centro"," 74690","224 106 67 91","https://sc.puebla.gob.mx/noticias/con-concierto-banda-sinfonica-mixteca-festejara-17-aniversario-cultura","coordinacionregional2@hotmail.com",-97.92973,18.5843,"http://sic.gob.mx/ficha.php?table=centro_cultural&table_id=2792","2024-04-04 14:26:41-06"
913,"Casa de la Cultura Cuauhtémoc","1998-03-16","Ayuntamiento de Tepeyahualco de Cuauhtémoc",21,"Puebla",171,"Tepeyahualco de Cuauhtémoc",1,"Tepeyahualco de Cuauhtémoc","Av. 24 de Febrero s/n","Centro","75630","224 272 0244","","",-97.8808,18.81257,"http://sic.gob.mx/ficha.php?table=centro_cultural&table_id=913","2026-05-12 14:50:07-06"
817,"Casa de la Cultura General Juan N. Méndez","1994-12-12","Ayuntamiento de Tetela de Ocampo",21,"Puebla",172,"Tetela de Ocampo",1,"Ciudad de Tetela de Ocampo","Plaza de la Constitución s/n","Centro","73640","221 206 90 78","http://teteladeocampo.puebla.gob.mx/","casadecultura_heroccateteladeocampo@hotmail.com; culturatetela2021202@gmail.com ",-97.8062,19.81597,"http://sic.gob.mx/ficha.php?table=centro_cultural&table_id=817","2023-06-06 08:24:53-06"
36,"Casa de la Cultura Fausto Rodríguez León","1996-07-08","Ayuntamiento de Teteles de Ávila Castillo",21,"Puebla",173,"Teteles de Avila Castillo",1,"Teteles de Ávila Castillo","Av. Maximino Ávila Camacho 14","Centro","73930","231 116 70 82","","mi.ch07@hotmail.com",-97.45576,19.85898,"http://sic.gob.mx/ficha.php?table=centro_cultural&table_id=36","2025-04-14 12:37:11-06"
910,"Casa Toral","1992-08-01","Ayuntamiento de Teziutlán ",21,"Puebla",174,"Teziutlán",1,"Teziutlán","Av Miguel Hidalgo 1003","Centro","73800","231 313 69 01 ","https://teziutlan.gob.mx/Vista/index.php","",-97.3605,19.81442,"http://sic.gob.mx/ficha.php?table=centro_cultural&table_id=910","2026-01-12 14:46:55-06"
3308,"Centro Cultural Ferrocarrilero","1900-05-05","Ayuntamiento de Teziutlán",21,"Puebla",174,"Teziutlán",1,"Teziutlán","Av. Hidalgo s/n esq. Allende","Centro","73800","231 312 00 40","https://teziutlan.gob.mx","casa_cultura@teziutlan.gob.mx",-97.36083,19.81799,"http://sic.gob.mx/ficha.php?table=centro_cultural&table_id=3308","2020-10-31 10:14:46-06"
2795,"Casa de Cultura de Tlacotepec de Benito Juárez","1000-01-01","Ayuntamiento de Tlacotepec de Benito Juárez",21,"Puebla",177,"Tlacotepec de Benito Juárez",1,"Tlacotepec de Benito Juárez","Av. Baja California s/n","Centro","75680","(237) 381 00 22","http://www.tlacotepec-bj.gob.mx/","",-98.18036,19.08545,"http://sic.gob.mx/ficha.php?table=centro_cultural&table_id=2795","2025-08-13 11:05:13-06"
2299,"Casa de la Cultura Yeyetepetl","1996-04-21","Ayuntamiento  de Tlacotepec de Benito Juárez",21,"Puebla",177,"Tlacotepec de Benito Juárez",1,"Tlacotepec de Benito Juárez","Plaza Principal 1","Centro","75680","237 381 00 22","http://www.tlacotepecdebenitojuarez.gob.mx","contacto@tlacotepecdebenitojuarez.com;  municipiodetlacotepecdebj2018-2021@hotmail.com",-97.65325,18.68293,"http://sic.gob.mx/ficha.php?table=centro_cultural&table_id=2299","2020-10-31 09:14:42-06"
2300,"Casa de Cultura Étnica N.12 Juan de Palafox y Mendoza","1996-03-22","Ayuntamiento de Tlacuilotepec",21,"Puebla",178,"Tlacuilotepec",1,"Tlacuilotepec","Benito Juárez  21","Centro","73070","776 121 6405","","tlacuilo.casadeculturajpm@gmail.com",-98.06854,20.32582,"http://sic.gob.mx/ficha.php?table=centro_cultural&table_id=2300","2025-06-10 12:49:41-06"
2301,"Casa de la Cultura Tlanessi","2005-06-08","Ayuntamiento de Tlanepantla",21,"Puebla",182,"Tlanepantla",1,"Tlanepantla","Priv. Negrete 1","Centro","75600","(224) 272 02 0","","",-97.88797,18.86427,"http://sic.gob.mx/ficha.php?table=centro_cultural&table_id=2301","2026-05-14 18:50:13-06"
2302,"Casa de la Cultura Acala","2003-02-03","Ayuntamiento de Tlapacoya",21,"Puebla",184,"Tlapacoya",1,"Tlapacoya","Anexo a la Presidencia Municipal","Centro","73280","764 596 0309","","",-97.84961,20.12258,"http://sic.gob.mx/ficha.php?table=centro_cultural&table_id=2302","2025-12-16 13:27:06-06"
2303,"Casa de la Cultura Dr. Ernesto de la Torre Villar","1994-09-15","Casa de la Cultura",21,"Puebla",186,"Tlatlauquitepec",1,"Ciudad de Tlatlauquitepec","Av. Revolución 19","Centro","73900","233 101 7034","","bohrett@hotmail.com",-97.49538,19.85371,"http://sic.gob.mx/ficha.php?table=centro_cultural&table_id=2303","2024-02-12 07:42:38-06"
2304,"Casa de la Cultura Ocopetlayuca","2015-08-27","Ayuntamiento de Tochimilco",21,"Puebla",188,"Tochimilco",1,"Tochimilco","Palacio Municipal s/n","Centro Histórico","74330","244 441 00 38","https://www.tochimilco.gob.mx/index.html","presidencia@tochimilco.gob.mx ",-98.57239,18.89213,"http://sic.gob.mx/ficha.php?table=centro_cultural&table_id=2304","2025-04-16 12:21:21-06"
2305,"Casa de la Cultura Tochtli","1997-03-19","Ayuntamiento de Tochtepec",21,"Puebla",189,"Tochtepec",1,"Tochtepec","Av. 5 de mayo s/n","Centro","75610","224 427 00 10","https://tochtepec.gob.mx/","",-97.82408,18.83936,"http://sic.gob.mx/ficha.php?table=centro_cultural&table_id=2305","2026-09-01 13:06:24-06"
1798,"Casa de la Cultura La Mixteca","2005-05-18","Ayuntamiento de Totoltepec de Guerrero",21,"Puebla",190,"Totoltepec de Guerrero",1,"Totoltepec de Guerrero","Plaza Principal","Centro","74930","(953) 536 58 69","","",-97.85422,18.22136,"http://sic.gob.mx/ficha.php?table=centro_cultural&table_id=1798","2017-03-23 11:49:30-06"
2786,"Casa de Cultura, Xicotepec Xicotepekalli","1980-11-20","Ayuntamiento de Xicotepec",21,"Puebla",197,"Xicotepec",1,"Xicotepec de Juárez","Tejería 115","Centro","73080","764 764 2419","","culturaxicotepec2724@gmail.com",-97.95545,20.2779,"http://sic.gob.mx/ficha.php?table=centro_cultural&table_id=2786","2026-06-18 09:27:48-06"
2787,"Casa de Cultura Macuilxóchitl de Yehualtepec","2024-04-11","Ayuntamiento de Yehualtepec/Secretaría de Cultura del gobierno del estado de Puebla",21,"Puebla",205,"Yehualtepec",1,"Yehualtepec","16 de septiembre 115","Col. Sección tercera ","75670","237 3819033","","arteycultura@yehualtepec.gob.mx; dirección.cult.deport.yehualtepec@gmail.com",-97.66276,18.79609,"http://sic.gob.mx/ficha.php?table=centro_cultural&table_id=2787","2024-06-13 13:29:40-06"
2307,"Casa de la Cultura Dr. Ciro Zapata Lara","2005-06-28","Ayuntamiento de Zacapala",21,"Puebla",206,"Zacapala",1,"Zacapala","Plaza Principal Kiosko","Centro","74680"," (224) 421 56 49","https://www.zacapala.net/casacultura.php","",-98.06526,18.59118,"http://sic.gob.mx/ficha.php?table=centro_cultural&table_id=2307","2025-11-21 19:32:56-06"
2850,"Complejo de la Juventud","2012-11-01","",21,"Puebla",207,"Zacapoaxtla",1,"Zacapoaxtla","Texpilco s/n","Texpilco","73680","233 488 55 48","https://zacapoaxtla.gob.mx/","cultura2427@zacapoaxtla.gob.mx",-97.58697,19.86759,"http://sic.gob.mx/ficha.php?table=centro_cultural&table_id=2850","2025-04-21 11:53:48-06"
2308,"Casa de la Cultura Zacapoaxtla","1998-01-04","Ayuntamiento de Zacapoaxtla",21,"Puebla",207,"Zacapoaxtla",1,"Zacapoaxtla","Plaza de la Constitucion s/n","Centro","73680","(233) 314 21 00","","aaronvaz2010@hotmail.com",-97.5888,19.87351,"http://sic.gob.mx/ficha.php?table=centro_cultural&table_id=2308","2017-03-23 11:55:19-06"
2947,"Centro Cívico Cultural Maquixtla","2014-07-07","",21,"Puebla",208,"Zacatlán",1,"Zacatlán","Real Maquixtla S/N","Centro","73310","","","",-97.96115,19.93508,"http://sic.gob.mx/ficha.php?table=centro_cultural&table_id=2947","2026-01-20 18:11:21-06"
2309,"Casa de la Cultura Xhopanatzin","2003-11-05","Ayuntamiento de Zapotitlán Salinas",21,"Puebla",209,"Zapotitlán",1,"Zapotitlán Salinas","Allende 2","Centro","75860","(237) 383 68 82","","",-97.47544,18.32965,"http://sic.gob.mx/ficha.php?table=centro_cultural&table_id=2309","2025-08-13 13:06:19-06"
1808,"Casa de  Cultura Pinahuizapan ","2005-05-12","Ayuntamiento de Zautla",21,"Puebla",212,"Zautla",1,"Santiago Zautla","Francisco I. Madero 1","Centro","73740","233 331 5068","","",-97.67212,19.71431,"http://sic.gob.mx/ficha.php?table=centro_cultural&table_id=1808","2025-06-04 11:19:26-06"
2311,"Casa de la Cultura Ma Ti Mo Machtika","2003-09-07","Ayuntamiento de Zoquitlán",21,"Puebla",217,"Zoquitlán",1,"Zoquitlán","Av. Nacional s/n","Centro","75930","(236) 378 20 44","","",-97.02019,18.33632,"http://sic.gob.mx/ficha.php?table=centro_cultural&table_id=2311","2017-03-23 11:58:12-06"
749,"Centro Cultural Amealco","1987-06-26","Ayuntamiento de Amealco de Bonfil",22,"Querétaro",1,"Amealco de Bonfil",1,"Amealco de Bonfil","Venustiano Carranza 140","Centro","76850","448 278 2244","http://www.amealco.gob.mx/","centrocultural@amealco.gob.mx",-100.14317,20.18678,"http://sic.gob.mx/ficha.php?table=centro_cultural&table_id=749","2025-04-01 12:16:03-06"
1576,"Casa de Cultura de Pinal de Amoles","1994-09-28","Ayuntamiento de Pinal de Amoles",22,"Querétaro",2,"Pinal de Amoles",1,"Pinal de Amoles","Independencia s/n esq. Madero","Centro","76300","(441) 292 55 15","https://queretaro.travel/lugares/museo-comunitario-de-pinal-de-amoles-general-tomas-mejia/","esenciaculturapinal@hotmail.com",-99.62608,21.13467,"http://sic.gob.mx/ficha.php?table=centro_cultural&table_id=1576","2026-05-27 11:30:40-06"
1566,"Centro de Desarrollo Cultural de Ahuacatlán de Guadalupe","2009-04-15","Ayuntamiento de Pinal de Amoles",22,"Querétaro",2,"Pinal de Amoles",11,"Ahuacatlán de Guadalupe","Carr. San Juan del Río-Xilitla Km. 170","Centro","76310","441 292 55 15","","esenciaculturapinal@hotmail.com; victorinorr@yahoo.com.mx",-99.5389,21.21336,"http://sic.gob.mx/ficha.php?table=centro_cultural&table_id=1566","2021-10-11 08:42:01-05"
752,"Casa Municipal de la Cultura Arroyo Seco","1991-02-12","Ayuntamiento de Arroyo Seco",22,"Querétaro",3,"Arroyo Seco",1,"Arroyo Seco","Hidago s/n","Centro","76400","487 874 21 10 ext. 111","","culturaarroyoseco@hotmail.com",-99.6887,21.54772,"http://sic.gob.mx/ficha.php?table=centro_cultural&table_id=752","2024-03-27 10:44:40-06"
753,"Centro Cultural de Cadereyta","1989-03-03","Ayuntamiento de Cadereyta de Montes",22,"Querétaro",4,"Cadereyta de Montes",1,"Cadereyta de Montes","Juárez 14","Centro","76500","441 276 01 80 ext. 244","https://cadereytademontes.gob.mx/","educacionycultura@cadereytaqueretaro.gob.mx",-99.81602,20.69397,"http://sic.gob.mx/ficha.php?table=centro_cultural&table_id=753","2025-05-14 13:12:20-06"
1568,"Casa de Cultura Arnulfo Cabrera Molina","1997-07-22","Ayuntamiento de Colón",22,"Querétaro",5,"Colón",1,"Colón","Álvaro Obregón 48","Centro","76270","","","casadecultura.colon@gmail.com",-100.04942,20.78704,"http://sic.gob.mx/ficha.php?table=centro_cultural&table_id=1568","2025-05-19 10:38:02-06"
3021,"Centro Cultural Don Benito Juárez García","1000-01-01","Ayuntamiento de Colón",22,"Querétaro",5,"Colón",2,"Ajuchitlán","QRO 110 117","Col. Ajuchitlán","76280","(419) 234 53 76       ","","centrocultural.ajuchitlan@gmail.com",-100.02323,20.71078,"http://sic.gob.mx/ficha.php?table=centro_cultural&table_id=3021","2026-01-29 17:54:18-06"
2932,"Centro de Desarrollo Cultural Tejeda","2014-09-10","Ayuntamiento de Corregidora",22,"Querétaro",6,"Corregidora",1,"El Pueblito","Paseo Tejeda s/n esq. Belgrado","Col. Residencial Tejeda","76904","442 209 60 00 ext. 7577	","","",-100.41861,20.54592,"http://sic.gob.mx/ficha.php?table=centro_cultural&table_id=2932","2025-01-21 11:53:27-06"
1501,"Centro de Desarrollo Cultural El Pueblito","1985-10-12","Ayuntamiento de Corregidora",22,"Querétaro",6,"Corregidora",1,"El Pueblito","Fray Sebastián de Gallegos 1","Col. El Pueblito","76900","442 209 60 00 ext. 2016","","",-100.44141,20.54229,"http://sic.gob.mx/ficha.php?table=centro_cultural&table_id=1501","2025-01-20 17:22:22-06"
2929,"Centro de Desarrollo Cultural Lomas de Balvanera","2015-10-01","Ayuntamiento de Corregidora",22,"Querétaro",6,"Corregidora",1,"El Pueblito","Geranios s/n","Col. Lomas de Balvanera","76908","442 214 88 79","","",-100.4618,20.52763,"http://sic.gob.mx/ficha.php?table=centro_cultural&table_id=2929","2025-02-13 14:34:14-06"
2928,"Centro de Desarrollo Cultural Candiles","2008-03-13","Ayuntamiento de Corregidora",22,"Querétaro",6,"Corregidora",1,"El Pueblito","Circuito Antonio Pérez Alcocer 728","Candiles","76190","442 196 57 69","","",-100.40602,20.54749,"http://sic.gob.mx/ficha.php?table=centro_cultural&table_id=2928","2025-01-21 12:46:29-06"
2931,"Centro de Desarrollo Cultural Los Ángeles","2014-08-30","Ayuntamiento de Corregidora",22,"Querétaro",6,"Corregidora",1,"El Pueblito","Hidalgo 2","Col. Los Ángeles ","76908","442 209 60 00 ext. 7579","","",-100.48503,20.53661,"http://sic.gob.mx/ficha.php?table=centro_cultural&table_id=2931","2025-01-20 17:38:08-06"
2930,"Casa de Cultura Santa Bárbara","1999-01-30","Ayuntamiento de Corregidora",22,"Querétaro",6,"Corregidora",1,"El Pueblito","Pascual Ortiz Rubio 54","Col. Santa. Bárbara","76906 ","(442) 225 1687","","raizvictor1@hotmail.com; diana.negrete.luna@hotmail.com",-100.44101,20.52163,"http://sic.gob.mx/ficha.php?table=centro_cultural&table_id=2930","2024-05-08 16:53:40-06"
2933,"Centro de Desarrollo Humano Joaquín Herrera","2014-06-14","Ayuntamiento de Corregidora",22,"Querétaro",6,"Corregidora",1,"El Pueblito","Casco de la Ex Hacienda de Joaquín Herrera","","76916","442 384 5672","","raizvictor1@hotmail.com",0,0,"http://sic.gob.mx/ficha.php?table=centro_cultural&table_id=2933","2024-12-19 12:59:54-06"
3857,"Centro de Desarrollo Cultural Charco Blanco","1000-01-01","",22,"Querétaro",6,"Corregidora",11,"Charco Blanco","Sáuz s/n","","","442 370 0616","","",-100.47144,20.43456,"http://sic.gob.mx/ficha.php?table=centro_cultural&table_id=3857","2025-01-21 11:44:45-06"
3858,"Centro de Desarrollo Cultural La Negreta","1000-01-01","Ayuntamiento de Corregidora",22,"Querétaro",6,"Corregidora",17,"La Negreta","Jardines del Progreso esq. Independencia","Jardines de La Negreta","","442 423 6041","","",-100.45544,20.522,"http://sic.gob.mx/ficha.php?table=centro_cultural&table_id=3858","2025-01-21 12:14:01-06"
2934,"Centro de Desarrollo Cultural Los Olvera ","2015-08-10","Ayuntamiento de Corregidora",22,"Querétaro",6,"Corregidora",19,"Los Olvera","Calle Naranjo esq. Pino Norte","Col. Los Olvera","76900","442 278 40 91","","",-100.40994,20.53535,"http://sic.gob.mx/ficha.php?table=centro_cultural&table_id=2934","2025-01-20 17:30:15-06"
1570,"Casa Municipal de Cultura de Ezequiel Montes","1991-01-01","Ayuntamiento de Ezequiel Montes",22,"Querétaro",7,"Ezequiel Montes",1,"Ezequiel Montes","Benito Juárez 136","Centro","76650","441 277 0138","","cultura.ezequielmontes@gmail.com",-99.8975,20.66552,"http://sic.gob.mx/ficha.php?table=centro_cultural&table_id=1570","2025-10-16 19:47:54-06"
1567,"Casa de la Cultura de Bernal Montes","1985-04-01","Ayuntamiento de Ezequiel Montes",22,"Querétaro",7,"Ezequiel Montes",1,"Ezequiel Montes","Calle Benito Juárez 136","Centro","76650","441 277 13 05","","cultura.ezequielmontes@gmail.com",-99.89748,20.66574,"http://sic.gob.mx/ficha.php?table=centro_cultural&table_id=1567","2023-10-09 05:39:59-06"
459,"Casa de la Cultura de Villa Progreso","1997-07-01","Ayuntamiento Villa Progreso",22,"Querétaro",7,"Ezequiel Montes",47,"Villa Progreso","Calle Manuel Doblado","San Miguel","76670","4412770090","","semillerocadereyta@gmail.com",-99.83509,20.64389,"http://sic.gob.mx/ficha.php?table=centro_cultural&table_id=459","2023-07-31 04:31:43-06"
1572,"Casa de la Cultura J. Guadalupe Velázquez","2018-03-01","Ayuntamiento de Huimilpan",22,"Querétaro",8,"Huimilpan",1,"Huimilpan","Francisco I. Madero esq. Aldama","Centro","76950","448  278 50 47 ext. 3206","https://huimilpan.gob.mx/"," presidencia@huimilpan.gob.mx",-100.27469,20.37598,"http://sic.gob.mx/ficha.php?table=centro_cultural&table_id=1572","2025-11-19 18:58:10-06"
1573,"Casa Municipal de Cultura de Jalpan de Serra","1991-08-09","Ayuntamiento de Jalpan de Serra/Coordinación de Cultura",22,"Querétaro",9,"Jalpan de Serra",1,"Jalpan de Serra","Nicolás Bravo s/n","Centro","76340","441 107 77 77","","coltrackm3@gmail.com; anggie_08sanchez@hotmail.com",-99.47621,21.2183,"http://sic.gob.mx/ficha.php?table=centro_cultural&table_id=1573","2025-10-31 18:56:16-06"
3440,"Centro Cultural de Jalpan de Serra","1000-01-01","Ayuntamiento de Jalpan de Serra/Coordinación de Cultura",22,"Querétaro",9,"Jalpan de Serra",1,"Jalpan de Serra","Independencia s/n","Centro","76340","441 107 77 77","","coltrackm3@gmail.com; anggie_08sanchez@hotmail.com",-99.47278,21.2168,"http://sic.gob.mx/ficha.php?table=centro_cultural&table_id=3440","2024-02-01 02:12:19-06"
865,"Centro Comunitario de Desarrollo La Lagunita","1998-01-01","Ayuntamiento de Landa de Matamoros",22,"Querétaro",10,"Landa de Matamoros",1,"Landa de Matamoros","Xilitla San Juan del Río km 211","Centro","76340","441 292 52 07","","educacionycultura@landadematamorosqro.gob.mx",0,0,"http://sic.gob.mx/ficha.php?table=centro_cultural&table_id=865","2023-08-03 04:41:22-06"
1574,"Casa de la Cultura de Landa de Matamoros","1997-01-01","Ayuntamiento de Landa de Matamoros",22,"Querétaro",10,"Landa de Matamoros",1,"Landa de Matamoros","Corregidora s/n","Centro","76390","441 292 52 07 al 09","http://www.landadematamorosqro.gob.mx/","educacionycultura@landadematamorosqro.gob.mx",0,0,"http://sic.gob.mx/ficha.php?table=centro_cultural&table_id=1574","2021-04-27 08:11:07-05"
3119,"Centro Cultural Ciudad Maderas","2017-10-01","Secretaría de Desarrollo Social/Dirección de Cultura del Municipio de El Marqués",22,"Querétaro",11,"El Marqués",1,"La Cañada","Anillo Vial III km 4 + 860","Fracc. Ciudad Maderas","","(044) (442) 238 8400 ext. 158","https://www.facebook.com/sedesoc.elmarques.5?fref=search&__tn__=%2Cd%2CP-R&eid=ARCTKe6h5JDDK_cZPOr72gA18LIyaIvHhvfxMbUTJTX0RhXFoBgM6m1rBuwLzmeVmP3NFLaidaYejPhR","d.culturamunicipal@hotmail.com",-100.27567,20.60888,"http://sic.gob.mx/ficha.php?table=centro_cultural&table_id=3119","2025-06-25 16:30:54-06"
1569,"Casa de Cultura de La Cañada","1989-03-03","Secretaría de Desarrollo Social/Dirección de Cultura del Municipio de El Marqués",22,"Querétaro",11,"El Marqués",1,"La Cañada","Venustiano Carranza 12","Col. La Cañada","76240","(044) (442) 238 84 00 ext. 158","https://www.facebook.com/sedesoc.elmarques.5?fref=search&__tn__=%2Cd%2CP-R&eid=ARCTKe6h5JDDK_cZPOr72gA18LIyaIvHhvfxMbUTJTX0RhXFoBgM6m1rBuwLzmeVmP3NFLaidaYejPhR","d.culturamunicipal@hotmail.com",-100.33159,20.60774,"http://sic.gob.mx/ficha.php?table=centro_cultural&table_id=1569","2019-05-30 11:11:21-05"
1575,"Casa Municipal de Cultura de Pedro Escobedo","1996-06-01","Ayuntamiento Pedro Escobedo",22,"Querétaro",12,"Pedro Escobedo",1,"Pedro Escobedo","Cda. Morelos 88","Villas Escobedo 2000","76700","448 275 00 06","https://pedroescobedo.gob.mx/","",-100.14402,20.50378,"http://sic.gob.mx/ficha.php?table=centro_cultural&table_id=1575","2025-09-12 17:25:28-06"
895,"Casa Municipal de Cultura de Peñamiller","1991-09-01","Ayuntamiento de Peñamiller",22,"Querétaro",13,"Peñamiller",1,"Peñamiller","1 de Mayo ","Centro","76450","441 296 60 80","","coordinacion.cultura@peñamiller.gob.mx",0,0,"http://sic.gob.mx/ficha.php?table=centro_cultural&table_id=895","2023-08-02 07:13:57-06"
3102,"Centro Cultural UNAM","2019-01-30","UNAM/Escuela Nacional de Estudios Superiores (ENES) Unidad Juriquilla, Fundación UNAM/Capítulo Querétaro",22,"Querétaro",14,"Querétaro",1,"Santiago de Querétaro","16 de Septiembre 97","Centro","76000","(442) 241 18 77","","ccu_enesj@unam.mx",-100.38725,20.59634,"http://sic.gob.mx/ficha.php?table=centro_cultural&table_id=3102","2026-04-07 17:59:11-06"
3785,"Centro de Arte Emergente Querétaro","2010-01-01","Secretaría de Cultura del Estado de Querétaro",22,"Querétaro",14,"Querétaro",1,"Santiago de Querétaro","Gonzalo Río Arronte s/n","Villas del Sur","76040","","","centrodearteemergente@gmail.com",-100.38609,20.5848,"http://sic.gob.mx/ficha.php?table=centro_cultural&table_id=3785","2025-11-25 17:09:45-06"
631,"Centro Educativo y Cultural Manuel Gómez Morín","2003-09-30","Gobierno del Estado de Querétaro",22,"Querétaro",14,"Querétaro",1,"Santiago de Querétaro","Av. Constituyentes  s/n","Col. Villas del Sur","76000","(442) 251 96 00","http://gomezmorin.queretaro.gob.mx/","juribec@queretaro.gob.mx",-100.38631,20.58641,"http://sic.gob.mx/ficha.php?table=centro_cultural&table_id=631","2019-06-06 04:57:30-05"
2989,"Centro de Arte Bernardo Quintana","2008-10-28","Universidad Autónoma de Querétaro",22,"Querétaro",14,"Querétaro",1,"Santiago de Querétaro","Dr. Leopoldo Río de la Loza 23 ","Centro Histórico","76000","442 192 12 00 exts. 3150, 3158, 3530 ","https://directorio.uaq.mx/","cabqa@uaq.mx",-100.38889,20.59491,"http://sic.gob.mx/ficha.php?table=centro_cultural&table_id=2989","2026-01-14 13:46:07-06"
629,"Centro Cultural Casa del Faldón","1991-09-11","Secretaría de Cultura del Estado de Querétaro/Dirección de Educación Artística y Servicios Culturales",22,"Querétaro",14,"Querétaro",1,"Santiago de Querétaro","Primavera 45 Ote.","Barrio de San Sebastián","76000","(442) 212 48 08","https://culturaqueretaro.gob.mx/espaciosculturales/recinto/7#:~:text=El%20Centro%20Cultural%20Casa%20del%20Fald%C3%B3n%20funge%20como%20espacio%20recreativo","casadelfaldon@gmail.com",-100.39317,20.60045,"http://sic.gob.mx/ficha.php?table=centro_cultural&table_id=629","2024-09-03 15:05:45-06"
3429,"Centro Queretano de la Imagen","2015-04-01","Secretaría de Cultura del Estado de Querétaro/Dirección de Educación Artística y Servicios Culturales",22,"Querétaro",14,"Querétaro",1,"Santiago de Querétaro","Benito Juárez 66","Centro","76000","442 212 2947","http://culturaqueretaro.gob.mx/iqca/sitio/Espaciosculturalescontroller/recinto/15","cqi.queretaro@gmail.com",-100.39085,20.58922,"http://sic.gob.mx/ficha.php?table=centro_cultural&table_id=3429","2024-09-02 18:40:32-06"
2854,"Centro de las Artes  de Querétaro ","2013-01-01","Secretaría de Cultura del Estado de Querétaro",22,"Querétaro",14,"Querétaro",1,"Santiago de Querétaro","Arteaga 89","Centro Histórico","76000","442 251 98 50","","ceartqro.admvo@gmail.com, red.caq@cenart.gob.mx",-100.39638,20.58846,"http://sic.gob.mx/ficha.php?table=centro_cultural&table_id=2854","2024-09-02 14:41:22-06"
109,"Casa de Cultura Cayetano Rubio","1986-01-01","Ayuntamiento de Querétaro/Secretaría de Cultura",22,"Querétaro",14,"Querétaro",1,"Santiago de Querétaro","Av. Hércules 45 Pte.","Col. Hércules","76209","442 234 6203","https://municipiodequeretaro.gob.mx/secretarias/secretaria-de-cultura/casas-de-cultura/cayetano-rubio/","casaculturacayetanor@hotmail.com; martha.salgado@municipiodequeretaro.gob.mx",-100.35912,20.59986,"http://sic.gob.mx/ficha.php?table=centro_cultural&table_id=109","2026-05-14 10:20:01-06"
3285,"BEMA Centro Cultural","2019-05-02","Fundación Multitud",22,"Querétaro",14,"Querétaro",1,"Santiago de Querétaro","Priv. Revillagigedo 10","Barrio de San Francisquito","76058","442 223 58 87","https://derivelab.org/proyecto/bema/","info@bema.space",-100.37868,20.59021,"http://sic.gob.mx/ficha.php?table=centro_cultural&table_id=3285","2021-06-10 09:36:55-05"
149,"Casa de la Cultura Dr. Ignacio Mena Rosales","1971-12-01","Ayuntamiento de Querétaro/Secretaría de Cultura",22,"Querétaro",14,"Querétaro",1,"Santiago de Querétaro","5 de Mayo 40","Centro","76000","442 212 5614","https://municipiodequeretaro.gob.mx/secretarias/secretaria-de-cultura/casas-de-cultura/dr-ignacio-mena/","ccignaciomena@live.com.mx; martha.salgado@municipiodequeretaro.gob.mx",-100.38919,20.59448,"http://sic.gob.mx/ficha.php?table=centro_cultural&table_id=149","2026-05-14 10:19:45-06"
2898,"Centro Cultural La Vía","2011-12-03","Ayuntamiento de Querétaro/Secretaría de Cultura",22,"Querétaro",14,"Querétaro",1,"Santiago de Querétaro","Héroe de Nacozari s/n esq. Estío","Col. Las Rosas","76000","442 340 2780","","valentin.garcia10@gmail.com; martha.salgado@municipiodequeretaro.gob.mx",-100.40037,20.60071,"http://sic.gob.mx/ficha.php?table=centro_cultural&table_id=2898","2026-05-14 10:19:26-06"
3875,"Centro Cultural El Árbol","2021-01-01","",22,"Querétaro",14,"Querétaro",1,"Santiago de Querétaro","José Ma. Morelos 10","Centro","76000 ","442 180 5449  ","","elarbol@gmail.com",-100.39491,20.59453,"http://sic.gob.mx/ficha.php?table=centro_cultural&table_id=3875","2025-10-17 18:42:44-06"
2689,"Centro Cultural La Antigua Estación del Ferrocarril","2000-01-01","Instituto de Cultura Municipal de Querétaro",22,"Querétaro",14,"Querétaro",1,"Santiago de Querétaro","Héroe de Nacozari s/n","Centro Histórico","76000","442 340 27 80","https://municipiodequeretaro.gob.mx/secretarias/secretaria-de-cultura/espacios-de-patrimonio/antigua-estacion-del-ferrocarril/","valentin.garcia@municipiodequeretaro.gob.mx; contacto.culturaqro@gmail.com",-100.39623,20.6017,"http://sic.gob.mx/ficha.php?table=centro_cultural&table_id=2689","2024-09-06 14:48:19-06"
2084,"El Foro de La Fábrica","2004-11-15","Privado",22,"Querétaro",14,"Querétaro",1,"Santiago de Querétaro","Av. Industrialización 4, Int. C","Col. Álamos, 2da. sección","76160","442 642 8991","http://Forodelafabrica.hazticket.mx/","holaforodelafabrica@gmail.com",-100.38152,20.60486,"http://sic.gob.mx/ficha.php?table=centro_cultural&table_id=2084","2020-05-20 08:15:08-05"
4008,"Centro de las Artes de Querétaro (CEART)","1000-01-01","Secretaría de Cultura del Poder Ejecutivo del Estado de Querétaro/Dirección de Educación Artística y Servicio Culturales",22,"Querétaro",14,"Querétaro",1,"Santiago de Querétaro","José María Arteaga 89","Centro","76000","442 251 9850 exts. 1037, 1038, 1039, 1040","https://www.queretaro.gob.mx/","amorac@queretaro.gob.mx",-100.39628,20.58808,"http://sic.gob.mx/ficha.php?table=centro_cultural&table_id=4008","2026-08-14 13:21:41-06"
2152,"Centro Cultural Mtro. Enrique Burgos Mondragón","1995-06-20","Ayuntamiento de Querétaro/Secretaría de Cultura",22,"Querétaro",14,"Querétaro",1,"Santiago de Querétaro","Av. Lagos 212","Col. El Rocío","76114","442 257 1819, 442 227 9998","https://municipiodequeretaro.gob.mx/","culturamqro@gmail.com; ccenriqueburgosmondragon@gmail.com; martha.salgado@municipiodequeretaro.gob.mx",-100.4442,20.62132,"http://sic.gob.mx/ficha.php?table=centro_cultural&table_id=2152","2026-05-14 10:19:39-06"
155,"Casa de Cultura Josefa Vergara y Hernández","1997-02-14","Ayuntamiento de Querétaro/Secretaría de Cultura",22,"Querétaro",14,"Querétaro",1,"Santiago de Querétaro","Av. Luis Pasteur Sur s/n esq. calle 24","Col. Presidentes","76080","442 262 0133","https://municipiodequeretaro.gob.mx/","casadeculturajvh@hotmail.com; martha.salgado@municipiodequeretaro.gob.mx",-100.38321,20.56714,"http://sic.gob.mx/ficha.php?table=centro_cultural&table_id=155","2026-05-14 10:19:53-06"
245,"Casa de Cultura Epigmenio González","1995-06-01","Ayuntamiento de Querétaro/Secretaría de Cultura del Municipio",22,"Querétaro",14,"Querétaro",1,"Santiago de Querétaro","Centeotl 122","Col. Desarrollo San Pablo","76130","442 195 9363","https://municipiodequeretaro.gob.mx/","ccepigon@hotmail.com; martha.salgado@municipiodequeretaro.gob.mx",0,0,"http://sic.gob.mx/ficha.php?table=centro_cultural&table_id=245","2026-05-14 10:20:19-06"
1571,"Casa de Cultura Felipe Carrillo Puerto","1986-09-01","Ayuntamiento de Querétaro/Secretaría de Cultura",22,"Querétaro",14,"Querétaro",1,"Santiago de Querétaro","Priv. Gabriela Mistral 130","Col. Felipe Carrillo Puerto, Delegación Felipe Carrillo Puerto","76138","442 217 4559","https://municipiodequeretaro.gob.mx/","casaculturafcp@gmail.com.mx; culturamqro@gmail.com; martha.salgado@municipiodequeretaro.gob.mx; ",-100.42328,20.60336,"http://sic.gob.mx/ficha.php?table=centro_cultural&table_id=1571","2026-05-14 10:20:25-06"
1126,"Centro Cultural Sol y Luna","1997-12-10","Privado",22,"Querétaro",14,"Querétaro",1,"Santiago de Querétaro","Ángela Peralta 19","Centro","76000","442 224 01 98","","",0,0,"http://sic.gob.mx/ficha.php?table=centro_cultural&table_id=1126","2021-04-24 08:23:14-05"
2882,"Centro Cultural Tinta Creativa","2009-07-26","Lucía María Guadalupe Beltrán Santibáñez",22,"Querétaro",14,"Querétaro",1,"Santiago de Querétaro","Puente de Alvarado 423","Col. Carretas","76050 "," 442 302 33 28","","tinta.creativa@yahoo.com",-100.36835,20.59146,"http://sic.gob.mx/ficha.php?table=centro_cultural&table_id=2882","2023-12-06 03:44:34-06"
3104,"Centro Cultural Comunitario Felipe Carrillo Puerto","2018-01-18","Municipio de Querétaro",22,"Querétaro",14,"Querétaro",1,"Santiago de Querétaro","Alfonso Reyes 500","Col. Plutarco Elías Calles","76134","442 221 04 01","https://municipiodequeretaro.gob.mx/secretarias/secretaria-de-cultura/casas-de-cultura/felipe-carrillo-puerto/","",-100.43888,20.60987,"http://sic.gob.mx/ficha.php?table=centro_cultural&table_id=3104","2026-02-12 18:38:07-06"
1502,"Casa de Cultura Dr. Félix Osores Sotomayor","1997-02-14","Ayuntamiento de Querétaro/Secretaría de Cultura",22,"Querétaro",14,"Querétaro",40,"Cerro Colorado (El Colorado)","Zacapoaxtlas 83","Col. Cerrito Colorado","76116","442 238 7700 ext. 5251","https://municipiodequeretaro.gob.mx/secretarias/secretaria-de-cultura/casas-de-cultura/dr-felix-osores-sotomayor/","culturamqro@gmail.com; martha.salgado@municipiodequeretaro.gob.mx",-100.45815,20.6412,"http://sic.gob.mx/ficha.php?table=centro_cultural&table_id=1502","2026-05-14 10:20:13-06"
3103,"Centro Cultural La Lagartija","2016-01-01","Ayuntamiento de Juriquilla/Secretaría de Cultura del Municipio de Querétaro",22,"Querétaro",14,"Querétaro",58,"Juriquilla","Blvd. Universitario 321 ","Juriquilla","76230","( 442) 212 20 17","","contacto.culturaqro@gmail.com",-100.44499,20.71409,"http://sic.gob.mx/ficha.php?table=centro_cultural&table_id=3103","2020-12-02 06:23:45-06"
2624,"Centro Académico Cultural (CAC), Campus Juriquilla UNAM","2006-11-24","UNAM",22,"Querétaro",14,"Querétaro",58,"Juriquilla","Blvd. Juriquilla 3001	","Col. Juriquilla","76230","(442) 192 61 32","http://www.campusjuriquilla.unam.mx","cac@teljuriquilla.unam.mx",-100.44514,20.70233,"http://sic.gob.mx/ficha.php?table=centro_cultural&table_id=2624","2019-11-20 07:18:12-06"
2891,"Casa de Cultura Bicentenario","2009-03-18","Ayuntamiento de Querétaro/Secretaría de Cultura del Municipio",22,"Querétaro",14,"Querétaro",108,"Santa Rosa Jáuregui","Melchor Ocampo 3   ","Centro, Delegación Santa Rosa Jáuregui","76220","442 291 1084 ","http://www.culturaqueretaro.gob.mx/casasdecultura_2.html","casadeculturabicentenario@yahoo.com.mx; martha.salgado@municipiodequeretaro.gob.mx",-100.44796,20.73621,"http://sic.gob.mx/ficha.php?table=centro_cultural&table_id=2891","2026-05-14 10:20:32-06"
3846,"Casa de los Saberes Jurídicos en Querétaro Ministro Agapito Pozo Balbás","1999-01-01","Suprema Corte de Justicia de la Nación",22,"Querétaro",14,"Querétaro",588,"Querétaro [Parque Industrial]","Ignacio Allende Norte 1","Centro","76000","55 4113 1000 ext. 8201 y 8200","https://www.sitios.scjn.gob.mx/casascultura/casas-cultura-juridica/queretaro-queretaro","ccjqueretaro@scjn.gob.mx",-100.3931,20.59258,"http://sic.gob.mx/ficha.php?table=centro_cultural&table_id=3846","2026-09-29 13:13:21-06"
1577,"Casa  Municipal de Cultura de San Joaquín","1987-02-26","Ayuntamiento de San Joaquín",22,"Querétaro",15,"San Joaquín",1,"San Joaquín","Emiliano Zapata 8","Centro","76550","441  293 50 03","","casadecultura.sanjoaquin@hotmail.com",-99.56584,20.91616,"http://sic.gob.mx/ficha.php?table=centro_cultural&table_id=1577","2023-09-29 05:20:46-06"
152,"Casa de Cultura de San Juan del Río","1976-10-14","Ayuntamiento de San Juan del Río/Dirección de Cultura",22,"Querétaro",16,"San Juan del Río",1,"San Juan del Río","Av. Juárez 59 Ote.","Centro","76800","427  272 29 03","https://www.sanjuandelrio.gob.mx/","direccionbellasartesjr@gmail.com",-99.99435,20.38634,"http://sic.gob.mx/ficha.php?table=centro_cultural&table_id=152","2024-11-27 09:41:55-06"
1966,"Centro Histórico y Cultural  de San Juan del Río","1990-06-24","Ayuntamiento de San Juan del Río/Dirección de Cultura",22,"Querétaro",16,"San Juan del Río",1,"San Juan del Río","Av. Juárez 30 Ote.","Centro","76800","(427) 272 08 84","https://www.sanjuandelrio.gob.mx/","direccionbellasartesjr@gmail.com",-99.99944,20.38644,"http://sic.gob.mx/ficha.php?table=centro_cultural&table_id=1966","2024-11-27 09:42:12-06"
1084,"Centro Cultural y de Convenciones José María Morelos y Pavón","1984-11-16","Ayuntamiento de San Juan del Río/Dirección de Cultura",22,"Querétaro",16,"San Juan del Río",1,"San Juan del Río","Carr. Panamericana s/n","Col. Lomas de Guadalupe","76807","427 272 26 91","https://www.queretaro.gob.mx/web/guest/san-juan-del-rio","direccionbellasartesjr@gmail.com",-99.98974,20.37588,"http://sic.gob.mx/ficha.php?table=centro_cultural&table_id=1084","2024-11-27 09:42:04-06"
522,"Centro Cultural Gloria Michaus Fernández","1991-05-30","Ayuntamiento de Tequisquiapan",22,"Querétaro",17,"Tequisquiapan",1,"Tequisquiapan","Cda. Los Sauces 1","Centro","76750","414 273 15 16","","tx_cultural@yahoo.com.mx",-99.89008,20.52502,"http://sic.gob.mx/ficha.php?table=centro_cultural&table_id=522","2023-10-17 06:40:15-06"
563,"Casa Municipal de Cultura de Tolimán","1981-09-01","Ayuntamiento de Tolimán/Coordinación de Cultura",22,"Querétaro",18,"Tolimán",1,"Tolimán","Plaza Independencia 4","Centro","76600","441 296 72 78","","coordinacioncultura@toliman.gob.mx",-99.93056,20.90815,"http://sic.gob.mx/ficha.php?table=centro_cultural&table_id=563","2023-07-28 06:37:55-06"
1265,"Casa de la Cultura de Cozumel Ixchel","1984-10-24","Instituto de la Cultura y las Artes de Quintana Roo",23,"Quintana Roo",1,"Cozumel",1,"Cozumel","Int. Fundación Comunitaria Cozumel, 50 Av. s/n entre Juárez y 2 Norte","Col. 10 de Abril","77622","(987) 872 14 71","","casadelaculturadecozumel@hotmail.com",-86.94126,20.50449,"http://sic.gob.mx/ficha.php?table=centro_cultural&table_id=1265","2026-05-18 19:15:03-06"
1417,"Casa de Cultura de Carrillo","1986-09-01","Instituto de la Cultura y las Artes de Quintana Roo",23,"Quintana Roo",2,"Felipe Carrillo Puerto",1,"Felipe Carrillo Puerto","Calle 68 núm. 759","Centro","77200","983 834 09 22","http://www.icaqroo.com/Listado-de-Casas-de-Cultura-de-Quintana-Roo/","casa_de_culturafcp@hotmail.com",-88.04491,19.57788,"http://sic.gob.mx/ficha.php?table=centro_cultural&table_id=1417","2020-06-12 11:53:20-05"
536,"Casa de Cultura de Chunhuhub","1000-01-01","Instituto de la Cultura y las Artes de Quintana Roo",23,"Quintana Roo",2,"Felipe Carrillo Puerto",44,"Chunhuhub","Domicilio conocido, Carr. Calle 30","Centro","77162","","http://www.secqr.gob.mx/index.php?option=com_content&task=view&id=27&Itemid=34","",-88.59241,19.58647,"http://sic.gob.mx/ficha.php?table=centro_cultural&table_id=536","2019-10-10 12:15:19-05"
543,"Casa de la Cultura de Isla Mujeres","1000-01-01","Instituto de la Cultura y las Artes de Quintana Roo",23,"Quintana Roo",3,"Isla Mujeres",1,"Isla Mujeres","Abasolo s/n","Centro","77400","(998) 877 06  39","","",-86.74744,21.25804,"http://sic.gob.mx/ficha.php?table=centro_cultural&table_id=543","2019-09-18 08:08:08-05"
2127,"Centro Cultural La Ceiba ","2005-01-01","Flora, Fauna y Cultura de México, A.C.",23,"Quintana Roo",4,"Othón P. Blanco",1,"Chetumal","Km. 282 Carr. Chetumal-Puerto Juárez","Col. Ejidal, Playa del Carmen","77710","984  859 23 27","https://www.florafaunaycultura.org/parque-la-ceiba/","desarrollo@florafaunaycultura.org",-87.08715,20.62796,"http://sic.gob.mx/ficha.php?table=centro_cultural&table_id=2127","2023-07-25 04:30:55-06"
633,"Casa Internacional del Escritor","1990-07-20","Instituto de la Cultura y las Artes de Quintana Roo",23,"Quintana Roo",4,"Othón P. Blanco",1,"Chetumal","Av. 3 s/n entre 8 y 10","Col. Magisterial","77930","983 120 53 14","http://www.secqr.gob.mx/","rscaamal@hotmail.com",-88.29778,18.49389,"http://sic.gob.mx/ficha.php?table=centro_cultural&table_id=633","2020-06-11 08:41:40-05"
3832,"Casa de los Saberes Jurídicos en Chetumal Ministro José Alfonso Abitia Arzapalo ","2005-03-14","Suprema Corte de Justicia de la Nación",23,"Quintana Roo",4,"Othón P. Blanco",1,"Chetumal","Av. Isla Cancún 414 y 416, esq. Nápoles","Col. Benito Juárez","77037","55 4113 1000 ext. 8769  y 8777","https://www.sitios.scjn.gob.mx/casascultura/casas-cultura-juridica/chetumal-quintana-roo","ccjchetumal@mail.scjn.gob.mx",-88.30838,18.51625,"http://sic.gob.mx/ficha.php?table=centro_cultural&table_id=3832","2026-09-29 12:38:05-06"
1309,"Centro Cultural de las Bellas Artes","1998-03-26","Instituto de la Cultura y las Artes de Quintana Roo",23,"Quintana Roo",4,"Othón P. Blanco",1,"Chetumal","Av. Héroes 68 esq. Héroes de Chapultepec","Centro","77000","(983) 832 06 71","","artecultura.seycqroo@gmail.com",-88.29628,18.50159,"http://sic.gob.mx/ficha.php?table=centro_cultural&table_id=1309","2025-12-19 17:10:18-06"
1412,"Casa de Cultura de Chetumal","1976-12-13","Instituto de la Cultura y las Artes de Quintana Roo",23,"Quintana Roo",4,"Othón P. Blanco",1,"Chetumal","Av. Efraín Aguilar 361","Col. Campestre","77030","983 832 06 71","","casadelacultura.chetumal@gmail.com",-88.3071,18.50343,"http://sic.gob.mx/ficha.php?table=centro_cultural&table_id=1412","2020-06-12 12:33:36-05"
538,"Casa de Cultura de Calderas","1992-05-18","Instituto de la Cultura y las Artes de Quintana Roo",23,"Quintana Roo",4,"Othón P. Blanco",16,"Calderitas","Av. Oaxaca s/n entre 24 de Febrero y Campeche","","77900","983 834 42 44","","casacultcalderitas@hotmail.com",-88.25332,18.55398,"http://sic.gob.mx/ficha.php?table=centro_cultural&table_id=538","2020-06-12 09:42:14-05"
3277,"Casa de la Cultura de Mahahual","2018-10-17","Instituto de la Cultura y las Artes de Quintana Roo",23,"Quintana Roo",4,"Othón P. Blanco",53,"Mahahual","Av. Cafetal, Erizo Mza 21 Lote 2, Entre Merlin  ","Col. Arrecifes","77976","","","Casadeculturamahahual@hotmail.com",-87.71182,18.73206,"http://sic.gob.mx/ficha.php?table=centro_cultural&table_id=3277","2019-09-25 06:08:41-05"
3276,"Casa de la Cultura de Nicolás Bravo","2011-02-21","Instituto de la Cultura y las Artes de Quintana Roo",23,"Quintana Roo",4,"Othón P. Blanco",64,"Nicolás Bravo","Margarita Maza, esq. Niños Héroes ","20 de noviembre","77984","(983) 835 51 78","","casaculturanicolas@hotmail.com",-88.92847,18.45807,"http://sic.gob.mx/ficha.php?table=centro_cultural&table_id=3276","2019-09-20 08:29:11-05"
2697,"Centro  Cultural de las Artes de Cancún","2013-01-01","Ayuntamiento de Benito Juárez/Instituto de la Cultura y las Artes",23,"Quintana Roo",5,"Benito Juárez",1,"Cancún","Av. Tulum Sm-20 M-8 L-34 entre Liebre y Jabalí","Centro","77500","998 898 45 10","https://www.institutodelaculturacancun.com/?fbclid=IwAR3oYX5WB7Y06KmV1O6l8Z1r5jlsBShLfH3bjeVhtFXbpSnHvH4wiU5DgL0","institutodelaculturacancun@gmail.com",-86.82552,21.15176,"http://sic.gob.mx/ficha.php?table=centro_cultural&table_id=2697","2025-01-23 10:10:58-06"
3952,"Casa de los Saberes Jurídicos en  Ministro Andrés Eligio Quintana Roo en Cancún","2006-11-13","Casa de la Cultura Jurídica Ministro Andrés Quintana Roo en Cancún",23,"Quintana Roo",5,"Benito Juárez",1,"Cancún","Huachinango 26 Mza 22 lotes C1, C2, C7","Col. Supermanzana 3","77500","55 55411 3100 ext. 8749","https://www.sitios.scjn.gob.mx/casascultura/casas-cultura-juridica/cancun-quintana-roo","ccjcancun@mail.scjn.gob.mx",-86.82311,21.16063,"http://sic.gob.mx/ficha.php?table=centro_cultural&table_id=3952","2026-09-28 13:23:17-06"
626,"Casa de Cultura de Cancún","1991-05-21","Instituto de la Cultura y las Artes de Quintana Roo",23,"Quintana Roo",5,"Benito Juárez",1,"Cancún","Av. Yaxchilán s/n","Col. Supermanzana 21","77500","998 884 8229","http://www.icaqroo.com/Listado-de-Casas-de-Cultura-de-Quintana-Roo/","admon.casaculturacancun@gmail.com",-86.83254,21.15196,"http://sic.gob.mx/ficha.php?table=centro_cultural&table_id=626","2025-11-11 14:16:05-06"
3275,"Casa de la Cultura de Sabán","2011-02-21","Instituto de la Cultura y las Artes de Quintana Roo",23,"Quintana Roo",6,"José María Morelos",35,"Sabán","Carr. Tihosuco - Dziuche, Conocido","Col. Sabán ","77900","997 141 0847","http://icaqroo.com/","casaculturasaban@hotmail.com",-88.5417,20.03797,"http://sic.gob.mx/ficha.php?table=centro_cultural&table_id=3275","2026-04-20 18:49:52-06"
533,"Centro Cultural Bicentenario","1000-01-01","Instituto de la Cultura y las Artes de Quintana Roo",23,"Quintana Roo",6,"José María Morelos",69,"José María Morelos","Calle 44 Benito Juárez","Col. Madrazo","77890","","","",-88.71065,19.74478,"http://sic.gob.mx/ficha.php?table=centro_cultural&table_id=533","2024-10-08 14:06:48-06"
248,"Casa de la Cultura de Kantunilkín","2002-04-20","Instituto de la Cultura y las Artes de Quintana Roo",23,"Quintana Roo",7,"Lázaro Cárdenas",1,"Kantunilkín","Javier Rojo Gómez","Centro","77300","(984) 875 03 01","http://www.secqr.gob.mx","kantunilkin-casadelacultura@hotmail.com",-87.48611,21.10187,"http://sic.gob.mx/ficha.php?table=centro_cultural&table_id=248","2019-10-11 07:40:19-05"
3274,"Casa de la Cultura de Holbox","2011-03-11","Instituto de la Cultura y las Artes de Quintana Roo",23,"Quintana Roo",7,"Lázaro Cárdenas",12,"Holbox","Porfirio Díaz, Esq. Palomino ","Col. Centro","77310","(984) 157 96 46","http://icaqroo.com/","yara_elizabethaj@hotmail.com",-87.37838,21.52344,"http://sic.gob.mx/ficha.php?table=centro_cultural&table_id=3274","2019-09-18 11:54:42-05"
1116,"Centro Cultural de Playa del Carmen","2007-01-01","Instituto de la Cultura y las Artes de Quintana Roo",23,"Quintana Roo",8,"Solidaridad",1,"Playa del Carmen","Calle 75 Nte s/n","Centro","77710","(984) 873 26 54","http://www.solidaridad.gob.mx/index.php/proyectos-culturales","",-87.08295,20.65101,"http://sic.gob.mx/ficha.php?table=centro_cultural&table_id=1116","2019-10-11 08:39:48-05"
3831,"Casa de los Saberes Jurídicos en Cancún Ministro Andrés Eligio Quintana Roo","2006-11-13","Suprema Corte de Justicia de la Nación",23,"Quintana Roo",8,"Solidaridad",1,"Playa del Carmen","Huachinango 26, sup/mz. 3, mz. 22, Lts, C1, C2 y C7","Centro, Cancún.","77500","55 4113 1000 ext. 8755 y 8750","https://www.sitios.scjn.gob.mx/casascultura/casas-cultura-juridica/cancun-quintana-roo","ccjcancun@mail.scjn.gob.mx",-86.82313,21.16081,"http://sic.gob.mx/ficha.php?table=centro_cultural&table_id=3831","2026-09-29 12:51:01-06"
2430,"Centro de Cultura Italiana de Playa del Carmen","2009-08-01","Oficina Cultural de la Embajada de Italia en México",23,"Quintana Roo",8,"Solidaridad",1,"Playa del Carmen","Calle 26 s/n esq. Av.10 ","Col. Quintas del Carmen","","984 879 41 05 ","","info@centroitalianoplayadelcarmen.org",-87.06942,20.63257,"http://sic.gob.mx/ficha.php?table=centro_cultural&table_id=2430","2024-07-15 09:14:23-06"
46,"Casa de la Cultura Tulum","1999-09-01","Instituto de la Cultura y las Artes de Quintana Roo",23,"Quintana Roo",9,"Tulum",1,"Tulum","Neptuno s/n entre Alfa y Osiris","Centro","77780","(984) 871 24 96","http://www.secqr.gob.mx","casaculturatulum@yahoo.com.mx",-87.46272,20.20828,"http://sic.gob.mx/ficha.php?table=centro_cultural&table_id=46","2019-10-11 09:19:33-05"
537,"Casa de Cultura de Bacalar","1990-07-01","Instituto de la Cultura y las Artes de Quintana Roo",23,"Quintana Roo",10,"Bacalar",1,"Bacalar","Av. 5 núm. 317 esq. calle 26","Centro","77930","983 834 20 36","http://www.icaqroo.com/Listado-de-Casas-de-Cultura-de-Quintana-Roo/","casadeculturabacalar@hotmail.com",-88.38917,18.67615,"http://sic.gob.mx/ficha.php?table=centro_cultural&table_id=537","2020-06-12 10:00:11-05"
2742,"Casa de la Cultura de Puerto Morelos","1990-10-24","Casa de la Cultura de Puerto Morelos, A.C. ",23,"Quintana Roo",11,"Puerto Morelos",1,"Puerto Morelos","Av. Niños Héroes 2","Col. SM 02","77580","998 388 19 42","http://casaculturapuertomorelos.mex.tl/","casaculturapuertomorelos@gmail.com",-86.87611,20.84845,"http://sic.gob.mx/ficha.php?table=centro_cultural&table_id=2742","2020-04-22 14:10:07-05"
2588,"Casa de Cultura Julián Carrillo","2012-01-28","Secretaria de Cultura de San Luis Potosí/Ayuntamiento de Ahualulco",24,"San Luis Potosí",1,"Ahualulco",1,"Ahualulco del Sonido 13","Nabor Carrillo 22","Col. Cuartel Tercero","78450","(444) 854 80 11, 854 82 26","","",-101.16526,22.40066,"http://sic.gob.mx/ficha.php?table=centro_cultural&table_id=2588","2025-10-27 20:14:40-06"
3287,"Centro Cultural Julián Carrillo","1000-01-01","Gobierno del Estado",24,"San Luis Potosí",1,"Ahualulco",1,"Ahualulco del Sonido 13","","","","","","",-101.16751,22.39678,"http://sic.gob.mx/ficha.php?table=centro_cultural&table_id=3287","2023-04-24 08:26:09-06"
3766,"Centro Cultural Municipal de Aquismón","1000-01-01","Ayuntamiento de Aquismón",24,"San Luis Potosí",3,"Aquismón",1,"Aquismón","Framboyanes s/n ","","79765","482 368 0234","http://www.aquismon-slp.gob.mx/2018-2021/","cultura_aquismon@hotmail.com: ayuntamientodeaquismon@gmail.com",-99.0182,21.62685,"http://sic.gob.mx/ficha.php?table=centro_cultural&table_id=3766","2026-08-07 13:22:58-06"
2006,"Centro Cultural Real de Catorce","2007-01-01","Secretaría de Cultura del Gobierno del Estado de San Luis Potosí",24,"San Luis Potosí",6,"Catorce",1,"Real de Catorce","Juárez 1","Centro","78550","488 887 5072","https://cultura.slp.gob.mx/lugares/centro-cultural-real-de-catorce/","centroculturalderealdecatorce@gmail.com; contactosecult@gmail.com",-100.88618,23.6902,"http://sic.gob.mx/ficha.php?table=centro_cultural&table_id=2006","2026-04-30 13:31:43-06"
2349,"Centro Cultural de Cedral","2010-02-13","Ayuntamiento de Cedral",24,"San Luis Potosí",7,"Cedral",1,"Cedral","Francisco I. Madero 3","Centro","78520","488 887 13 90","https://cedral-slp.gob.mx/2021-2024","centrocultural@cedral-slp.gob.mx",-100.72636,23.81887,"http://sic.gob.mx/ficha.php?table=centro_cultural&table_id=2349","2026-05-12 18:38:52-06"
2207,"Casa de Cultura de Cerritos","2009-01-01","Ayuntamiento de Cerritos",24,"San Luis Potosí",8,"Cerritos",1,"Cerritos","Plaza Morelos s/n","Centro","79440","(486) 863 28 61","https://2024-2027.cerritos-slp.gob.mx/","ayuntamientocerritos@hotmail.com",-100.28431,22.43201,"http://sic.gob.mx/ficha.php?table=centro_cultural&table_id=2207","2026-07-07 17:52:40-06"
2237,"Casa de Cultura de Ciudad del Maíz","1000-01-01","Ayuntamiento de Ciudad del Maíz",24,"San Luis Potosí",10,"Ciudad del Maíz",1,"Ciudad del Maíz","Manuel José Othón 5","Centro","79300","482 378 01 02 Ext 102","https://2024-2027.ciudaddelmaizslp.gob.mx/","acosta_maiz2009@hotmail.com",-99.5997,22.40074,"http://sic.gob.mx/ficha.php?table=centro_cultural&table_id=2237","2025-12-16 17:33:18-06"
1445,"Centro Cultural de la Huasteca Potosina","1994-09-19","Secretaría de Cultura de Gobierno del Estado de San Luis Potosí",24,"San Luis Potosí",13,"Ciudad Valles",1,"Ciudad Valles","Blvd. México-Laredo esq. Libramiento Sur s/n","Fracc. Lomas de San José","79090","481 381 2675","","centroculturalhuasteca@outlook.com;  cchuastecaslp@hotmail.com",-98.99721,21.96609,"http://sic.gob.mx/ficha.php?table=centro_cultural&table_id=1445","2026-05-15 13:21:06-06"
532,"Centro Cultural de Charcas Profr. José Gallegos Rodríguez","2006-09-13","Ayuntamiento de Charcas",24,"San Luis Potosí",15,"Charcas",1,"Charcas","Calle 1º de Mayo 143","Centro","78570","486 852 00 05 ext 101","","m.me/casadelaculturacharcas",-101.11652,23.13014,"http://sic.gob.mx/ficha.php?table=centro_cultural&table_id=532","2022-09-22 07:01:42-05"
2650,"Casa de Cultura del Municipio de Ébano","2014-10-11","H. Ayuntamiento de Ébano",24,"San Luis Potosí",16,"Ebano",1,"Ebano","Antigua Estación del Ferrocarril km 268 núm. 16","Col. 18 de Marzo","79110","(845) 263 29 30","","",-98.37439,22.22914,"http://sic.gob.mx/ficha.php?table=centro_cultural&table_id=2650","2019-11-12 06:48:45-06"
2236,"Centro Cultural Municipal","2001-04-01","Ayuntamiento de Matehuala",24,"San Luis Potosí",20,"Matehuala",1,"Matehuala","Av. Miguel Hidalgo 610 Norte","Centro","78715","488 882 26 77","","fomentoculturaldehuatemala@hotmail.com",-100.64423,23.6638,"http://sic.gob.mx/ficha.php?table=centro_cultural&table_id=2236","2022-09-23 06:30:46-05"
2648,"Casa de Cultura del Barrio Olivar de las Ánimas","2016-01-01","Ayuntamiento de Matehuala",24,"San Luis Potosí",20,"Matehuala",1,"Matehuala","Libertad  s/n","Centro","78700","488 882 26 77","","fomentoculturaldehuatemala",-100.65439,23.64567,"http://sic.gob.mx/ficha.php?table=centro_cultural&table_id=2648","2025-11-06 17:01:25-06"
661,"Centro Cultural Salinas","2006-09-19","Secretaría de Cultura del Gobierno del Estado de San Luis Potosí/Ayuntamiento de Salinas",24,"San Luis Potosí",25,"Salinas",1,"Salinas de Hidalgo","Juan Sarabia 10","Centro","78620","496 963 0108","","ccsalinas20222024@hotmail.com",-101.71679,22.63108,"http://sic.gob.mx/ficha.php?table=centro_cultural&table_id=661","2025-02-11 08:30:42-06"
2645,"Casa de la Cultura de San Ciro de Acosta","2009-07-01","H. Ayuntamiento de San Ciro de Acosta",24,"San Luis Potosí",27,"San Ciro de Acosta",1,"San Ciro de Acosta","Calle de la Cruz s/n","Col. Lindavista","79680","487 874 0681","https://2024-2027.sancirodeacosta-slp.gob.mx/","h.ayuntamientosanciro2021.2024@gmail.com",-99.81557,21.65597,"http://sic.gob.mx/ficha.php?table=centro_cultural&table_id=2645","2026-04-27 19:46:59-06"
1341,"Instituto Educativo y Cultural Sección 26 del S.N.T.E.","1992-10-17","Sindicato Nacional de Trabajadores de la Educación",24,"San Luis Potosí",28,"San Luis Potosí",1,"San Luis Potosí","República s/n esq. Zamarripa","Col. Himno Nacional","78369","444 820 7114","","",-100.97882,22.1362,"http://sic.gob.mx/ficha.php?table=centro_cultural&table_id=1341","2026-01-16 13:14:10-06"
1659,"Zona de Danza","1999-01-01","Proyecto Coyote Arte Escénico A. C.",24,"San Luis Potosí",28,"San Luis Potosí",1,"San Luis Potosí","Comonfort 1005","Col. Alamitos","78280","(444) 129 92 73","https://es-la.facebook.com/pages/category/Cafeteria/Guarida-del-Coyote-226961077435006/","m.me/226961077435006",-100.98191,22.14656,"http://sic.gob.mx/ficha.php?table=centro_cultural&table_id=1659","2019-11-11 08:43:19-06"
1129,"Casa de Cultura del Barrio de Tlaxcala","2001-03-25","Secretaría de Cultura del Gobierno del Estado de San Luis Potosí",24,"San Luis Potosí",28,"San Luis Potosí",1,"San Luis Potosí","Eje Vial Ponciano Arriaga 883","Barrio de Tlaxcala","78038","444 812 5812","","meineliebe1994@hotmail.com",-100.97459,22.16745,"http://sic.gob.mx/ficha.php?table=centro_cultural&table_id=1129","2026-04-30 10:59:00-06"
1628,"Departamento de Arte y Cultura de la UASLP","1979-07-13","Universidad Autónoma de San Luis Potosí",24,"San Luis Potosí",28,"San Luis Potosí",1,"San Luis Potosí","Gral. Mariano Arista 475","Centro Histórico","78000","444 826 1300 ext. 1260 y 1270","https://www.uaslp.mx/difusioncultural","arteycultura@uaslp.mx",-100.981,22.15237,"http://sic.gob.mx/ficha.php?table=centro_cultural&table_id=1628","2026-04-27 19:56:35-06"
291,"Centro de Difusión Cultural Raúl Gamboa Cantón (IPBA)","1978-04-21","Secretaría de Cultura de San Luis Potosí",24,"San Luis Potosí",28,"San Luis Potosí",1,"San Luis Potosí","Av. Universidad s/n esq. Negrete","Barrio de San Sebastián","78000","444 816 0525","https://institutopotosinodebellasartes.com/","cdc.raulgamboaipba@gmail.com",-100.97059,22.15062,"http://sic.gob.mx/ficha.php?table=centro_cultural&table_id=291","2026-01-16 13:50:37-06"
1139,"Casa de Cultura del Barrio de San Miguelito","1996-06-15","Secretaría de Cultura del Gobierno del Estado de San Luis Potosí",24,"San Luis Potosí",28,"San Luis Potosí",1,"San Luis Potosí","Calz. de Guadalupe 489","Barrio de San Miguelito","78339","444 820 6457","https://cultura.slp.gob.mx/lugares/casa-de-cultura-del-barrio-de-san-miguelito/","culturasanmiguelito.slp@gmail.com",-100.97311,22.14146,"http://sic.gob.mx/ficha.php?table=centro_cultural&table_id=1139","2026-04-30 11:26:13-06"
1124,"Casa del Poeta Ramón López Velarde","1995-05-15","Secretaría de Cultura de San Luis Potosí/Dirección de Publicaciones y Literatura",24,"San Luis Potosí",28,"San Luis Potosí",1,"San Luis Potosí","Profr. Pedro Vallejo 300 B","Independencia","78330","(444) 814 07 58","","crlvslp@hotmail.com",-100.9767,22.14711,"http://sic.gob.mx/ficha.php?table=centro_cultural&table_id=1124","2020-05-04 09:06:16-05"
2065,"Centro de las Artes San Luis Potosí","2008-08-27","Secretaría de Cultura/CENART, Secretaría de Cultura del Gobierno del Estado de San Luis Potosí",24,"San Luis Potosí",28,"San Luis Potosí",1,"San Luis Potosí","Calz.de Guadalupe 705","Col. Julián Carrillo","78000","444 137 4100 ext. 1003","https://slp.gob.mx/lugares/centro-de-las-artes-de-san-luis-potosi/","centrodelasartesslp@gmail.com",-100.9704,22.13886,"http://sic.gob.mx/ficha.php?table=centro_cultural&table_id=2065","2026-04-30 13:55:23-06"
1871,"Escuela Estatal de Iniciación Musical <i>Julián Carrillo</i>","1997-08-20","Secretaría de Educación Pública del  Gobierno del Estado",24,"San Luis Potosí",28,"San Luis Potosí",1,"San Luis Potosí","Miguel Barragán 535","Barrio de San Miguelito","78339","444 814 11 96","","eedimjuliancarrillo@hotmail.com",-100.97802,22.14521,"http://sic.gob.mx/ficha.php?table=centro_cultural&table_id=1871","2026-04-27 20:00:00-06"
2534,"Centro de Seguridad Social IMSS de San Luis Potosí","1961-10-05","Instituto Mexicano del Seguro Social (IMSS)",24,"San Luis Potosí",28,"San Luis Potosí",1,"San Luis Potosí","Tomasa Estévez 805","Col. Tequisquiapan","78250","(444) 415 0317","http://www.imss.gob.mx","m.me/CSS.Slp",-100.98571,22.14841,"http://sic.gob.mx/ficha.php?table=centro_cultural&table_id=2534","2019-11-11 06:30:22-06"
1492,"Centro Cultural Palacio Municipal","2003-07-01","H. Ayuntamiento de San Luis Potosí",24,"San Luis Potosí",28,"San Luis Potosí",1,"San Luis Potosí","Jardín Hidalgo 5 ","Centro Histórico","78000","444 814 85 40","","",-100.97584,22.15194,"http://sic.gob.mx/ficha.php?table=centro_cultural&table_id=1492","2023-10-03 08:09:00-06"
1136,"Casa Museo Cap. Gral. José Mariano Jiménez Maldonado","1990-10-04","Secretaría de Cultura del Gobierno del Estado de San Luis Potosí",24,"San Luis Potosí",28,"San Luis Potosí",1,"San Luis Potosí","5 de Mayo núm. 610","Centro","78000","444 814 7393","","casamuseo.marianojimenez@gmail.com",-100.97613,22.14821,"http://sic.gob.mx/ficha.php?table=centro_cultural&table_id=1136","2026-04-30 13:13:09-06"
1112,"Casa de Cultura del Barrio de San Sebastián","1996-06-15","Secretaría de Cultura del Estado de San Luis Potosí",24,"San Luis Potosí",28,"San Luis Potosí",1,"San Luis Potosí","Jardín Lerdo de Tejada 3 ","Barrio de San Sebastián","78340","444 822 0089","","casadeculturadesansebastian@gmail.com",-100.97194,22.14627,"http://sic.gob.mx/ficha.php?table=centro_cultural&table_id=1112","2026-04-30 11:52:01-06"
1632,"La Casa de los Títeres Grupo Camaleón","1994-12-15","Privada",24,"San Luis Potosí",28,"San Luis Potosí",1,"San Luis Potosí","Lerdo de Tejada 155","Centro","78000","044 444 858 91 01","","titeres_sagrario@hotmail.com",-100.97291,22.14948,"http://sic.gob.mx/ficha.php?table=centro_cultural&table_id=1632","2025-02-11 08:27:51-06"
3778,"Centro Nacional de las Artes de San Luis Potosí","2008-08-27","Gobierno del Estado de San Luis Potosí",24,"San Luis Potosí",28,"San Luis Potosí",1,"San Luis Potosí","Calz. de Guadalupe 705","Col. Julián Carrillo","78340","444 137 41 00","http://www.ceartslp.gob.mx/","direccion.ceartsanluis@gmail.com",-100.9699,22.13914,"http://sic.gob.mx/ficha.php?table=centro_cultural&table_id=3778","2025-11-14 17:21:28-06"
1342,"Centro Folklórico Potosino Citlali","1998-04-10","Privada",24,"San Luis Potosí",28,"San Luis Potosí",1,"San Luis Potosí","Mitla 540","Col. Jacarandas","78148","(444) 817 92 66 ","","lujanreybuky@hotmail.com",-101.00673,22.17162,"http://sic.gob.mx/ficha.php?table=centro_cultural&table_id=1342","2025-01-22 10:53:39-06"
1479,"Centro Cultural Alemán de San Luis Potosí","1995-08-01","Centro Cultural Alemán de San Luis Potosí, A.C. ",24,"San Luis Potosí",28,"San Luis Potosí",1,"San Luis Potosí","Scop 900 esq. 18 de marzo","Col. Jardín","78270","444 813 22 32","http://www.ccaslp.com/","info@ccaslp.com",-101.00195,22.14501,"http://sic.gob.mx/ficha.php?table=centro_cultural&table_id=1479","2021-05-19 08:22:51-05"
1870,"Escuela Estatal de Teatro ","1987-08-16","Sistema Educativo Estatal Regular",24,"San Luis Potosí",28,"San Luis Potosí",1,"San Luis Potosí","Framboyán 855-A","Industrial Mexicana","78309","(444) 810 07 16","","escuelaestataldeteatroslp@hotmail.com",-100.96615,22.16271,"http://sic.gob.mx/ficha.php?table=centro_cultural&table_id=1870","2019-11-11 07:38:10-06"
2212,"ISSSTE Cultura","2006-01-01","ISSSTE Delegación San Luis Potosí",24,"San Luis Potosí",28,"San Luis Potosí",1,"San Luis Potosí","Antonio Martínez de Castro 146","Centro Histórico","78000","(444) 814 05 73","https://beta.slp.gob.mx/SECULT/Paginas/Inicio.aspx","ciomam@hotmail.com",-100.97956,22.14795,"http://sic.gob.mx/ficha.php?table=centro_cultural&table_id=2212","2019-11-11 08:08:27-06"
1138,"Casa de Cultura de Jacarandas","1997-04-17","Organismo Subsidiado por la Secretaría de Cultura",24,"San Luis Potosí",28,"San Luis Potosí",1,"San Luis Potosí","Tabacos 125","Col. Tecnológico I","78145","(444) 808 40 56","https://penyg231196.wixsite.com/casaculturjacarandas","casaculturajacarandas@hotmail.com",-101.01024,22.17321,"http://sic.gob.mx/ficha.php?table=centro_cultural&table_id=1138","2019-11-08 09:02:51-06"
3848,"Casa de los Saberes Jurídicos  en San Luis Potosí Ministro Antonio Rocha Cordero","1994-10-16","Suprema Corte de Justicia de la Nación (SCJN)",24,"San Luis Potosí",28,"San Luis Potosí",1,"San Luis Potosí","Av. Venustiano Carranza 1830","Col. Del Valle","78200","55 4113 1000 exts. 8495, 8355, 8357","https://www.sitios.scjn.gob.mx/casascultura/casas-cultura-juridica/san-luis-potosi-san-luis-potosi","ccjsanluispotosi@scjn.gob.mx; laguilarr@scjn.gob.mx",-101.00286,22.14945,"http://sic.gob.mx/ficha.php?table=centro_cultural&table_id=3848","2026-09-29 12:56:53-06"
2633,"División de Difusión Cultural de la UASLP","1979-07-13","Universidad Autónoma de San Luis Potosí",24,"San Luis Potosí",28,"San Luis Potosí",1,"San Luis Potosí","Mariano Arista 245","Centro Histórico","78000","444 826 2300","","difusion.cultural@uaslp.mx",-100.97798,22.15314,"http://sic.gob.mx/ficha.php?table=centro_cultural&table_id=2633","2026-07-07 16:40:26-06"
2444,"Centro Cultural Universitario Bicentenario","2010-07-16","Universidad Autónoma de San Luis Potosí ",24,"San Luis Potosí",28,"San Luis Potosí",1,"San Luis Potosí","Sierra Leona 550 esq. Camino a la Presa","Col. Lomas segunda sección","78210","444 102 72 96","http://www.cc200.uaslp.mx","cc200@uaslp.mx",-101.02662,22.15086,"http://sic.gob.mx/ficha.php?table=centro_cultural&table_id=2444","2025-07-30 14:06:14-06"
2208,"Centro Cultural Universitario Caja Real  de la UASLP","2010-12-01","Secretaría de Difusión de la Universidad Autónoma de San Luis Potosí",24,"San Luis Potosí",28,"San Luis Potosí",1,"San Luis Potosí","Francisco I. Madero esq. Ignacio Aldama s/n","Centro","78000","444 826 23 00 ext. 1263","https://www.uaslp.mx/DifusionCultural/Paginas/Sedes/634#gsc.tab=0","caja.real@uaslp.mx;  guadalupe.guerrero@uaslp.mx",-100.97755,22.15114,"http://sic.gob.mx/ficha.php?table=centro_cultural&table_id=2208","2025-11-28 11:12:36-06"
2646,"Casa de Cultura de San Nicolás Tolentino","2010-01-01","H. Ayuntamiento de San Nicolás Tolentino",24,"San Luis Potosí",30,"San Nicolás Tolentino",1,"San Nicolás Tolentino","Carr. Rioverde-San Luis","Conocido","79480","","","",-100.55199,22.24861,"http://sic.gob.mx/ficha.php?table=centro_cultural&table_id=2646","2019-11-11 09:00:26-06"
2644,"Casa de Cultura Santa Catarina PAME","2009-01-01","H. Ayuntamiento de Santa Catarina",24,"San Luis Potosí",31,"Santa Catarina",32,"Santa María Acapulco","","Localidad de Santa María Acapulco","79790","(487) 875 23 80","","msc_slp@hotmail.com",-99.44111,21.47187,"http://sic.gob.mx/ficha.php?table=centro_cultural&table_id=2644","2019-11-12 05:17:58-06"
1380,"Casa de Cultura de Santa María Acapulco","1000-01-01","Ayuntamiento de Santa Catarina",24,"San Luis Potosí",31,"Santa Catarina",32,"Santa María Acapulco","Av. Benito Juárez s/n","","79790","","","",-99.44213,21.47189,"http://sic.gob.mx/ficha.php?table=centro_cultural&table_id=1380","2019-11-11 09:07:53-06"
1674,"Casa de Cultura <i>Manuel Labastida y Peña</i>","2011-02-20","Ayuntamiento de Santa María del Río",24,"San Luis Potosí",32,"Santa María del Río",1,"Santa María del Río","Pascual M. Hernández s/n","Centro","79560","(485) 853 14 98","","casa_cultura@hotmail.com",-100.73421,21.80057,"http://sic.gob.mx/ficha.php?table=centro_cultural&table_id=1674","2019-11-12 05:57:45-06"
2209,"Casa de la Cultura de Soledad Bicentenario y Centenario de la Nación","2010-06-02","Ayuntamiento de Soledad de Graciano Sánchez",24,"San Luis Potosí",35,"Soledad de Graciano Sánchez",1,"Soledad de Graciano Sánchez","Blas Escontría 604","","78433","(444) 168 03 17","","m.me/150821958283552",-100.94425,22.18421,"http://sic.gob.mx/ficha.php?table=centro_cultural&table_id=2209","2025-08-29 13:03:57-06"
1644,"Centro de Desarrollo Cultural","1992-01-01","Ayuntamiento de Soledad de Graciano Sánchez",24,"San Luis Potosí",35,"Soledad de Graciano Sánchez",1,"Soledad de Graciano Sánchez","Rep. de Uruguay s/n esq. Rep. de Brasil","San Francisco","78435","(444) 130 58 09","","",-100.95133,22.16492,"http://sic.gob.mx/ficha.php?table=centro_cultural&table_id=1644","2019-11-12 05:49:26-06"
2939,"Casa de Cultura de Tamasopo","1000-01-01","Ayuntamiento de Tamasopo/Dirección de Cultura",24,"San Luis Potosí",36,"Tamasopo",1,"Tamasopo","Francisco Javier Mina s/n","Centro","79700","482 113 4045","https://2024-2027.tamasopo-slp.gob.mx/","juancrisostomodesantiagoortiz@gmail.com",-99.39165,21.92286,"http://sic.gob.mx/ficha.php?table=centro_cultural&table_id=2939","2026-02-17 09:23:08-06"
2031,"Casa de Cultura de Tamazunchale","1992-01-01","H. Ayuntamiento de Tamazunchale",24,"San Luis Potosí",37,"Tamazunchale",1,"Tamazunchale","Marciano Salazar 118","Zacatipan","79981 ","(483) 362 02 10","","comunicacion@tamazunchale.gob.mx",-98.77282,21.24923,"http://sic.gob.mx/ficha.php?table=centro_cultural&table_id=2031","2026-04-29 17:21:26-06"
2941,"Casa de Cultura de Tamuín","1000-01-01","Ayuntamiento de Tamuín",24,"San Luis Potosí",40,"Tamuín",1,"Tamuín","Tamuínic 212","Col. Juárez","79200","(489) 388 21 75","http://www.municipiodetamuin.gob.mx/2018-2021/index.php/cultura-y-turismo","m.me/HAyuntamientoTamuin",-98.78644,22.00792,"http://sic.gob.mx/ficha.php?table=centro_cultural&table_id=2941","2019-11-12 06:48:56-06"
2147,"Centro Cultural <i>Roberto Donís</i>","2009-09-22","Secretaría de Cultura del Estado de San Luis Potosí",24,"San Luis Potosí",45,"Venado",1,"Venado","Calle Mariano Jiménez 101","Barrio La Purísima","78920","(486) 854 61 10 (Ayuntamiento)","https://es-la.facebook.com/AyuntamientoVenadoSLP2018/","",-101.09347,22.93432,"http://sic.gob.mx/ficha.php?table=centro_cultural&table_id=2147","2019-11-12 07:35:01-06"
1641,"Misión Cultural No. 67 Gral. Lázaro Cárdenas del Río","1000-01-01","Ayuntamiento de Villa de Reyes",24,"San Luis Potosí",50,"Villa de Reyes",1,"Villa de Reyes","Tomás Tapia 1","Barrio Abasolo","79500","485 816 00 90 ext. 220","","",-100.93315,21.80304,"http://sic.gob.mx/ficha.php?table=centro_cultural&table_id=1641","2024-09-19 16:27:06-06"
1643,"Escuela de Música <i>Miguel Álvarez Acosta</i>","1964-04-09","Ayuntamiento de Villa de Reyes",24,"San Luis Potosí",50,"Villa de Reyes",1,"Villa de Reyes","Tomás Tapia Adame 4","Barrio Abasolo","79500","(485) 861 00 90 Ext. 220","","",-100.93314,21.80347,"http://sic.gob.mx/ficha.php?table=centro_cultural&table_id=1643","2019-11-13 05:44:12-06"
2641,"Casa de Cultura de Villa de Reyes ","1000-01-01","Ayuntamiento de Villa de Reyes",24,"San Luis Potosí",50,"Villa de Reyes",1,"Villa de Reyes","","","","(485) 861 01 61","","martinezmayavsf@hotmail.com",0,0,"http://sic.gob.mx/ficha.php?table=centro_cultural&table_id=2641","2018-07-10 08:47:00-05"
2386,"Casa de la Cultura Náhuatl","1992-03-31","Unidad Cultural Náhuatl de Xilitla, A.C.",24,"San Luis Potosí",54,"Xilitla",1,"Xilitla","Hidalgo s/n","Centro","79902","(489) 365 00 82 y 84","","",-98.9972,21.38451,"http://sic.gob.mx/ficha.php?table=centro_cultural&table_id=2386","2019-11-13 07:19:36-06"
23,"Casa de Cultura de Xilitla","1976-01-01","H. Ayuntamiento de Xilitla",24,"San Luis Potosí",54,"Xilitla",1,"Xilitla","Escobedo s/n esq. Plaza Principal","Centro","79902","(489) 365 00 83 al 85, 044 5533190197","","cultura912@hotmail.com",-98.98978,21.38512,"http://sic.gob.mx/ficha.php?table=centro_cultural&table_id=23","2019-11-13 06:47:50-06"
2649,"Instituto Xilitlense de la Huasteca Potosina","1000-01-01","Ayuntamiento de Xilitla",24,"San Luis Potosí",54,"Xilitla",1,"Xilitla","Cuauhtémoc 125","Centro","79900","489 365 00 80","http://www.xilitla-slp.gob.mx/index.php","contacto.ixba@gmail.com",-98.9946,21.38635,"http://sic.gob.mx/ficha.php?table=centro_cultural&table_id=2649","2023-10-10 08:19:08-06"
743,"Casa de la Cultura Profr. Conrado Espinoza","1934-10-12","Instituto Municipal de Arte y Cultura/Ayuntamiento de Ahome",25,"Sinaloa",1,"Ahome",1,"Los Mochis","Belisario Domínguez s/n","Bugambilias","81224","668 818 4949","http://imac.ahome.gob.mx/index.php/advanced-stuff/free-extensions","casadelaculturace@hotmail.com",-108.97271,25.80534,"http://sic.gob.mx/ficha.php?table=centro_cultural&table_id=743","2024-08-08 11:49:13-06"
628,"Casa de Cultura Lic. Héctor Rosendo Olea Castaño","1996-01-01","Ayuntamiento de Badiraguato",25,"Sinaloa",3,"Badiraguato",1,"Badiraguato","Teófilo Alvarez Borboa s/n esq. Gabriel Leyva","Centro","80500","697 741 01 08 ext. 118","","coordinaciondecultura22@gmail.com",-107.55092,25.36278,"http://sic.gob.mx/ficha.php?table=centro_cultural&table_id=628","2023-08-02 05:25:53-06"
373,"Casa de Cultura de Concordia","2002-12-01","Ayuntamiento de Concordia",25,"Sinaloa",4,"Concordia",1,"Heroica Ciudad Concordia","Ant. casa de piedra, Onofre Campaña s/n esq. Gral. Gutiérrez","Centro","82600","694 968 22 77","","juan.moran@concordia.gob.mx; presidencia@concordia.gob.mx",-106.06983,23.28791,"http://sic.gob.mx/ficha.php?table=centro_cultural&table_id=373","2024-01-04 07:00:07-06"
374,"Casa de Cultura de Cosalá","1970-01-01","Ayuntamiento de Cosalá",25,"Sinaloa",5,"Cosalá",1,"Cosalá","Rosales y Leyva s/n","Centro","80700","696 965 08 43","","coordinaciondeeventos2014@hotmail.com",-106.69092,24.41188,"http://sic.gob.mx/ficha.php?table=centro_cultural&table_id=374","2025-12-09 17:11:43-06"
1259,"Casa de la Cultura de la Universidad Autónoma de Sinaloa","1983-05-05","Universidad Autónoma de Sinaloa",25,"Sinaloa",6,"Culiacán",1,"Culiacán Rosales","Gral. Ángel Flores 634","Centro","80000","667 715 21 11","https://sites.google.com/uas.edu.mx/talleres-artisticos-cgec/casa-de-la-cultura-uas","cultura@uas.edu.mx",-107.40207,24.80907,"http://sic.gob.mx/ficha.php?table=centro_cultural&table_id=1259","2026-01-08 19:33:43-06"
1262,"Centro Cultural Genaro Estrada","1980-01-01","Instituto Sinaloense de Cultura",25,"Sinaloa",6,"Culiacán",1,"Culiacán Rosales","Paseo Niños Héroes esq. Ruperto L. Paliza s/n","Centro","80000","667 713 99 31","https://isic.gob.mx/infraestructura/oficinas/","sjacobo01@culturasinaloa.gob.mx",-107.39355,24.81149,"http://sic.gob.mx/ficha.php?table=centro_cultural&table_id=1262","2025-09-09 14:08:35-06"
3949,"Casa de los Saberes Jurídicos en Culiacán Ministro Eustaquio Buelna ","2022-07-01","Suprema Corte de Justicia de la Nación (SCJN) ",25,"Sinaloa",6,"Culiacán",1,"Culiacán Rosales","Dr. Baltazar Izaguirre Rojo 149 esq. con Av. Agustín Melgar","Col. Chapultepec","80040","55 4113 1000 ext 8650 y 8658","https://www.sitios.scjn.gob.mx/casascultura/","ccjculiacan@scjn.gob.mx; mfelixb@scjn.gob.mx",-107.39248,24.81472,"http://sic.gob.mx/ficha.php?table=centro_cultural&table_id=3949","2026-09-29 13:03:25-06"
2699,"Centro Sinaloa de las Artes Centenario","2009-06-26","Secretaría de Cultura/CENART, Instituto Sinaloense de Cultura",25,"Sinaloa",6,"Culiacán",1,"Culiacán Rosales","Gral. Rafael Buelna Tenorio s/n esq. Andrade","Centro","80000","667 712 64 25","https://economia.culiacan.gob.mx/index.php/turismo?view=article&id=850&catid=32","redesisic@gmail.com",-107.3929,24.8103,"http://sic.gob.mx/ficha.php?table=centro_cultural&table_id=2699","2025-09-09 14:29:37-06"
1861,"Centro Cultural del Valle de San Lorenzo","2007-10-23","Instituto Municipal de Cultura de Culiacán",25,"Sinaloa",6,"Culiacán",591,"Quilá","Desiderio Ochoa esq. Francisco Javier Mina 87","Centro","80400","667 258 85 22","","formacionycapacitacion.imcc@culiacan.gob.mx",-107.21931,24.42079,"http://sic.gob.mx/ficha.php?table=centro_cultural&table_id=1861","2025-09-09 14:23:34-06"
356,"Casa de Cultura José Ángel Espinoza Ferrusquilla","1980-12-31","Ayuntamiento de Choix",25,"Sinaloa",7,"Choix",1,"Choix","Obregón esq. Constitución","Centro","81700","686 866 1048","","presidenciachoix2014@hotmail.com",-108.32347,26.71037,"http://sic.gob.mx/ficha.php?table=centro_cultural&table_id=356","2025-04-02 09:55:40-06"
718,"Casa de la Cultura Profr. Ascanio Pérez Pinedo","2001-08-01","Ayuntamiento de Elota/Instituto Municipal de la Cultura",25,"Sinaloa",8,"Elota",1,"La Cruz","Aquiles Serdán s/n esq. Reyes de Reforma","Centro","82700","696 961 01 11, 696 961 06 36","","jesus.cruz@elota.gob.mx",0,0,"http://sic.gob.mx/ficha.php?table=centro_cultural&table_id=718","2024-01-17 08:02:08-06"
722,"Casa de la Cultura Prof. Severiano Moreno","1983-07-21","Ayuntamiento de Escuinapa/Instituto Municipal de Cultura",25,"Sinaloa",9,"Escuinapa",1,"Escuinapa de Hidalgo","María de los Ángeles Polanco s/n esq. Av. Sandra Calderón","Col. Emiliano Zapata","82457","695 953 2018, 695 953 0291","","ccasadelacultura9@gmail.com",-105.78428,22.82664,"http://sic.gob.mx/ficha.php?table=centro_cultural&table_id=722","2025-10-17 18:44:59-06"
644,"Casa de Cultura de El Fuerte","1980-12-18","Ayuntamiento de El Fuerte",25,"Sinaloa",10,"El Fuerte",1,"El Fuerte","Rosales s/n esq. Benito Juárez, entrada por andador Número 82","Centro","81820","689 493 0318","","",-108.61999,26.42047,"http://sic.gob.mx/ficha.php?table=centro_cultural&table_id=644","2023-06-16 08:56:46-06"
375,"Casa de Cultura de Guasave","1994-01-01","Ayuntamiento de Guasave",25,"Sinaloa",11,"Guasave",1,"Guasave","Guerrero y Teófilo Neris","Centro","81000","687 871 05 15","","informacion@guasave.gob.mx",0,0,"http://sic.gob.mx/ficha.php?table=centro_cultural&table_id=375","2023-07-24 09:00:15-06"
3840,"Casa de los Saberes Jurídicos en Mazatlán Ministro Enrique Moreno Pérez","2003-01-01","Suprema Corte de Justicia de la Nación",25,"Sinaloa",12,"Mazatlán",1,"Mazatlán","Mariano Escobedo 610","Centro","82000","55 4113 1000 ext. 8543 y 8551","https://www.sitios.scjn.gob.mx/casascultura/casas-cultura-juridica/mazatlan-sinaloa","ccjmazatlan@mail.scjn.gob.mx",-106.42254,23.19939,"http://sic.gob.mx/ficha.php?table=centro_cultural&table_id=3840","2026-09-29 13:08:03-06"
3354,"Casa de la Cultura Juan Rulfo","2016-01-01","Comunitaria",25,"Sinaloa",12,"Mazatlán",1,"Mazatlán","Calle Tiros Cuates","Col. Francisco Villa","82127","669 912 39 38","","reaccionamazatlan@hotmail.com",-106.43992,23.26002,"http://sic.gob.mx/ficha.php?table=centro_cultural&table_id=3354","2025-06-05 19:20:11-06"
724,"Casa de Cultura Dr. Enrique González Martínez","1983-01-01","Ayuntamiento de Mocorito",25,"Sinaloa",13,"Mocorito",1,"Mocorito","Hidalgo y Morelos 32","Centro","80800","6737350275, 6737350292","https://www.mocorito.gob.mx/","info@mocorito.gob.mx",-107.92231,25.48416,"http://sic.gob.mx/ficha.php?table=centro_cultural&table_id=724","2023-07-17 05:40:28-06"
1975,"Centro de Desarrollo Cultural Casa Peiro","2007-02-01","Instituto Sinaloense de Cultura",25,"Sinaloa",13,"Mocorito",235,"Pericos","Av. Prol. Pino Suárez 16","Centro","80950","697 721 09 61","http://culturasinaloa.gob.mx/","pericosmoc@gmail.com",-107.69723,25.08253,"http://sic.gob.mx/ficha.php?table=centro_cultural&table_id=1975","2023-08-10 09:15:44-06"
1620,"Centro Rosarense de las Bellas Artes Pedro Calderón","1999-10-01","Instituto Sinaloense de Cultura",25,"Sinaloa",14,"Rosario",1,"El Rosario","Mariano Escobedo 50","Col. Genaro Estrada","82803","694 956 3612","","jorge.osuna01@live.com",-105.85305,22.98726,"http://sic.gob.mx/ficha.php?table=centro_cultural&table_id=1620","2025-12-08 12:58:26-06"
727,"Casa de Cultura Gilberto Owen","1983-01-01","Ayuntamiento de El Rosario",25,"Sinaloa",14,"Rosario",1,"El Rosario","Av. 20 de Noviembre s/n","Centro","82800","694 952 25 98","","presidencia@rosario.gob.mx",-105.85811,22.99261,"http://sic.gob.mx/ficha.php?table=centro_cultural&table_id=727","2023-07-10 05:41:54-06"
742,"Casa de Cultura de Guamúchil","1985-01-01","Ayuntamiento de Salvador Alvarado",25,"Sinaloa",15,"Salvador Alvarado",1,"Guamúchil","Carr. Angostura Km. 0.5","Col. Infonavit Jovori","81470","673 732 09 80","","",0,0,"http://sic.gob.mx/ficha.php?table=centro_cultural&table_id=742","2021-07-22 11:42:57-05"
377,"Casa de Cultura de San Ignacio","2001-12-01","Ayuntamiento de San Ignacio",25,"Sinaloa",16,"San Ignacio",1,"San Ignacio","Gabriel Leyva s/n","Centro","82910","696 108 19 41","https://www.sanignacio.gob.mx/","",-106.42542,23.94012,"http://sic.gob.mx/ficha.php?table=centro_cultural&table_id=377","2023-09-29 05:41:57-06"
250,"Casa de Cultura de Sinaloa","1981-12-10","Ayuntamiento de Sinaloa",25,"Sinaloa",17,"Sinaloa",1,"Sinaloa de Leyva","Lic. Benito Juárez 56","Centro","81900","687 875 03 60","","velizfon@hotmail.com",0,0,"http://sic.gob.mx/ficha.php?table=centro_cultural&table_id=250","2021-07-23 04:52:24-05"
376,"Casa de la Cultura de Navolato","1976-01-01","Ayuntamiento de Navolato",25,"Sinaloa",18,"Navolato",1,"Navolato","Aldama esq. Rosales ","Centro","80370","(672) 727 00 38","http://www.navolato.gob.mx/","",-107.69662,24.76646,"http://sic.gob.mx/ficha.php?table=centro_cultural&table_id=376","2025-09-03 18:40:41-06"
85,"Casa de Cultura María Félix Güereña","2006-09-16","Ayuntamiento de Alamos",26,"Sonora",3,"Alamos",1,"Álamos","De la Cárcel s/n","Col. Loma de Guadalupe","85760","647 428 15 12","https://alamos.transparenciasonora.org/","cultura.alamos@gmail.com; meztliestrada@gmail.com",-108.93676,27.02232,"http://sic.gob.mx/ficha.php?table=centro_cultural&table_id=85","2025-11-07 14:31:02-06"
2032,"La Quintera","2008-01-01","Particular",26,"Sonora",3,"Alamos",1,"Álamos","Av. Obregón 5","Centro","85760","647 428 03 50","","",-108.93441,27.02138,"http://sic.gob.mx/ficha.php?table=centro_cultural&table_id=2032","2023-02-03 11:03:51-06"
1008,"Centro de Cultura Guarijío José Zazueta Yoquivo","1990-05-16","SC/DGCPIU/Unidad Regional de Culturas Populares",26,"Sonora",3,"Alamos",525,"Mesa Colorada","Domicilio conocido","Comunidad de Mesa Colorada","85760","662 212 64 18 y 19","http://isc.gob.mx/devel/nuestra-diversidad/centros-de-cultura-indigena-de-sonora/","",-108.86275,27.57005,"http://sic.gob.mx/ficha.php?table=centro_cultural&table_id=1008","2023-02-03 09:06:29-06"
104,"Casa de Cultura de Arizpe","2008-03-12","Ayuntamiento de Arizpe",26,"Sonora",6,"Arizpe",1,"Arizpe","Hidalgo s/n esq. Coronado","Centro","84640","(634) 341 01 05","http://www.arizpe.gob.mx","",-110.16631,30.33552,"http://sic.gob.mx/ficha.php?table=centro_cultural&table_id=104","2025-09-23 19:09:33-06"
87,"Casa de la Cultura Abigael Bohórquez","1995-04-05","Ayuntamiento de Caborca/Dirección de Acción Cívica y Cultural de Caborca",26,"Sonora",17,"Caborca",1,"Heroica Caborca"," Av. Q 115 entre 10 y 11","Centro","83600","637 377 15 75","http://www.caborca.gob.mx","msraccioncaborca@hotmail.com; cultura@caborca.gob.mx",-112.16565,30.71702,"http://sic.gob.mx/ficha.php?table=centro_cultural&table_id=87","2024-09-24 12:14:49-06"
906,"Centro Cultural del ISSSTE","1985-11-01","ISSSTE",26,"Sonora",18,"Cajeme",1,"Ciudad Obregón","Otancahui  731","Col. Fovissste 2","85120","","","",-109.95611,27.48575,"http://sic.gob.mx/ficha.php?table=centro_cultural&table_id=906","2025-09-03 11:29:06-06"
2715,"Centro Cultural Casa de Adobe","2011-05-29","Casa de Adobe Cócorit A.C.",26,"Sonora",18,"Cajeme",1,"Ciudad Obregón","Blvd. Tichi Muñoz 107 Sur esq. Ayuntamiento","Col. Cócorit","85219","644 460 1768, 644 418 2328","","casadeadobecocorit@hotmail.com",-109.9609,27.57416,"http://sic.gob.mx/ficha.php?table=centro_cultural&table_id=2715","2025-09-02 14:30:47-06"
3286,"Sumak Kawsay, Centro de Cultura del Buen Vivir ","2019-04-30","Universidad La Salle Noroeste",26,"Sonora",18,"Cajeme",1,"Ciudad Obregón","Veracruz s/n, Edif. de la Cultura","Fracc. Obregón Norte","85019","644  410 6032","https://www.lasallenoroeste.edu.mx/","claudia.mungarro@lasallenoroeste.edu.mx",-109.93568,27.51096,"http://sic.gob.mx/ficha.php?table=centro_cultural&table_id=3286","2026-04-21 11:49:43-06"
2046,"Agrupación para las Bellas Artes ","1996-01-01","Agrupación para las Bellas Artes ",26,"Sonora",18,"Cajeme",1,"Ciudad Obregón","Blvd. Rodolfo Elías Calles","Centro","85000","644 416 5562","","apalba1@hotmail.com",-109.94083,27.48263,"http://sic.gob.mx/ficha.php?table=centro_cultural&table_id=2046","2025-09-03 10:11:02-06"
2741,"Centro Cultural La Petaka ","2007-12-01","",26,"Sonora",18,"Cajeme",1,"Ciudad Obregón","Tlaxcala 449 Nte. esq. Morelos y Yaqui","Zona Norte","85000","644 100 3903","","cartagena_josel@hotmail.com",-109.94384,27.50256,"http://sic.gob.mx/ficha.php?table=centro_cultural&table_id=2741","2025-09-02 14:39:16-06"
1371,"Casa de la Cultura Irma Arana","1975-05-01","Ayuntamiento de Cajeme",26,"Sonora",18,"Cajeme",1,"Ciudad Obregón","Amp. Vicente Guerrero 2610","Col. Ostmuri","85134"," 644 410 5115","","culturamunicipalcajeme@gmail.com",-109.96721,27.49885,"http://sic.gob.mx/ficha.php?table=centro_cultural&table_id=1371","2025-09-02 14:26:04-06"
1416,"Centro de Culturas Populares e Indígenas de Cajeme","1999-11-27","SC/Dirección General de Culturas populares e Indígenas/ISC",26,"Sonora",18,"Cajeme",1,"Ciudad Obregón","Blvd. Rodolfo Elías Calles 200 esq. Colima","Centro","85000","644 416 4684","","centrodeculturas@hotmail.com",-109.94084,27.48234,"http://sic.gob.mx/ficha.php?table=centro_cultural&table_id=1416","2026-04-21 11:44:41-06"
2927,"Centro de Desarrollo Comunitario La Salle","2010-06-24","Comodato a la Universidad la Salle Noroeste A.C.",26,"Sonora",18,"Cajeme",284,"Cócorit","Yañez 5","Centro","85219","644 418 4248","","lgkipper@gmail.com",-109.95984,27.57608,"http://sic.gob.mx/ficha.php?table=centro_cultural&table_id=2927","2026-04-21 11:46:19-06"
2594,"Centro Cultural Yo`o Joara","2009-04-25","Centro Cultural Cócorit, A.C.",26,"Sonora",18,"Cajeme",284,"Cócorit","Calz. Antonio Valdez Herrera s/n","Col. Cócorit","85219","644 119 5530","https://www.yoojoara.mx/","centroculturalcocorit@gmail.com",-109.95189,27.57455,"http://sic.gob.mx/ficha.php?table=centro_cultural&table_id=2594","2025-09-09 12:02:07-06"
1004,"Centro de Cultura Yaqui de Loma de Guamúchil Capitán Santiago Valencia Amarillas","1984-12-05","SC/DGCPIU/Unidad Regional de Culturas Populares",26,"Sonora",18,"Cajeme",329,"Loma de Guamúchil","Domicilio conocido, A un costado de la Telesecundaria 141 Sigifredo Castillo","Centro","85217","644 312 3475","","mtruizr@cultura.gob.mx ccpic@hotmail.com ",-109.98527,27.60859,"http://sic.gob.mx/ficha.php?table=centro_cultural&table_id=1004","2025-09-10 09:08:30-06"
115,"Casa de la Cultura Lic. Luis Donaldo Colosio Murrieta","1984-01-01","Ayuntamiento de Cananea",26,"Sonora",19,"Cananea",1,"Heroica Ciudad de Cananea","Av. Juárez 23 esq. Quinta Oeste","Tres Marias ","84620","645 688 0271","http://www.cananea.gob.mx","culturacananea@gmail.com",-110.31228,30.9812,"http://sic.gob.mx/ficha.php?table=centro_cultural&table_id=115","2024-07-10 13:42:19-06"
88,"Casa de Cultura de Empalme","1997-11-01","Ayuntamiento de Empalme",26,"Sonora",25,"Empalme",1,"Empalme","Av. Ferrocarril s/n (a un costado del IMSS)","Col. Ignacio Chávez","85347","622 223 06 65","","",-110.82204,27.96497,"http://sic.gob.mx/ficha.php?table=centro_cultural&table_id=88","2023-08-08 04:51:34-06"
1007,"Centro de Cultura Mayo Francisco Mumulmea Zazueta","1988-05-01","SC/DGCPIU/Unidad Regional de Culturas Populares",26,"Sonora",26,"Etchojoa",19,"Buaysiacobe","Domicilio conocido","Comunidad de Buaysiacobe","85284","647 106 21 32 cel. Coordinadora","","centrodeculturamayojupare@hotmail.com",-109.68623,27.06436,"http://sic.gob.mx/ficha.php?table=centro_cultural&table_id=1007","2023-02-03 12:08:31-06"
1982,"Casa de la Cultura de Guaymas Edmundo Valadés","1985-01-05","Ayuntamiento de Guaymas/Instituto Municipal de Cultura y Arte",26,"Sonora",29,"Guaymas",1,"Heroica Guaymas","Av. Serdán 355 esq. calle 14","Centro","85440","622 222 9602","","imca@guaymas.gob.mx; imcaguay@gmail.com",-110.89823,27.92276,"http://sic.gob.mx/ficha.php?table=centro_cultural&table_id=1982","2026-08-14 14:31:13-06"
2041,"Centro de Cultura Yaqui de Huirivis Primer Gobernador Jesús Quintero Valencia","1985-05-20","SC/DGPCIU/Unidad Regional de Culturas Populares",26,"Sonora",29,"Guaymas",120,"Huiribis","Domicilio conocido","Comunidad de Huirivis","85513","644 260 29 81; 644 416 46 64 ","http://isc.gob.mx/devel/nuestra-diversidad/centros-de-cultura-indigena-de-sonora/","smatuzv@cultura.gob.mx; ccpic@hotmail.com",-110.47637,27.69026,"http://sic.gob.mx/ficha.php?table=centro_cultural&table_id=2041","2023-02-01 08:45:43-06"
1001,"Centro de Cultura Yaqui Pitahaya de Belem Gral. Ignacio Mori Seamo","1987-07-15","SC/DGCPIU/Unidad Regional de Culturas Populares",26,"Sonora",29,"Guaymas",195,"Pitahaya (Belem)","Belem s/n","Comunidad de Belén","85267","644 253 3902","http://isc.gob.mx/patrimonio-sonora/centros-de-cultura-yaqui/","ccpic@hotmail.com",-110.43915,27.77337,"http://sic.gob.mx/ficha.php?table=centro_cultural&table_id=1001","2024-09-13 12:12:55-06"
1298,"Centro de Cultura Yaqui de Pótam Capitán Juan María Santeamea","2004-02-20","SC/DGCPIU/Unidad Regional de Culturas Populares",26,"Sonora",29,"Guaymas",202,"Pótam","Domicilio conocido","Comunidad de Pótam","85513","644 143 74 74","http://isc.gob.mx/patrimonio-sonora/centros-de-cultura-yaqui/","ccpic@hotmail.com; dmolinaa@cultura.gob.mx ",-110.42442,27.62444,"http://sic.gob.mx/ficha.php?table=centro_cultural&table_id=1298","2024-09-13 12:37:48-06"
2123,"Centro de Cultura Yaqui de Rahum Comandante José Bacasegua Seamo","1986-06-15","SC/DGCPIU/Unidad Regional de Culturas Populares",26,"Sonora",29,"Guaymas",211,"Rahum","Domicilio conocido","Comunidad de Rahúm","85513","644 231 5901","http://isc.gob.mx/devel/nuestra-diversidad/centros-de-cultura-indigena-de-sonora/","pollitoazul57@hotmail.com",-110.45282,27.64238,"http://sic.gob.mx/ficha.php?table=centro_cultural&table_id=2123","2024-09-13 12:05:49-06"
1013,"Centro de Cultura Yaqui de Tórim Capitán Manuel León Molina","1987-12-07","SC/DGCPIU/Unidad Regional de Culturas Populares",26,"Sonora",29,"Guaymas",307,"Tórim","Carr. Guaymas-Obregón Km 38","Comunidad de Tórim","85510","644 260 29 81","http://isc.gob.mx/patrimonio-sonora/centros-de-cultura-yaqui/","ccpic@hotmail.com",-110.22195,27.57977,"http://sic.gob.mx/ficha.php?table=centro_cultural&table_id=1013","2024-09-13 11:56:35-06"
2117,"Centro Cultural Sociedad de Artesanos Hidalgo","2008-05-26","Instituto Municipal de Cultura, Arte y Turismo/Universidad de Sonora",26,"Sonora",30,"Hermosillo",1,"Hermosillo","Monterrey s/n esq. Garmendia","Centro","83000","662 213 8638 y 39","https://campushermosillo.unison.mx/centro-cultural-sociedad-de-artesanos-hidalgo/","marianna.gonzalez@hermosillo.gob.mx",-110.95475,29.07835,"http://sic.gob.mx/ficha.php?table=centro_cultural&table_id=2117","2026-06-02 13:55:38-06"
2051,"Centro Cultural La Casa de la Matraka","2008-05-01"," ArtyCul Producciones, S.C.",26,"Sonora",30,"Hermosillo",1,"Hermosillo","Sufragio efectivo 53","Centro Histórico","83000","(662) 213 13 36","https://www.facebook.com/lamatraka.teatro","zarzafea@hotmail.com",-110.95468,29.07538,"http://sic.gob.mx/ficha.php?table=centro_cultural&table_id=2051","2021-07-09 08:47:49-05"
2045,"Sociedad Sonorense de Historia","1975-11-25","Sociedad Sonorense de Historia, A. C.",26,"Sonora",30,"Hermosillo",1,"Hermosillo","Rosales 123","Centro","83000","662 217 10 64","http://www.ssh.org.mx","sshac@hotmail.com",-110.95744,29.07922,"http://sic.gob.mx/ficha.php?table=centro_cultural&table_id=2045","2025-07-29 14:13:27-06"
2119,"Centro Cultural Universitario Miguel Ángel Montaño","1990-01-01","Patronato del Centro Cultural Montaño",26,"Sonora",30,"Hermosillo",1,"Hermosillo","Pino Suárez 39","Centro","83000","","","lcmonge@prodigy.net.mx",-110.9582,29.08198,"http://sic.gob.mx/ficha.php?table=centro_cultural&table_id=2119","2024-09-10 11:02:00-06"
3837,"Casa de los Saberes Jurídicos en Hermosillo Ministro José María Ortiz Tirado","1998-01-01","Suprema Corte de Justicia de la Nación",26,"Sonora",30,"Hermosillo",1,"Hermosillo","Presbítero Pedro Villegas Ramírez 26","Casa Blanca","83079","55 4113 1000 ext. 8670 y 8666","https://www.sitios.scjn.gob.mx/casascultura/casas-cultura-juridica/hermosillo-sonora","ccjhermosillo@scjn.gob.mx",-110.94453,29.07672,"http://sic.gob.mx/ficha.php?table=centro_cultural&table_id=3837","2026-09-30 12:26:02-06"
2109,"Casa Club del Jubilado y Pensionado ","1990-01-01","Instituto de Seguridad y Servicios Sociales de los Trabajadores del Estado (ISSSTE)",26,"Sonora",30,"Hermosillo",1,"Hermosillo","Serdán 15 entre Juárez y Matamoros","Centro","83000","662 212 1402","https://www.isssteson.gob.mx/index.php/subdirecciones/prestaciones/casaclub/hermosillo","",-110.95144,29.07757,"http://sic.gob.mx/ficha.php?table=centro_cultural&table_id=2109","2023-10-31 08:50:27-06"
1103,"Centro de las Artes","1997-05-01","Universidad de Sonora",26,"Sonora",30,"Hermosillo",1,"Hermosillo","Blvd. Luis Donaldo Colosio s/n","Centro","83000","662 259 2141","http://www.bellasartes.uson.mx/","flor.herrera@unison.mx.",-110.95935,29.0816,"http://sic.gob.mx/ficha.php?table=centro_cultural&table_id=1103","2024-08-01 09:18:13-06"
2126,"Casa Ganfer","2009-01-01","Fundación Ganfer",26,"Sonora",30,"Hermosillo",1,"Hermosillo","Av. de Anza 800","Col. Pitic","83240","662 210 68 75","","contacto@fundacionganfer.com",-110.95895,29.07448,"http://sic.gob.mx/ficha.php?table=centro_cultural&table_id=2126","2023-09-27 08:26:05-06"
3775,"Casa de la Cultura Hermosillo Norte","2017-01-01","Ayuntamiento de Hermosillo/Instituto Municipal de Cultura y Arte",26,"Sonora",30,"Hermosillo",1,"Hermosillo","Emeterio R. Aguayo s/n esq. Melitón Hernández","Centro","83116","662 310 6118","https://www.hermosillo.gob.mx/","marianna.gonzalez@hermosillo.gob.mx",-110.95853,29.0749,"http://sic.gob.mx/ficha.php?table=centro_cultural&table_id=3775","2026-06-02 13:54:02-06"
1258,"Casa de la Cultura de Sonora ","1980-10-10","Instituto Sonorense de Cultura",26,"Sonora",30,"Hermosillo",1,"Hermosillo","Blvd. Agustín de Vildósola s/n esq. Av. de la Cultura","Col. Villa de Seris","83280","662 250 41 47","http://www.isc.gob.mx","educacionartistica@isc.gob.mx",-110.95527,29.06875,"http://sic.gob.mx/ficha.php?table=centro_cultural&table_id=1258","2024-06-06 14:48:55-06"
998,"Centro de Cultura Comcáac Coyote-Iguana","1986-06-30","SC/DGCPIU/Unidad Regional de Culturas Populares",26,"Sonora",30,"Hermosillo",136,"Punta Chueca","Domicilio conocido","Comunidad de Punta Chueca"," 83342","","http://isc.gob.mx/devel/nuestra-diversidad/centros-de-cultura-indigena-de-sonora/","",-112.15852,29.01416,"http://sic.gob.mx/ficha.php?table=centro_cultural&table_id=998","2024-02-29 13:40:27-06"
1369,"Centro Artístico y Cultural de Huachinera","2002-03-22","Centro Artístico y Cultural de Huachinera, A.C.",26,"Sonora",31,"Huachinera",1,"Huachinera","Mesa de la Higuera 1","Col. Mesa de la Higuera","84400","634 341 50 51","","jess@jessdavila.com; yescseye@me.com",-108.96425,30.20889,"http://sic.gob.mx/ficha.php?table=centro_cultural&table_id=1369","2024-10-23 13:05:32-06"
185,"Casa de la Cultura de Huatabampo","2002-01-15","Ayuntamiento de Huatabampo",26,"Sonora",33,"Huatabampo",1,"Huatabampo","Av. Madero y Constitución 17","Centro","85900","647 426 10 69","","",-109.64482,26.82639,"http://sic.gob.mx/ficha.php?table=centro_cultural&table_id=185","2023-02-03 12:33:36-06"
1006,"Centro de Cultura Mayo Blas Mazo","1983-02-16","Secretaría de Cultura/Dirección General de Culturas Populares, Indígenas y Urbanas/Unidad Regional de Culturas Populares",26,"Sonora",33,"Huatabampo",52,"Júpare","Domicilio conocido","Comunidad El Júpare","85245","647 106 21 32","https://www.facebook.com/centro.deculturamayo","centrodeculturamayojupare@hotmail.com",-109.69919,26.80219,"http://sic.gob.mx/ficha.php?table=centro_cultural&table_id=1006","2023-02-03 12:36:24-06"
83,"Casa de Cultura de Magdalena de Kino","1999-01-01","Ayuntamiento de Magdalena",26,"Sonora",36,"Magdalena",1,"Magdalena de Kino","Hidalgo 119, frente a plaza monumental","Centro","84160","632 322 49 33","http://magdalenadekino.mx/","culturayturismomagdalenadekino@gmail.com",-110.97233,30.63097,"http://sic.gob.mx/ficha.php?table=centro_cultural&table_id=83","2024-07-08 11:33:21-06"
3425,"Centro Cultural Casa Grande Nacozari","2016-11-08","Grupo México, SAB. de CV. ",26,"Sonora",41,"Nacozari de García",1,"Nacozari de García","Jesús García Sur","Centro","84340 "," 634 342 28 33","","",-109.68713,30.37367,"http://sic.gob.mx/ficha.php?table=centro_cultural&table_id=3425","2023-08-21 12:01:07-06"
3401,"Centro Cultural Indígena Yolem Tekia AC","1000-01-01","Yolem Tekia, AC",26,"Sonora",42,"Navojoa",1,"Navojoa","Melchor Ocampo 209 Sur","Col. La Cuchilla","85226","642 122 82 17","https://centro-cultural-indigena-yolem-tekia-ac.negocio.site/","",-109.49906,27.0723,"http://sic.gob.mx/ficha.php?table=centro_cultural&table_id=3401","2023-02-09 06:16:37-06"
186,"Centro Cultural del Mayo","2001-07-17","Ayuntamiento de Navojoa",26,"Sonora",42,"Navojoa",1,"Navojoa","Josefa Ortiz de Domínguez 1 esq. García Morales","Centro","85800","642 421 55 31","http://www.navojoa.gob.mx","decnavojoa@hotmail.com; presidencia@navojoa.gob.mx",-109.44528,27.08083,"http://sic.gob.mx/ficha.php?table=centro_cultural&table_id=186","2023-02-09 06:06:47-06"
3420,"Fábrica de Artes y Oficios (FARO) de Nogales","2020-01-01","Ayuntamiento de Nogales",26,"Sonora",43,"Nogales",1,"Heroica Nogales","Gladiolas final s/n","Col. del Rastro","84063","631 690 85 05","https://heroicanogales.gob.mx/dependencia/imfoculta","imfoculta@heroicanogales.gob.mx",-110.94579,31.3259,"http://sic.gob.mx/ficha.php?table=centro_cultural&table_id=3420","2025-08-15 17:09:55-06"
2114,"Centro Cultural Nogales CECUN","2009-09-11","Ayuntamiento de Nogales",26,"Sonora",43,"Nogales",1,"Heroica Nogales","Av. Adolfo Ruiz Cortinez 1537","Col. Altamira","84047","631 690 85 05","https://heroicanogales.gob.mx/dependencia/imfoculta","imfoculta@heroicanogales.gob.mx",-110.94583,31.31861,"http://sic.gob.mx/ficha.php?table=centro_cultural&table_id=2114","2023-07-19 05:24:24-06"
1339,"Centro de Cultura Comáac Chico Romero","1986-01-01","SC/DGCPIU/Unidad Regional de Culturas Populares",26,"Sonora",47,"Pitiquito",27,"Desemboque de los Seris (El Desemboque)","Domicilio conocido","Comunidad Desemboque","83990","662 934 86 52","http://isc.gob.mx/devel/nuestra-diversidad/centros-de-cultura-indigena-de-sonora/","",-112.39567,29.50594,"http://sic.gob.mx/ficha.php?table=centro_cultural&table_id=1339","2024-02-29 13:41:19-06"
2453,"Centro Cultural Centro de Visitantes ","2009-09-10","Secretaría del Medio Ambiente y Recursos Naturales (Semarnat)/Comisión Nacional de Áreas Naturales Protegidas (Conanp)",26,"Sonora",48,"Puerto Peñasco",1,"Puerto Peñasco","Km. 52 Carretera Federal Sonoyta-Puerto Peñasco","Ejido Los Norteños","83550","638 384 90 07","http://www.youtube.com/watch?v=9lHYs1s5wfI","pinacate@conanp.gob.mx; msau@conanp.gob.mx",-113.67708,31.86106,"http://sic.gob.mx/ficha.php?table=centro_cultural&table_id=2453","2024-02-07 07:26:47-06"
84,"Casa de Juárez","1973-09-13","Ayuntamiento de Puerto Peñasco",26,"Sonora",48,"Puerto Peñasco",1,"Puerto Peñasco","Blvar. Benito Juárez García s/n esq. Freemont","Centro","83550","6383832060","http://www.puertopenasco.gob.mx","",-113.54144,31.30641,"http://sic.gob.mx/ficha.php?table=centro_cultural&table_id=84","2023-08-11 06:39:51-06"
2035,"Centro Intercultural de Estudios de Desiertos y Océanos","1980-02-15","Asociación Civil",26,"Sonora",48,"Puerto Peñasco",1,"Puerto Peñasco","Edif. Agustín Cortés","Fracc. Las Conchas","83550","961 232 3662","https://comitemexicanouicn.org/cedo/","info@cedo.org",-113.49648,31.29119,"http://sic.gob.mx/ficha.php?table=centro_cultural&table_id=2035","2026-04-07 12:06:16-06"
969,"Centro Cultural Dr. Héctor Chávez Fontes","1985-01-01","Ayuntamiento de San Luis Río Colorado",26,"Sonora",55,"San Luis Río Colorado",1,"San Luis Río Colorado","Av. Madero 2901 esq. Calle 29","Col. Burócrata","83400","(653) 534 31 09","https://www.facebook.com/pages/Centro-Cultural-H%C3%A9ctor-Ch%C3%A1vez-Fontes/273104509494946","centrocultural25ayuntamiento@hotmail.com",-114.74473,32.47326,"http://sic.gob.mx/ficha.php?table=centro_cultural&table_id=969","2025-08-21 18:15:42-06"
189,"Casa de Cultura de Santa Ana","2001-01-01","Ayuntamiento de Santa Ana",26,"Sonora",58,"Santa Ana",1,"Santa Ana","Calle Prof. Alfonso Marin s/n esq. Av. Aldama","Col. La Granja","84600","641324 1580","https://santaana.gob.mx/","msantaana20212024@gmail.com",-111.1283,30.54036,"http://sic.gob.mx/ficha.php?table=centro_cultural&table_id=189","2023-07-18 04:24:43-06"
2008,"Casa de la Cultura y Museo Regional de Ures","2006-09-17","Ayuntamiento de Ures/Coordinación de Educación y Cultura",26,"Sonora",66,"Ures",1,"Heroica Ciudad de Ures","Obregón 10 entre Raúl Terán y Pesqueira","Centro","84900","623 232 17 31","http://www.ures.gob.mx","presidenciaures@ures.gob.mx; presidenciaures24.27@gmail.com;  secretariaures24.27@gmail.com",-110.39047,29.42662,"http://sic.gob.mx/ficha.php?table=centro_cultural&table_id=2008","2025-06-25 14:50:52-06"
89,"Casa de Cultura Gral. Plutarco Elías Calles","1999-09-20","Ayuntamiento de Gral. Plutarco Elías Calles",26,"Sonora",70,"General Plutarco Elías Calles",1,"Sonoyta","Loma Bonita, Carr. Benemérito de las Américas","","83576 ","6515120431","https://sonoyta.gob.mx/","casa.cultura@sonoyta.gob.mx, teritaedmd@gmail.com",-112.86143,31.86647,"http://sic.gob.mx/ficha.php?table=centro_cultural&table_id=89","2023-07-07 05:44:17-06"
91,"Casa de Cultura Josefina Rivera Calvo","1969-01-31","DECUR Municipal",27,"Tabasco",1,"Balancán",1,"Balancán","Ignacio Zaragoza s/n","Centro","86930","934 342 00 36","","",-91.53364,17.8007,"http://sic.gob.mx/ficha.php?table=centro_cultural&table_id=91","2025-07-16 16:36:18-06"
3998,"Casa de la Cultura Carlos Pellicer Cámara","1000-01-01","Ayuntamiento de Cárdenas ",27,"Tabasco",2,"Cárdenas",1,"Cárdenas","Cda. de Ignacio Zaragoza","Centro","86500","937 372 2039","","",-93.3769,17.99071,"http://sic.gob.mx/ficha.php?table=centro_cultural&table_id=3998","2026-07-02 11:50:57-06"
1,"Casa de Cultura  Municipal de Centla Profa. María del Carmen Pérez Saldivar","1990-01-01","Ayuntamiento de Centla",27,"Tabasco",3,"Centla",1,"Frontera","Independencia  s/n entre M. Ocampo y Zaragoza","Jacobo Nazar","86751","913 332 0602","","decur@centla.gob.mx",-92.64324,18.53153,"http://sic.gob.mx/ficha.php?table=centro_cultural&table_id=1","2023-08-14 05:19:10-06"
3928,"Casa de los Saberes Jurídicos en Villahermosa Ministro Manuel Bartlett Bautista ","1997-04-01","Suprema Corte de Justicia de la Nación",27,"Tabasco",4,"Centro",1,"Villahermosa","Plutarco Elías Calles 146","Col. Jesús García","86040","55 4113 1000 ext. 8720 y 8724","https://www.sitios.scjn.gob.mx/casascultura/casas-cultura-juridica/villahermosa-tabasco","ccjvillahermosa@scjn.gob.mx",-92.91917,17.98784,"http://sic.gob.mx/ficha.php?table=centro_cultural&table_id=3928","2026-09-30 13:28:21-06"
1174,"Casa de Artes José Gorostiza","1982-11-02","Secretaría de Cultura del Gobierno del Estado de Tabasco",27,"Tabasco",4,"Centro",1,"Villahermosa","Periférico Carlos Pellicer Cámara s/n, Zona Cicom","Centro","86000","993 314 02 02","http://iec.tabasco.gob.mx/educacion_artistica/gorostiza.htm","",-92.92114,17.97998,"http://sic.gob.mx/ficha.php?table=centro_cultural&table_id=1174","2021-09-14 10:48:44-05"
2851,"Sala de Arte Antonio Ocampo Ramírez","2001-02-14","Secretaría de Cultura del Gobierno del Estado de Tabasco",27,"Tabasco",4,"Centro",1,"Villahermosa","Av. Carlos Pellicer Cámara s/n, edif. del CEIBA","Centro","86000","993 312 79 47","https://culturatabasco.gob.mx/sala-arte/","secretariadecultura@tabasco.gob.mx",-92.92347,17.97821,"http://sic.gob.mx/ficha.php?table=centro_cultural&table_id=2851","2024-09-06 13:59:28-06"
2162,"Casa Mora Casa del Escritor","2010-01-14","Secretaría de Cultura del Gobierno del Estado de Tabasco",27,"Tabasco",4,"Centro",1,"Villahermosa","Av. Carlos Pellicer Cámara s/n a un costado del Ceiba","Col. Zona Cicom ","86000","993 314 21 73","","",-92.92492,17.97826,"http://sic.gob.mx/ficha.php?table=centro_cultural&table_id=2162","2021-09-27 10:06:25-05"
1340,"Instituto Juárez","1979-01-12","Universidad Juárez Autónoma de Tabasco (UJAT)",27,"Tabasco",4,"Centro",1,"Villahermosa","Av. 27 de Febrero 640 esq. Peredo","Centro Delegación Dos","86000","993 312 45 57","https://detabascosoy.com/instituto-juarez/","dirección.ddce@ujat.mx",-92.92113,17.98889,"http://sic.gob.mx/ficha.php?table=centro_cultural&table_id=1340","2024-07-02 17:30:43-06"
3880,"Centro Cultural Enrique González Pedrero","2023-02-21","Ayuntamiento de Centro/Dirección de Educación, Cultura y Recreación (Decur)",27,"Tabasco",4,"Centro",1,"Villahermosa","Josefa Ortiz de Domínguez s/n entre Mangos Independencias y Venustiano Carranza","Ranchería Buena Vista Segunda Sección","56250","993 316 42 12","","cultura@centro.gob.mx; arebolledo@villahermosa.gob.mx",-92.75241,18.14997,"http://sic.gob.mx/ficha.php?table=centro_cultural&table_id=3880","2025-07-07 09:30:10-06"
1429,"Centro Cultural Villahermosa","1999-03-01","Ayuntamiento de Centro/Dirección de Educación, Cultura y Recreación (Decur)",27,"Tabasco",4,"Centro",1,"Villahermosa","Av. Francisco I. Madero s/n esq. Zaragoza","Centro","86000","993 316 42 12","https://www.villahermosa.gob.mx","centroculturalvhsa@gmail.com",-92.91689,17.9912,"http://sic.gob.mx/ficha.php?table=centro_cultural&table_id=1429","2025-07-04 11:52:49-06"
3882,"Casa de Arte Popular Norma Cárdenas Zurita","2003-12-08","Ayuntamiento de Centro/Dirección de Educación, Cultura y Recreación (Decur)",27,"Tabasco",4,"Centro",1,"Villahermosa","a un costado del Parque Central","Ranchería Medellín y Madero 2da Secc.","86270","993 385 7422","https://www.villahermosa.gob.mx","amazonas.uiet@gmail.com",-92.91917,17.98784,"http://sic.gob.mx/ficha.php?table=centro_cultural&table_id=3882","2026-07-30 12:41:09-06"
3881,"Casa de Arte Libre Creación La Ceiba","2008-02-21","Ayuntamiento de Centro/Dirección de Educación, Cultura y Recreación (Decur)",27,"Tabasco",4,"Centro",183,"Tamulté de las Sabanas","Carr. a Jolochero s/n","Ranchería la Ceiba","86254","993 157 24 63","https://www.villahermosa.gob.mx/","eliazarart@hotmail.com",-92.78444,18.16136,"http://sic.gob.mx/ficha.php?table=centro_cultural&table_id=3881","2026-07-30 12:42:11-06"
1428,"Casa de Cultura Carlos Pellicer Cámara","1985-01-01","Ayuntamiento de Comalcalco/Dirección de Educación, Cultura y Recreación (DECUR)",27,"Tabasco",5,"Comalcalco",1,"Comalcalco","Gregorio Méndez Magaña s/n","Centro","86300","937 372 2039","","",-93.22265,18.26341,"http://sic.gob.mx/ficha.php?table=centro_cultural&table_id=1428","2026-05-21 11:24:50-06"
4,"Casa de Cultura Antonio de Dios Guarda","1988-01-01","DECUR",27,"Tabasco",6,"Cunduacán",1,"Cunduacán","Hidalgo esq. Cuauhtémoc","Santiaguito","86690","9934187177","https://cunduacan.gob.mx/2023/02/23/talleres-que-ofrece-la-casa-de-la-cultura-antonio-de-dios-guarda/","",-93.17688,18.0664,"http://sic.gob.mx/ficha.php?table=centro_cultural&table_id=4","2023-07-18 06:28:39-06"
1584,"Casa de Cultura José Carlos Becerra Ramos","1979-02-18","Ayuntamiento de Emiliano Zapata/Dirección de Educación, Cultura y Recreación (DECUR)",27,"Tabasco",7,"Emiliano Zapata",1,"Emiliano Zapata","Int. Parque de la Raza, Moctezuma s/n","Centro","86981","934 124 0324","https://emilianozapatatab.gob.mx/","decur.ezapata20242027@gmail.com",-91.76502,17.74123,"http://sic.gob.mx/ficha.php?table=centro_cultural&table_id=1584","2026-02-06 11:13:11-06"
2995,"Casa de Cultura Yekina Sosa Pavón","2015-11-23","Ayuntamiento de Emiliano Zapata/Dirección de Educación, Cultura y Recreación (DECUR)",27,"Tabasco",7,"Emiliano Zapata",8,"Gregorio Méndez Magaña (Pénjamo)","Francisco Fonz Lara s/n","Centro","86996","934 116 3219","https://emilianozapatatab.gob.mx/","decur.ezapata20242027@gmail.com",-91.60148,17.45771,"http://sic.gob.mx/ficha.php?table=centro_cultural&table_id=2995","2026-02-06 13:49:51-06"
2993,"Casa de Cultura Profra. Angélica Bolívar Balan (Villa Chable)","2015-12-01","Ayuntamiento de Emiliano Zapata/Dirección de Educación, Cultura y Recreación (DECUR)",27,"Tabasco",7,"Emiliano Zapata",9,"Chablé","Enrique González Pedrero s/n entre Andrés Sherrer y Everardo Alamina","Centro","86996","938 105 0561","decur. ezapata20242027 @gmail.com","decur. ezapata20242027 @gmail.com",-91.78117,17.85599,"http://sic.gob.mx/ficha.php?table=centro_cultural&table_id=2993","2026-02-06 14:09:36-06"
2994,"Casa de Cultura Profra. Julia de C. Pujol Sáenz (poblado Chacama) ","2015-12-29","Ayuntamiento de Emiliano Zapata/Dirección de Educacin, Cultura y Recreación (DECUR)",27,"Tabasco",7,"Emiliano Zapata",96,"Chacama","Carlos A. Madrazo s/n entre Emiliano Zapata y Mariano Abasolo","Centro","86996","934 100 5328","https://emilianozapatatab.gob.mx/","decur.ezapata20242027@gmail.com",-91.61609,17.66171,"http://sic.gob.mx/ficha.php?table=centro_cultural&table_id=2994","2026-02-06 12:54:32-06"
238,"Casa de la Cultura Profr. Manuel R. Mora Martínez","1964-01-01","Ayuntamiento de Huimanguillo/Dirección de Educación, Cultura y Recreación (Decur)",27,"Tabasco",8,"Huimanguillo",1,"Huimanguillo","Av. Miguel Hidalgo s/n esq. Av. Rafael Martínez Escobar","Centro","86400","917 102 72 39, 917 375 00 91","https://www.huimanguillo.gob.mx/","mtro.josegbp@hotmail.com",-93.39106,17.83523,"http://sic.gob.mx/ficha.php?table=centro_cultural&table_id=238","2025-10-31 14:29:54-06"
134,"Casa de la Cultura Jorge Arturo Correa Villaveitia","1000-01-01","DECUR",27,"Tabasco",9,"Jalapa",1,"Jalapa","Pino Suárez  y Régulo Torpey Andrade","","86850","9323630383  ","jalapatabasco.gob.mx","contacto@jalapatabasco.gob.mx",-92.81259,17.71953,"http://sic.gob.mx/ficha.php?table=centro_cultural&table_id=134","2023-08-07 07:57:44-06"
41,"Casa de Cultura de Jalpa de Méndez","1982-01-01","Ayuntamiento de Jalpa de Méndez",27,"Tabasco",10,"Jalpa de Méndez",1,"Jalpa de Méndez","Plaza Hidalgo 1","Centro","86200","914 337 02 14","https://www.mexicoescultura.com/recinto/68442/casa-de-cultura-municipal-jalpa-de-mendez.html","decur_jalpa@hotmail.com",-93.06152,18.17642,"http://sic.gob.mx/ficha.php?table=centro_cultural&table_id=41","2024-04-17 13:43:17-06"
137,"Casa de Cultura de Jonuta","1990-01-01","Ayuntamiento de Jonuta",27,"Tabasco",11,"Jonuta",1,"Jonuta","24 de Mayo s/n","Centro","86780","(913) 367 00 29 ext. 120","","",-92.13973,18.09043,"http://sic.gob.mx/ficha.php?table=centro_cultural&table_id=137","2024-02-22 07:58:39-06"
99,"Casa de la Cultura Ada Ramírez de Rovirosa","1977-01-01","Ayuntamiento de Macuspana",27,"Tabasco",12,"Macuspana",1,"Macuspana","Paseo José Narciso Rovirosa s/n y Prolongación. Alatorre","Centro","86706","(936) 362 13 37","https://macuspana.gob.mx/","decur@macuspana.gob.mx",-92.59815,17.76191,"http://sic.gob.mx/ficha.php?table=centro_cultural&table_id=99","2023-07-18 09:12:54-06"
71,"Casa de Cultura Tomás Rodríguez Sastre","1975-01-01","Dirección de Educación, Cultura y Recreación",27,"Tabasco",13,"Nacajuca",1,"Nacajuca","Hidalgo s/n","Centro","86220","914 337 82 29","","",-93.02075,18.16897,"http://sic.gob.mx/ficha.php?table=centro_cultural&table_id=71","2023-08-07 11:19:43-06"
72,"Casa de Cultura José Tiquet","1980-01-01","DECUR",27,"Tabasco",14,"Paraíso",1,"Paraíso","Santos Degollado 406","Centro","86605","933  113 30 81","https://www.facebook.com/reel/1419388652687492","",-93.21233,18.39756,"http://sic.gob.mx/ficha.php?table=centro_cultural&table_id=72","2026-01-13 18:44:37-06"
3379,"Centro Cultural Mecoacán","2015-01-01","Centro Cultural Mecoacán A.C.",27,"Tabasco",14,"Paraíso",1,"Paraíso","Miguel Lerdo de Tejada 216","Centro","86605","933 688 79 91","","centroculturalmecoacan@gmail.com",-93.21203,18.39635,"http://sic.gob.mx/ficha.php?table=centro_cultural&table_id=3379","2025-10-27 16:51:06-06"
68,"Casa de Cultura Ing. Leandro Rovirosa Wade","1990-01-01","",27,"Tabasco",15,"Tacotalpa",1,"Tacotalpa","Plaza Benito Juárez  4","","86870","","","",-92.82592,17.59192,"http://sic.gob.mx/ficha.php?table=centro_cultural&table_id=68","2024-04-18 14:33:09-06"
273,"Casa de la Cultura Lic. Andrés Iduarte Foucher","1985-01-01","Ayuntamiento de Teapa/Dirección de Educación, Cultura y Recreación de Teapa (Decur)",27,"Tabasco",16,"Teapa",1,"Teapa","Félix F. Palavicini s/n","Col. Sierra Ríos","86800","932 105 21 25","","decur.teapa2124@gmail.com",-92.94894,17.55659,"http://sic.gob.mx/ficha.php?table=centro_cultural&table_id=273","2024-02-06 04:55:45-06"
280,"Casa de Cultura Celia González de Rovirosa","1983-01-01","DECUR",27,"Tabasco",17,"Tenosique",1,"Tenosique de Pino Suárez","Calle 28 s/n por 53","col. La Trinchera","86901","934 342 19 89","https://tenosique.gob.mx/","presidencia@tenosique.gob.mx",-91.42254,17.46606,"http://sic.gob.mx/ficha.php?table=centro_cultural&table_id=280","2026-01-20 11:13:01-06"
1481,"Casa de Cultura de Abasolo","1969-01-16","Ayuntamiento de Abasolo",28,"Tamaulipas",1,"Abasolo",1,"Abasolo","Lázaro Cárdenas s/n esq. Juárez","Centro","87760","(834) 208 69 07","","cultura_municipal2020@hotmail.com",-98.37424,24.06117,"http://sic.gob.mx/ficha.php?table=centro_cultural&table_id=1481","2024-06-21 13:57:06-06"
918,"Casa de Cultura Arturo Norte García","1995-01-16","Ayuntamiento de Aldama",28,"Tamaulipas",2,"Aldama",1,"Aldama","Brasil s/n","Col. Constitución","89670","836 100 71 15","","lupitaarguelles925@gmail.com",-98.0729,22.90982,"http://sic.gob.mx/ficha.php?table=centro_cultural&table_id=918","2025-11-25 17:05:22-06"
141,"Casa de Cultura de Altamira","2000-01-01","Ayuntamiento de Altamira",28,"Tamaulipas",3,"Altamira",1,"Altamira","Fundo Legal esq. Iturbide","Centro","89600","(833) 264 64 44","","ccultura.altamira@gmail.com",-97.94077,22.39484,"http://sic.gob.mx/ficha.php?table=centro_cultural&table_id=141","2026-02-16 19:07:15-06"
636,"Casa de Cultura de Antiguo Morelos","1980-01-16","Ayuntamiento de Antiguo Morelos e ITCA",28,"Tamaulipas",4,"Antiguo Morelos",1,"Antiguo Morelos","Juárez 100 esq. Hidalgo","Centro","89960","831 237 01 82 ","https://www.tamaulipas.gob.mx/estado/municipios/antiguo-morelos/","",-99.08409,22.54988,"http://sic.gob.mx/ficha.php?table=centro_cultural&table_id=636","2024-08-08 14:19:19-06"
1961,"Casa de la Cultura de Bustamante","2016-10-01","Ayuntamiento de Bustamante",28,"Tamaulipas",6,"Bustamante",1,"Bustamante","Hidalgo s/n a lado de presidencia municipal","Centro","87960","832 235 52 38","","presidencia.bustamante@hotmail.com",-99.75794,23.43511,"http://sic.gob.mx/ficha.php?table=centro_cultural&table_id=1961","2024-07-10 10:31:48-06"
2746,"Casa de Cultura de Camargo","1926-01-01","Ayuntamiento de Camargo",28,"Tamaulipas",7,"Camargo",1,"Ciudad Camargo","Libertad s/n esq. Juárez","Centro","88440","891 974 00 03","","palomaytony@hotmail.com",-98.83551,26.31277,"http://sic.gob.mx/ficha.php?table=centro_cultural&table_id=2746","2025-11-19 19:03:48-06"
1965,"Centro Cultural Bicentenario","2010-11-21","Ayuntamiento de Ciudad Madero",28,"Tamaulipas",9,"Ciudad Madero",1,"Ciudad Madero","Niños Héroes 405 entre Linares y 5 de Mayo","Felipe Carrillo Puerto","89430","833 357 03 75, 833 471 66 00","https://ciudadmadero.gob.mx/?fbclid=IwAR3JKSmy0hWVAzdQIawxqHL8Iz0rGLOVrIMJw5_ewVpHllHH9Yst9_AQRUI","direccion.cultura@ciudadmadero.gob.mx; culturaciudadmadero@hotmail.com	",-97.83921,22.25074,"http://sic.gob.mx/ficha.php?table=centro_cultural&table_id=1965","2024-02-21 06:19:04-06"
2752,"Casa de Cultura de Loma Alta","1000-01-01","Ayuntamiento de Gómez Farías",28,"Tamaulipas",11,"Gómez Farías",36,"Gómez Farías"," Miguel Hidalgo y Costilla s/n","Centro","89760"," 832 236 22 15","","",-99.15569,23.04711,"http://sic.gob.mx/ficha.php?table=centro_cultural&table_id=2752","2023-10-27 08:30:13-06"
2753,"Casa de Cultura de Villa Manuel","1000-01-01","Ayuntamiento de González",28,"Tamaulipas",12,"González",1,"González","Hidalgo 110 poniente","Centro","89706","836 111 24 11","","feaher1972@hotmail.com",-98.42563,22.82892,"http://sic.gob.mx/ficha.php?table=centro_cultural&table_id=2753","2024-07-11 14:09:19-06"
936,"Casa de Cultura de González","2007-01-16","Ayuntamiento de González e ITCA",28,"Tamaulipas",12,"González",1,"González","Guadalupe Victoria esq. Francisco I. Madero 102","Centro","89700","836 273 00 87","","feaher1972@hotmail.com",-98.426,22.82731,"http://sic.gob.mx/ficha.php?table=centro_cultural&table_id=936","2024-07-11 12:22:48-06"
60,"Casa de la Cultura de Güémez","1996-01-01","Ayuntamiento de Güemez/ ITCA",28,"Tamaulipas",13,"Güémez",1,"Güémez","Calle 9 y 10 Juárez s/n","Centro","87230","835 324 10 33 exts. 109 y 116","https://www.tamaulipas.gob.mx/cultura/#:~:text=El%20Instituto%20Tamaulipeco%20para%20la,y%20art%C3%ADsticas%20en%20la%20entidad.","manuelmartinezduarte@hotmail.com",-99.00829,23.91889,"http://sic.gob.mx/ficha.php?table=centro_cultural&table_id=60","2024-03-21 11:54:23-06"
378,"Casa de Cultura de Guerrero","2001-01-01","Ayuntamiento de Guerrero",28,"Tamaulipas",14,"Guerrero",1,"Nueva Ciudad Guerrero","Ruiz Cortines esq. Vicente Guerrero","Centro","88370","897 976 03 70","","",-99.22716,26.56599,"http://sic.gob.mx/ficha.php?table=centro_cultural&table_id=378","2021-07-12 07:38:47-05"
1963,"Casa de la Cultura de Díaz Ordaz","1985-01-01","Ayuntamiento de Gustavo Díaz Ordaz",28,"Tamaulipas",15,"Gustavo Díaz Ordaz",1,"Ciudad Gustavo Díaz Ordaz","Calle 2a. s/n","Centro","88400","899 419 47 91","","",0,0,"http://sic.gob.mx/ficha.php?table=centro_cultural&table_id=1963","2024-08-13 14:58:30-06"
113,"Casa de la Cultura de Jaumave","1991-03-01","Ayuntamiento de Jaumave e ITCA",28,"Tamaulipas",17,"Jaumave",1,"Jaumave","Hidalgo 221","Zona Centro","87930","832 336 01 19","","presidencia.jaumave@tam.gob.mx",0,0,"http://sic.gob.mx/ficha.php?table=centro_cultural&table_id=113","2021-04-09 06:54:23-05"
429,"Casa de Cultura de Llera","1992-01-01","Ayuntamiento de Llera e ITCA",28,"Tamaulipas",19,"Llera",1,"Llera de Canales","Blvd. Josefa Llera","Centro","87200","832 323 00 15","","",-99.02231,23.3159,"http://sic.gob.mx/ficha.php?table=centro_cultural&table_id=429","2024-10-16 15:00:34-06"
530,"Casa de Cultura Mante","1982-09-18","Ayuntamiento de El Mante",28,"Tamaulipas",21,"El Mante",1,"Ciudad Mante","Blvd. Manuel Cavazos Lerma 1400 Sur","Independencia","89830","831 232 65 02","https://mante.gob.mx/","casadeculturamante@hotmail.com<br> irbamante@hotmail.com",-98.97591,22.73098,"http://sic.gob.mx/ficha.php?table=centro_cultural&table_id=530","2024-03-14 09:03:01-06"
2861,"Espacio Cultural La Espiral ","1000-01-01","",28,"Tamaulipas",22,"Matamoros",1,"Heroica Matamoros","Washington 146","Col. Modelo","87360","868 160 4235","http://www.laespiral.mx","",-97.49551,25.87457,"http://sic.gob.mx/ficha.php?table=centro_cultural&table_id=2861","2024-08-05 13:00:06-06"
110,"Casa de la Cultura de Matamoros, A.C.","1983-09-01","Casa de la Cultura de la Ciudad de H. Matamoros, Tamps. A.C.",28,"Tamaulipas",22,"Matamoros",1,"Heroica Matamoros","Abedul y Limón 4 ","Fracc. Arboledas","87448","868 108 1038","https://matamoros.gob.mx/","casadelaculturadematamorosac@gmail.com",-97.47357,25.87319,"http://sic.gob.mx/ficha.php?table=centro_cultural&table_id=110","2026-06-22 10:03:21-06"
2860,"Parque Olímpico Cultura y Conocimiento","2004-01-01","Imaculta/Ayuntamiento de Matamoros",28,"Tamaulipas",22,"Matamoros",1,"Heroica Matamoros","Av. Constitucion  57      ","Jardin","87300 ","868 816 90 36","https://www.matamoros.gob.mx/?fbclid=IwAR3nq0B3pX2yqIEp294ZkZ-e2eee9C4xK8x-kp_Uv6q7DR6OB-hI0Wc4je4_aem_AcUbdBOZ4ZxwtZmEKy9GbhBxYL8j0tWyNsLuZ7iFDh9VFYLk4OS4h5JH0s4WirmE3Dnez-GELH6NdXwOUAEvb0Gu","imaculta@matamoros.gob.mx",-97.50142,25.88563,"http://sic.gob.mx/ficha.php?table=centro_cultural&table_id=2860","2025-10-07 18:56:51-06"
64,"Casa de la Cultura Municipal","1982-01-01","Ayuntamiento de Cd. Mier",28,"Tamaulipas",24,"Mier",1,"Mier","Hidalgo esq. Enrique Barrera Guerra s/n","Centro","88390","(897) 973 15 99","","",-99.14818,26.42813,"http://sic.gob.mx/ficha.php?table=centro_cultural&table_id=64","2024-06-19 12:08:37-06"
474,"Casa de la Cultura de Miguel Alemán","1989-11-01","Ayuntamiento de Miguel Alemán",28,"Tamaulipas",25,"Miguel Alemán",1,"Ciudad Miguel Alemán","Pto. Mazatlán s/n entre Pto. Tampico y Pto. Chetumal","Fracc. Jardines de San Germán","88300","897 972 12 80","","analilia_v_e@hotmail.com",-99.03326,26.39979,"http://sic.gob.mx/ficha.php?table=centro_cultural&table_id=474","2021-07-22 11:34:07-05"
527,"Casa de la Cultura de Miquihuana","2001-01-16","Ayuntamiento de Miquihuana/ITCA",28,"Tamaulipas",26,"Miquihuana",1,"Miquihuana","Obregón s/n enre Hidalgo y Canales","Barrio Reforma","87950","832 323 20 99","","maquihuana_cambio@hotmail.com",0,0,"http://sic.gob.mx/ficha.php?table=centro_cultural&table_id=527","2024-04-08 14:06:55-06"
531,"Casa de la Cultura Polivalente","2008-01-08","Ayuntamiento de Nuevo Laredo/Dirección de Arte y Cultura",28,"Tamaulipas",27,"Nuevo Laredo",1,"Nuevo Laredo","Ayuntamiento Sur s/n","Col. Infonavit","88275","867 714 39 84","","casadelaculturapolivalente@gmail.com",-99.50818,27.4497,"http://sic.gob.mx/ficha.php?table=centro_cultural&table_id=531","2021-07-22 10:49:00-05"
2107,"Estación Palabra Gabriel García Márquez","2008-09-04","Dirección Municipal de Arte y  Cultura",28,"Tamaulipas",27,"Nuevo Laredo",1,"Nuevo Laredo","Av. César López de Lara 1020","Sector Aduana","88000","(867) 712 78 44","https://twitter.com/EPalabra","hrlecanda@gmail.com",-99.51726,27.49067,"http://sic.gob.mx/ficha.php?table=centro_cultural&table_id=2107","2025-12-01 19:13:21-06"
2998,"Centro Cultural Comunitario Palmares","2015-04-30","Ayuntamiento de Nuevo Laredo/Dirección de Arte y Cultura",28,"Tamaulipas",27,"Nuevo Laredo",1,"Nuevo Laredo","Tampico 6200","Col. Palmares","88295","(867) 735 38 77   ","","produccioneslugo@hotmail.com",-99.56335,27.3886,"http://sic.gob.mx/ficha.php?table=centro_cultural&table_id=2998","2025-10-08 16:35:21-06"
2832,"Espacio de Artes y Oficios Maquila Creativa","2010-01-23","Ayuntamiento de Nuevo Laredo/Dirección de Arte y Cultura",28,"Tamaulipas",27,"Nuevo Laredo",1,"Nuevo Laredo","Parque industrial Longoria, Eva Sámano 1501","Col. 20 de Noviembre","88000","867 736 36 66            ","","maq.creativa@gmail.com",-99.54898,27.48579,"http://sic.gob.mx/ficha.php?table=centro_cultural&table_id=2832","2025-09-18 08:49:14-06"
494,"Casa de la Cultura Ejido El Progreso","2002-08-16","Republicano Ayuntamiento de Nuevo Laredo/Dirección de Arte y Cultura",28,"Tamaulipas",27,"Nuevo Laredo",1,"Nuevo Laredo","Calz. Francisco Santos s/n","Ejido El Progreso","88123","867 714 39 84","","casadelaculturapolivalente@gmail.com",0,0,"http://sic.gob.mx/ficha.php?table=centro_cultural&table_id=494","2021-07-27 09:16:40-05"
3915,"Galería Bravo","1000-01-01","",28,"Tamaulipas",27,"Nuevo Laredo",1,"Nuevo Laredo","Nicolás Bravo 1181","Sector Centro","88000","867 465 9428","","galeriabravonld@gmail.com",-99.50597,27.49756,"http://sic.gob.mx/ficha.php?table=centro_cultural&table_id=3915","2025-09-04 13:09:10-06"
348,"Casa de la Cultura Nuevo Laredo","2002-09-15","Ayuntamiento de Nuevo Laredo/Dirección de Arte y Cultura",28,"Tamaulipas",27,"Nuevo Laredo",1,"Nuevo Laredo","Lincoln 821","Col. Viveros","88070","867 715 36 18","","casadelaculturaoficina@hotmail.com",-99.48925,27.4797,"http://sic.gob.mx/ficha.php?table=centro_cultural&table_id=348","2021-07-22 10:20:39-05"
902,"Casa de la Cultura de Nuevo Morelos","1992-01-16","Ayuntamiento de Nuevo Morelos/ ITCA",28,"Tamaulipas",28,"Nuevo Morelos",1,"Nuevo Morelos","Independencia esq. Álvaro Obregón","Centro","89970","482 371 30 90","","",-99.22066,22.53503,"http://sic.gob.mx/ficha.php?table=centro_cultural&table_id=902","2024-02-08 10:55:16-06"
612,"Casa de la Cultura de Ocampo","1985-09-22","Instituto Tamaulipeco para la Cultura y las Artes",28,"Tamaulipas",29,"Ocampo",1,"Ocampo","Pedro J. Méndez s/n","Centro","87980","832  236 00 02","","",-99.33633,22.8447,"http://sic.gob.mx/ficha.php?table=centro_cultural&table_id=612","2024-07-10 13:21:20-06"
611," Casa de la Cultura de Reynosa ","1979-01-23","Casa de la Cultura de Reynosa, A.C.",28,"Tamaulipas",32,"Reynosa",1,"Reynosa","B.González s/n ","Zona Centro","88780","899 922 99 89","http://www.casadelaculturaac.com","casacultura2@hotmail.com",-98.27643,26.09384,"http://sic.gob.mx/ficha.php?table=centro_cultural&table_id=611","2024-06-21 14:58:19-06"
2657,"Parque Cultural Reynosa, Centro de Arte y Cultura","2010-08-17","Instituto Tamaulipeco para la Cultura y las Artes ",28,"Tamaulipas",32,"Reynosa",1,"Reynosa","Blvd. Oriente s/n ","Col. Azteca","88680","(899) 177 02 63, 177 02 59","https://www.tamaulipas.gob.mx/cultura/parque-cultural-reynosa/","adriana.jimenez@tamaulipas.gob.mx",-98.26997,26.0502,"http://sic.gob.mx/ficha.php?table=centro_cultural&table_id=2657","2025-11-28 17:46:03-06"
615,"Casa de la Cultura de San Carlos","1982-01-01","Instituto Tamaulipeco para la Cultura y las Artes",28,"Tamaulipas",34,"San Carlos",1,"San Carlos","Juárez s/n esq. Abasolo","Centro","87730","835 328 11 40","https://www.tamaulipas.gob.mx/estado/municipios/san-carlos/","",-98.94018,24.58214,"http://sic.gob.mx/ficha.php?table=centro_cultural&table_id=615","2024-03-22 10:03:24-06"
616,"Casa de Cultura de San Fernando","2014-02-20","Ayuntamiento de San Fernando/Secretaría de Educación, Cultura y Deporte/Dirección de Cultura",28,"Tamaulipas",35,"San Fernando",1,"San Fernando","Allende s/n entre Porfirio Díaz y Mariano Escobedo","Centro","87600","841 841 96 42","","jaimeponceperez@hotmail.com",-98.1576,24.84766,"http://sic.gob.mx/ficha.php?table=centro_cultural&table_id=616","2024-11-15 07:47:39-06"
625,"Casa de la Cultura de Soto la Marina","1992-01-16","ITCA/ Ayuntamiento de Soto la Marina",28,"Tamaulipas",37,"Soto la Marina",1,"Soto la Marina","Av. Enrique Cárdenas s/n","3 de Septiembre","87670","835 100 48 06","http://tamaulipas.gob.mx/2013/08/inauguran-casa-de-cultura-en-soto-la-marina/","guadalupe.slm.tamaulipas@gmail.com",-98.19918,23.76523,"http://sic.gob.mx/ficha.php?table=centro_cultural&table_id=625","2024-03-06 08:59:38-06"
1365,"Espacio Cultural Metropolitano","2003-01-01","Instituto Tamaulipeco para la Cultura y las Artes",28,"Tamaulipas",38,"Tampico",1,"Tampico","Blvd. Adolfo López Mateos s/n","Obrera","89050","833 126 0733<br> WhatsApp: 8333246688","http://itca.gob.mx/unidades-culturales/espacio-cultural-metropolitano/","metro.difusioncultural@gmail.com",-97.85347,22.2358,"http://sic.gob.mx/ficha.php?table=centro_cultural&table_id=1365","2024-03-14 04:43:21-06"
828,"Casa de la Cultura de Tampico Jesús Arzola Rodríguez","1998-02-12","Ayuntamiento de Tampico/Secretaría de Cultura de Tampico",28,"Tamaulipas",38,"Tampico",1,"Tampico","Lauro Aguirre 105","Col. Melchor Ocampo","89270","833 305 26 28","","casadelacultura1821@hotmail.com",-97.86437,22.22231,"http://sic.gob.mx/ficha.php?table=centro_cultural&table_id=828","2024-10-04 14:57:26-06"
58,"Casa de la Cultura de Ciudad de Tula","1963-07-01","Instituto Tamaulipeco para la Cultura y las Artes",28,"Tamaulipas",39,"Tula",1,"Ciudad Tula","Zaragoza s/n esq. Hidalgo","Centro","87900","832 326 00 47","","sec.part_tula@hotmail.com",-99.71087,22.99997,"http://sic.gob.mx/ficha.php?table=centro_cultural&table_id=58","2021-07-23 04:53:39-05"
3834,"Casa de los Saberes Jurídicos en Ciudad Victoria Ministro Fernando de la Fuente Sanders    ","1998-01-01","Suprema Corte de Justicia de la Nación (SCJN)",28,"Tamaulipas",41,"Victoria",1,"Ciudad Victoria","Hidalgo 225 entre 18 y 19","Centro","87000","55 4113 1000 exts. 8383, 8387","https://www.sitios.scjn.gob.mx/casascultura/casas-cultura-juridica/ciudad-victoria-tamaulipas","ccjvictoria@mail.scjn.gob.mx; avillanueva@mail.scjn.gob.mx",-99.15373,23.73231,"http://sic.gob.mx/ficha.php?table=centro_cultural&table_id=3834","2026-09-30 13:43:47-06"
310,"Centro Cultural Tamaulipas","1986-12-15","Instituto Tamaulipeco para la Cultura y las Artes",28,"Tamaulipas",41,"Victoria",1,"Ciudad Victoria","16 Morelos s/n","Zona Centro","87000","834 318 83 26","http://itca.gob.mx/unidades-culturales/centro-cultural-tamaulipas/","laura.casamitjana@tamaulipas.gob.mx",-99.15118,23.73211,"http://sic.gob.mx/ficha.php?table=centro_cultural&table_id=310","2022-05-16 06:17:57-05"
859,"Centro Cultural Ciudad Victoria","1990-01-16","Instituto de Seguridad y Servicios Sociales de los Trabajadores del Estado (ISSSTE)",28,"Tamaulipas",41,"Victoria",1,"Ciudad Victoria","Huizache y Mora 544","Fracc. Las Flores","87070","834 312 18 26","","",-99.1679,23.72725,"http://sic.gob.mx/ficha.php?table=centro_cultural&table_id=859","2024-08-13 14:42:39-06"
1490,"Casa del Arte Victoria","1962-09-12","Instituto Tamaulipeco para la Cultura y las Artes",28,"Tamaulipas",41,"Victoria",1,"Ciudad Victoria","Mariano Matamoros 1000","Centro","87000","834 312 1654","https://www.facebook.com/CasadelArteVictoria","casadelarte@tamaulipas.gob.mx",-99.14356,23.73344,"http://sic.gob.mx/ficha.php?table=centro_cultural&table_id=1490","2025-06-10 08:17:38-06"
254,"Casa de la Cultura de Xicotencatl","1995-01-01","Ayuntamiento de Xicotencatl",28,"Tamaulipas",43,"Xicoténcatl",1,"Xicoténcatl","Lázaro Picazo Tovar s/n","","89750","832 235 0036 ","","",-98.93046,23.00006,"http://sic.gob.mx/ficha.php?table=centro_cultural&table_id=254","2025-04-10 13:39:54-06"
1075,"La Libertad Centro Cultural Apizaco","1995-01-22","Patronato La Libertad Centro Cultural de Apizaco",29,"Tlaxcala",5,"Apizaco",1,"Ciudad de Apizaco","Av. Hidalgo esq. 5 de Mayo s/n","Centro","90300","241 418 09 60","https://lalibertadapizaco.tlaxcala.gob.mx/","lalibertadapizaco@gmail.com",-98.13835,19.41747,"http://sic.gob.mx/ficha.php?table=centro_cultural&table_id=1075","2026-01-15 12:29:23-06"
3280,"Centro de las Artes de Tlaxcala","2016-01-01","Secretaría de Cultura de Tlaxcala",29,"Tlaxcala",5,"Apizaco",1,"Ciudad de Apizaco","Fernando Solana 1, 4ta sección","Col. San Luis Apizaquito","90401","241 41 88960 exts. 101,102","http://www.culturatlaxcala.com.mx/index.php/infraestructura/centro-de-las-artes/","direccion@culturatlaxcala.com.mx",-98.14056,19.41633,"http://sic.gob.mx/ficha.php?table=centro_cultural&table_id=3280","2023-02-22 05:44:21-06"
3899,"Astra. Base de exploración artística","2025-07-21","",29,"Tlaxcala",5,"Apizaco",1,"Ciudad de Apizaco","5 de febrero núm. 405","Centro ","","241 116 4005","","",-98.13836,19.41608,"http://sic.gob.mx/ficha.php?table=centro_cultural&table_id=3899","2025-08-25 18:35:33-06"
1215,"Centro Cultural Isabel H. Gracia en Calpulalpan","1986-10-16","Instituto Tlaxcalteca de la Cultura",29,"Tlaxcala",6,"Calpulalpan",1,"Heroica Ciudad de Calpulalpan","Xicoténcatl  12","Centro","90200","749 918 13 56","http://www.culturatlaxcala.com.mx/?page_id=59","calpulalpan.centro.cultural@outlook.com",-98.57,19.59064,"http://sic.gob.mx/ficha.php?table=centro_cultural&table_id=1215","2025-06-18 17:07:55-06"
3976,"Centro Cultural Cuapiaxtla","2001-08-08","Ayuntamiento de Cuapiaxtla",29,"Tlaxcala",8,"Cuapiaxtla",1,"Cuapiaxtla","De La Constitución 17 esq. con Tlahuicole","Col. Alta Luz","90560","276 478 2200","https://ayuntamientocuapiaxtla.org/","cultura.cuapiaxtla@gmail.com",-97.76865,19.29699,"http://sic.gob.mx/ficha.php?table=centro_cultural&table_id=3976","2026-01-26 11:36:31-06"
1166,"Centro Cultural Chiautempan José Agustín Arrieta","1990-12-12","Instituto Tlaxcalteca de la Cultura",29,"Tlaxcala",10,"Chiautempan",1,"Santa Ana Chiautempan","Independencia 8","Barrio de Xaltantla","90800","(241) 106 13 48","http://www.culturatlaxcala.com.mx/?page_id=59","culturalcentro04@gmail.com",-98.19328,19.31821,"http://sic.gob.mx/ficha.php?table=centro_cultural&table_id=1166","2019-01-07 05:50:52-06"
1225,"Centro Cultural de Huamantla","1987-01-13","Secretaría de Cultura de Tlaxcala/Dirección de Extensión Cultural//Centro Cultural de Huamantla",29,"Tlaxcala",13,"Huamantla",1,"Huamantla","Parque Juárez 14","Centro","90500","247 472 1311","","centroculturalhuamantla@outlook.com",-97.92306,19.31266,"http://sic.gob.mx/ficha.php?table=centro_cultural&table_id=1225","2025-12-16 13:59:44-06"
1255,"Centro Cultural Hueyotlipan Ex convento Franciscano ","2001-07-15","Instituto Tlaxcalteca de la Cultura",29,"Tlaxcala",14,"Hueyotlipan",1,"Hueyotlipan","Reforma s/n","Centro","90240","(241)  415 00 84","http://www.culturatlaxcala.com.mx/?page_id=59","c.c.hueyotlipan@outlook.com",-98.3476,19.4698,"http://sic.gob.mx/ficha.php?table=centro_cultural&table_id=1255","2018-12-31 07:05:30-06"
1257,"Centro Cultural Ixtenco","1989-11-02","Instituto Tlaxcalteca de la Cultura",29,"Tlaxcala",16,"Ixtenco",1,"Ixtenco","Calle 11 Sur núm. 3","Barrio San Antonio 2do.","90580","Cel. (247) 121 56 30","http://www.culturatlaxcala.com.mx/?page_id=59","ccixtenco@hotmail.com",-97.89812,19.24944,"http://sic.gob.mx/ficha.php?table=centro_cultural&table_id=1257","2025-07-07 19:42:16-06"
1167,"Centro Cultural de Contla","2007-01-01","Ayuntamiento de Contla de Juan Cuamatzi",29,"Tlaxcala",18,"Contla de Juan Cuamatzi",1,"Contla","Plaza de la Constitución","Centro","","el. (246) 184 79 51","","centroculturalcontla@gmail.com",-98.16816,19.33415,"http://sic.gob.mx/ficha.php?table=centro_cultural&table_id=1167","2026-02-18 17:41:13-06"
2601,"Centro Cultural Nanacamilpa","2011-04-30","Secretaría de Cultura Tlaxcala",29,"Tlaxcala",21,"Nanacamilpa de Mariano Arista",1,"Ciudad de Nanacamilpa","Ocampo 25","Barrio de Obregón","90280","748 766 01 23     ","http://www.culturatlaxcala.com.mx","pedroavelinoalcantara@hotmail.com",-98.53507,19.49337,"http://sic.gob.mx/ficha.php?table=centro_cultural&table_id=2601","2023-01-09 10:24:24-06"
1223,"Centro Cultural ISSSTE Tlaxcala","1986-09-01","Instituto de Seguridad y Servicios Sociales de los Trabajadores del Estado (ISSSTE)",29,"Tlaxcala",33,"Tlaxcala",1,"Tlaxcala de Xicohténcatl","Lira esq. Ortega 69","Centro","90000","246 9362 293 exts. 307 y 308","https://www.gob.mx/issste","",-98.23409,19.32442,"http://sic.gob.mx/ficha.php?table=centro_cultural&table_id=1223","2024-02-28 05:48:23-06"
3297,"La Colmena Centro de Tecnología Creativas -Grace Quintanilla-","2019-01-01","Secretaría de Cultura/Centro de Cultura Digital",29,"Tlaxcala",33,"Tlaxcala",1,"Tlaxcala de Xicohténcatl","Av. Benito Juárez 62","Col. Centro","","55 1000 2637","https://www.centroculturadigital.mx/la-colmena ","colmena@cultura.gob.mx",-98.23469,19.32208,"http://sic.gob.mx/ficha.php?table=centro_cultural&table_id=3297","2025-06-17 17:02:37-06"
2922,"Centro Cultural Universitario (UATX)","2013-02-28","Universidad Autónoma de Tlaxcala (UATX))",29,"Tlaxcala",33,"Tlaxcala",1,"Tlaxcala de Xicohténcatl","Carr. Tlaxcala Puebla km 1.5 s/n","Col. La Loma Xicohténcatl","90068","246 462 3166","https://uatx.mx/","ccu@uatx.mx",-98.24143,19.30315,"http://sic.gob.mx/ficha.php?table=centro_cultural&table_id=2922","2024-04-17 09:44:45-06"
3852,"Casa de los Saberes Jurídicos en Tlaxcala José Miguel Guridi Alcocer ","2000-02-16","Suprema Corte de Justicia de la Nación (SCJN)",29,"Tlaxcala",33,"Tlaxcala",1,"Tlaxcala de Xicohténcatl","Xicotencatl 16","Centro","90000","55 4113 1000 exts. 8250, 8257","https://www.sitios.scjn.gob.mx/casascultura/casas-cultura-juridica/tlaxcala-tlaxcala","ccjtlaxcala@mail.scjn.gob.mx",-98.23629,19.31634,"http://sic.gob.mx/ficha.php?table=centro_cultural&table_id=3852","2026-09-30 14:32:50-06"
1411,"Palacio de la Cultura","1991-01-01","Secretaría de Cultura Tlaxcala",29,"Tlaxcala",33,"Tlaxcala",1,"Tlaxcala de Xicohténcatl","Av. Juárez  62","Centro","90000","246 462 27 24","http://www.culturatlaxcala.com.mx/?page_id=59","palacioculturatlaxcala@gmail.com",-98.2375,19.31655,"http://sic.gob.mx/ficha.php?table=centro_cultural&table_id=1411","2023-10-11 08:02:17-06"
1169,"Centro Cultural Tlaxco","1988-02-23","Instituto Tlaxcalteca de la Cultura",29,"Tlaxcala",34,"Tlaxco",1,"Tlaxco","Benito Juárez 8","Centro","90250","241 102 4721","http://www.culturatlaxcala.com.mx/?page_id=59","parlando_luis@hotmail.com",-98.12003,19.61314,"http://sic.gob.mx/ficha.php?table=centro_cultural&table_id=1169","2024-06-21 10:27:11-06"
1038,"Centro Cultural Papalotla","1993-02-05","Instituto Tlaxcalteca de la Cultura",29,"Tlaxcala",41,"Papalotla de Xicohténcatl",1,"Papalotla","Progresos 3, 2da. Sección","Barrio Potrero","90790","222 281 16 18","https://www.culturatlaxcala.com.mx/?page_id=59","centroculturalpapalotlasc@gmail.com ",-98.20444,19.16985,"http://sic.gob.mx/ficha.php?table=centro_cultural&table_id=1038","2026-06-15 13:18:00-06"
2900,"Centro Cultural Yauhquemecan","2014-10-28","Instituto Tlaxcalteca de la Cultura",29,"Tlaxcala",43,"Yauhquemehcan",1,"San Dionisio Yauhquemehcan","Juárez s/n","Centro","90000","(246) 462 36 23, 462 39 69","","osribri2000@gmail.com",-98.18269,19.40665,"http://sic.gob.mx/ficha.php?table=centro_cultural&table_id=2900","2018-12-31 07:42:09-06"
1117,"Centro Cultural Regional Zacatelco","1990-03-20","Instituto Tlaxcalteca de la Cultura",29,"Tlaxcala",44,"Zacatelco",1,"Zacatelco","Independencia 1 int.","Centro","90740","(246) 151 04 45      ","http://www.culturatlaxcala.com.mx/?page_id=59","morachacccz@hotmail.com",-98.24049,19.21632,"http://sic.gob.mx/ficha.php?table=centro_cultural&table_id=1117","2018-12-31 07:17:09-06"
2674,"Casa de Cultura Diego Rivera","2011-03-02","Ayuntamiento de Acatlán",30,"Veracruz de Ignacio de la Llave",2,"Acatlán",1,"Acatlán","Revolución s/n","Centro","91420","279 822 32 53 ","","arteycultura88@outlook.com",-96.84373,19.6972,"http://sic.gob.mx/ficha.php?table=centro_cultural&table_id=2674","2025-09-10 10:18:22-06"
1394,"Casa de Cultura de Acayucan","1990-01-01","Ayuntamiento de Acayucan",30,"Veracruz de Ignacio de la Llave",3,"Acayucan",1,"Acayucan","Melchor Ocampo 52","Tamarindos","96049","924 245 9823","https://gobiernomunicipaldeacayucan.com.mx/","acayucancultura2225@gmail.com",-94.9108,17.94363,"http://sic.gob.mx/ficha.php?table=centro_cultural&table_id=1394","2025-09-10 10:15:16-06"
2736,"Casa de Cultura José Piedad Bejarano Sosa","2012-05-22","Ayuntamiento de Acula",30,"Veracruz de Ignacio de la Llave",5,"Acula",1,"Acula","Av. Independencia 369","Centro","95440","288 886 3120"," https://www.facebook.com/watch/?v=3498496943571113","culturaacula2018@hotmail.com",-95.77276,18.50798,"http://sic.gob.mx/ficha.php?table=centro_cultural&table_id=2736","2025-09-10 15:27:43-06"
168,"Casa de la Cultura Sor Juana Inés de la Cruz","1989-01-01","Instituto Veracruzano de la Cultura",30,"Veracruz de Ignacio de la Llave",9,"Alto Lucero de Gutiérrez Barrios",1,"Alto Lucero","Ant. Palacio Municipal, Av. Miguel Alemán 15","Centro","91460","297 827 0070 ext 122","http://www.altolucero.gob.mx/","alcaldealtolucero2022225@gmail.com; educacionaltolucero2022@gmail.com,",-96.73363,19.62231,"http://sic.gob.mx/ficha.php?table=centro_cultural&table_id=168","2025-09-23 13:52:27-06"
3782,"Casa de la Cultura de Altotonga","1000-01-01","Ayuntamiento de Altotonga, Ver.",30,"Veracruz de Ignacio de la Llave",10,"Altotonga",1,"Altotonga","General Allende Nte. 7 ","Centro ","93700","","https://www.facebook.com/profile.php?id=100057866881013","gregoriozavaletagonzalez@gmail.com",-97.24427,19.76468,"http://sic.gob.mx/ficha.php?table=centro_cultural&table_id=3782","2025-09-24 12:20:10-06"
1407,"Casa de la Cultura Narciso Serraldel Sevilla","1979-03-24","Instituto Veracruzano de la Cultura",30,"Veracruz de Ignacio de la Llave",11,"Alvarado",1,"Alvarado","Joaquín Martínez 20","Centro","95270","297 973 0800","","cc_alvarado@yahoo.com",-95.75768,18.76766,"http://sic.gob.mx/ficha.php?table=centro_cultural&table_id=1407","2025-09-10 10:53:11-06"
2675,"Casa de la Cultura  Pablo Vilaboa Zarrabal ","2012-01-01","Ayuntamiento de Amatitlán",30,"Veracruz de Ignacio de la Llave",12,"Amatitlán",1,"Amatitlán","Hidalgo s/n esq. M. Avila Camacho","Centro","95450","288 690 7425","","casadecultura1821_amatitlanver@hotmail.com",-95.73171,18.43192,"http://sic.gob.mx/ficha.php?table=centro_cultural&table_id=2675","2025-09-11 13:44:55-06"
7,"Casa de Cultura de Naranjos Amatlán ","1990-01-01","Ayuntamiento de Naranjos Amatlán/Dirección de Cultura",30,"Veracruz de Ignacio de la Llave",13,"Naranjos Amatlán",1,"Naranjos","Calle 16 de Septiembre s/n esq. 1o. de Mayo","Centro","92300","768 855 4232","https://www.naranjos.gob.mx/","secretario.ayuntamiento@naranjos.gob.mx",-97.68746,21.35008,"http://sic.gob.mx/ficha.php?table=centro_cultural&table_id=7","2026-09-09 09:41:23-06"
584,"Casa de Cultura C. León López Sánchez","1000-01-01","",30,"Veracruz de Ignacio de la Llave",14,"Amatlán de los Reyes",1,"Amatlán de los Reyes","Av. 16 de Septiembre 38","Centro","94950","271 713 81 25","https://www.amatlandelosreyes.gob.mx/cultura.html","amatlancultura2024@gmail.com; alvizarl@hotmail.com",-96.91465,18.84494,"http://sic.gob.mx/ficha.php?table=centro_cultural&table_id=584","2025-09-10 17:24:49-06"
3126,"Casa de la Cultura René Beltrán Mendoza ","2014-03-26","Casa de la Cultura René Beltrán Mendoza ",30,"Veracruz de Ignacio de la Llave",15,"Angel R. Cabada",1,"Ángel R. Cabada","Primitivo R. Valencia 413","Barrio Muerto","95841","284 106 1593","","ramirezrodriguez63@gmail.com",-95.44102,18.59824,"http://sic.gob.mx/ficha.php?table=centro_cultural&table_id=3126","2025-09-11 14:06:11-06"
3127,"Casa de la Cultura Guillermo Lázaro Rivera","2018-01-01","",30,"Veracruz de Ignacio de la Llave",15,"Angel R. Cabada",1,"Ángel R. Cabada","","","","229 559 4670","","casadeculturaguillermolazaro@gmail.com",-95.44312,18.59142,"http://sic.gob.mx/ficha.php?table=centro_cultural&table_id=3127","2025-11-24 18:49:49-06"
1396,"Casa de la Cultura de Cardel","1984-09-21","Ayuntamiento de La Antigua/Dirección de Educación y Cultura",30,"Veracruz de Ignacio de la Llave",16,"La Antigua",1,"José Cardel","José Cardel 1, esq. Emiliano Zapata","Centro ","91680","296 962 2801,  296 688 1726","https://laantigua.gob.mx/","educación@laantiguamunicipio.gob.mx; casadecultura.antigua13@gmail.com; presidencia@laantiguamunicipio.gob.mx ",-96.37747,19.37107,"http://sic.gob.mx/ficha.php?table=centro_cultural&table_id=1396","2026-06-11 11:59:05-06"
3189,"Casa de Cultura y Capacitación VeracruzAna","2013-03-03","VeracruzAna A.C.",30,"Veracruz de Ignacio de la Llave",16,"La Antigua",2,"La Antigua","Av. Independencia 9","Centro","91687","","","veracruzana8@gmail.com",-96.32095,19.32112,"http://sic.gob.mx/ficha.php?table=centro_cultural&table_id=3189","2026-06-11 12:01:36-06"
143,"Casa de la Cultura Banderilla","1983-01-01","Casa de la Cultura Banderilla, A.C.",30,"Veracruz de Ignacio de la Llave",26,"Banderilla",1,"Banderilla","Miguel Hidalgo 80","Centro","91300","228 316 1389","https://culturaveracruz.gob.mx/directorios/casascultura.pdf","",-96.94868,19.59154,"http://sic.gob.mx/ficha.php?table=centro_cultural&table_id=143","2025-09-04 12:02:33-06"
3914,"Casa de la Cultura Jorge Saldaña","2016-09-02","Ayuntamiento de Banderilla",30,"Veracruz de Ignacio de la Llave",26,"Banderilla",1,"Banderilla","Independencia s/n","Centro","91300","228 319 1310","https://www.banderillaveracruz.org/","turycultbanderilla22.25@outlook.com",-96.94444,19.591,"http://sic.gob.mx/ficha.php?table=centro_cultural&table_id=3914","2025-10-09 19:12:37-06"
2581,"Centro Cultural Juan José García Valencia","2013-12-01","Ayuntamiento de Boca del Río/Dirección de Educación y Cultura",30,"Veracruz de Ignacio de la Llave",28,"Boca del Río",1,"Boca del Río","Av. Veracruz 320","Centro","92490","229 202 2280","http://bocadelrio.gob.mx/","arenasju@hotmail.com",-96.10301,19.1064,"http://sic.gob.mx/ficha.php?table=centro_cultural&table_id=2581","2025-09-10 12:26:30-06"
144,"Casa de Cultura de Ciudad Mendoza","1987-11-20","Ayuntamiento de Ciudad Mendoza",30,"Veracruz de Ignacio de la Llave",30,"Camerino Z. Mendoza",1,"Ciudad Mendoza","Calle 8 de Marzo 34","Centro","94740","272 727 0202","","secretaria@mendoza.gob.mx; casadeculturadeciudadmendoza@hotmail.com",-97.17949,18.80483,"http://sic.gob.mx/ficha.php?table=centro_cultural&table_id=144","2026-08-27 11:58:46-06"
2677,"Casa de Cultura de Cerro Azul","1000-01-01","Ayuntamiento de Cerro Azul",30,"Veracruz de Ignacio de la Llave",34,"Cerro Azul",1,"Cerro Azul","Augusto Zamudio s/n","Centro","92521","785 852 21 59","","evelyn_19866@hotmail.com",-97.74362,21.18747,"http://sic.gob.mx/ficha.php?table=centro_cultural&table_id=2677","2025-09-11 14:36:51-06"
2684,"Casa de Cultura Xochiltepetl","1000-01-01","Ayuntamiento de Citlaltépetl",30,"Veracruz de Ignacio de la Llave",35,"Citlaltépetl",1,"Citlaltépec","Vicente Guerrero s/n","Centro","92230","","","difu.culturalcitlaltepetl2225@gmail.com",-97.8788,21.32994,"http://sic.gob.mx/ficha.php?table=centro_cultural&table_id=2684","2025-09-26 11:12:36-06"
880,"Centro Cultural de Coatepec","1987-01-01","Secretaría de Cultura de Veracruz",30,"Veracruz de Ignacio de la Llave",38,"Coatepec",1,"Coatepec","Pedro Jiménez del Campillo 4 esq. Cuauhtémoc","Centro","91500","228 816 6757","","cccoatepec@culturaveracruz.gob.mx",-96.95796,19.45382,"http://sic.gob.mx/ficha.php?table=centro_cultural&table_id=880","2025-09-18 12:32:35-06"
349,"Casa de la Cultura de Coatzacoalcos Asociación Civil","1994-02-23","Casa de la Cultura de Coatzacoalcos, A.C.",30,"Veracruz de Ignacio de la Llave",39,"Coatzacoalcos",1,"Coatzacoalcos","Av. John Spark s/n esq. Paseo Miguel Alemán","Centro","96400"," WhatsApp 921 141 95 34","","cccoatzacoalcos@gmail.com",-94.41744,18.15706,"http://sic.gob.mx/ficha.php?table=centro_cultural&table_id=349","2025-09-02 15:00:41-06"
2685,"Casa de Cultura de Coatzintla","1000-01-01","Ayuntamiento de Coatzintla",30,"Veracruz de Ignacio de la Llave",40,"Coatzintla",1,"Coatzintla","Reforma s/n esq. Jalapa","Col. Ruiz Cortínez","93160","782 825 1917","https://www.municipiocoatzintla.gob.mx/","casadelaculturacoatzintla@outlook.com; alanism.jorgea@gmail.com",-97.47074,20.48787,"http://sic.gob.mx/ficha.php?table=centro_cultural&table_id=2685","2026-09-09 13:03:19-06"
2967,"Centro Cultural Casa Baltazar","2018-01-01","",30,"Veracruz de Ignacio de la Llave",44,"Córdoba",1,"Córdoba","Av. 4 núm. 1","Centro","94500","271 712 01 55","https://www.centroculturalcasabaltazar.com","centrocultural@casabaltazar.com",-96.93399,18.8958,"http://sic.gob.mx/ficha.php?table=centro_cultural&table_id=2967","2025-09-12 10:19:05-06"
1496,"Casa de la Cultura de Córdoba Jorge Cuesta","1981-11-28","Casa de la Cultura de Córdoba Jorge Cuesta, A.C",30,"Veracruz de Ignacio de la Llave",44,"Córdoba",1,"Córdoba","Av. 3 s/n esq. calles 3 y 5, Altos de Portal de la Gloria","Centro Histórico","94500","271 712 8231","https://casadelaculturadecordoba.com/","contacto@casadelaculturadecordoba.com; culturaccc@yahoo.com.mx",-96.93468,18.89316,"http://sic.gob.mx/ficha.php?table=centro_cultural&table_id=1496","2026-02-03 10:28:00-06"
3135,"Casa de Cultura de Cosamaloapan de Carpio","1000-01-01","Ayuntamiento de Cosamaloapan de Carpio",30,"Veracruz de Ignacio de la Llave",45,"Cosamaloapan de Carpio",25,"Nopaltepec","Nicolás Bravo 176","Centro","95400","288 125 9361","https://www.cosamaloapan.gob.mx/","educacionycultura@cosamaloapan.gob.mx, casadelacultura@cosamaloapan.gob.mx",-95.79734,18.36461,"http://sic.gob.mx/ficha.php?table=centro_cultural&table_id=3135","2025-09-11 13:47:33-06"
3136,"Casa de la Cultura Pericles Namorado Urrutia","1000-01-01","Ayuntamiento de Cosautlán de Carvajal",30,"Veracruz de Ignacio de la Llave",46,"Cosautlán de Carvajal",1,"Cosautlán de Carvajal","Reforma s/n esq, Lerdo","Centro","91620","279 833 0013","","culturayturismo@cosautlan.gob.mx; cosautlan2022.2025@gmail.com",-96.99188,19.33311,"http://sic.gob.mx/ficha.php?table=centro_cultural&table_id=3136","2025-09-10 14:21:26-06"
150,"Centro Cultural Coscomatepec","1995-02-10","Ayuntamiento de Coscomatepec",30,"Veracruz de Ignacio de la Llave",47,"Coscomatepec",1,"Coscomatepec de Bravo","Amez y Argüelles s/n, -callejón-","Centro","94140","273 73 70480","https://coscomatepec.gob.mx/","anahiholiman@gmail.com",-97.04638,19.07294,"http://sic.gob.mx/ficha.php?table=centro_cultural&table_id=150","2025-09-03 12:56:06-06"
1198,"Centro Cultural Comunitario Coacotla (Nahua)","1000-01-01","Unidad Regional de Culturas Populares",30,"Veracruz de Ignacio de la Llave",48,"Cosoleacaque",1,"Cosoleacaque","Av. Hidalgo 35","Coacotla","96349","","","",0,0,"http://sic.gob.mx/ficha.php?table=centro_cultural&table_id=1198","2019-08-12 09:48:00-05"
3943,"Casa de Cultura de Cosoleacaque","1000-01-01","",30,"Veracruz de Ignacio de la Llave",48,"Cosoleacaque",1,"Cosoleacaque","Av. Jesús Reyes Heroles a un costado del Pabellón Cultural","Barrio 1o.","96350","922 377 7242","","casadeculturadecosoleacaque@gmail.com",-94.63512,17.9899,"http://sic.gob.mx/ficha.php?table=centro_cultural&table_id=3943","2025-10-07 11:44:45-06"
3140,"Casa de la Cultura Coxquihui","1000-01-01","Ayuntamiento de Coxquihui",30,"Veracruz de Ignacio de la Llave",50,"Coxquihui",1,"Coxquihui","Calle Principal s/n","Centro","93060","784 117 20 20, 784 124 02 00","","cultura@hacoxquihui.gob.mx",-97.58618,20.18467,"http://sic.gob.mx/ficha.php?table=centro_cultural&table_id=3140","2025-09-11 12:02:50-06"
2670,"Centro Cultural de Coyutla","1000-01-01","Ayuntamiento de Coyutla",30,"Veracruz de Ignacio de la Llave",51,"Coyutla",1,"Coyutla","","","","7848814242","","puxko63@gmail.com",0,0,"http://sic.gob.mx/ficha.php?table=centro_cultural&table_id=2670","2026-05-08 19:21:39-06"
3919,"Casa de la Cultura Cuichapa","1000-01-01","Secretaría de Cultura de Veracruz",30,"Veracruz de Ignacio de la Llave",52,"Cuichapa",1,"Cuichapa","Av. 1 s/n ","Centro","94920","H. Ayto. 278 745 05 05, ext. 111 ","https://cuichapaver.gob.mx/","cultura@cuichapaver.gob.mx",-96.86927,18.77368,"http://sic.gob.mx/ficha.php?table=centro_cultural&table_id=3919","2025-09-11 11:41:00-06"
2687,"Casa de Cultura de Cuitláhuac","2009-01-01","Ayuntamiento de Cuitláhuac",30,"Veracruz de Ignacio de la Llave",53,"Cuitláhuac",1,"Cuitláhuac","Av. 5 s/n esq. calle 6 y 8","Centro","94910","278 732 13 14","","casadeculturacuitlahuac@hotmail.com",-96.72451,18.81247,"http://sic.gob.mx/ficha.php?table=centro_cultural&table_id=2687","2025-09-18 18:39:20-06"
2680,"Casa de la Cultura de Chacaltianguis","1000-01-01","Ayuntamiento de Chacaltianguis",30,"Veracruz de Ignacio de la Llave",54,"Chacaltianguis",1,"Chacaltianguis","Allende s/n entre Porfirio Díaz y Benito Juárez, anexo al Teatro Amado Nervo","Centro","95561","288 886 01 66","","chacaltianguissecretaria@gmail.com",-95.84264,18.30525,"http://sic.gob.mx/ficha.php?table=centro_cultural&table_id=2680","2025-09-11 15:11:39-06"
2681,"Casa de la Cultura No. 79 Aldegundo Barragán Flores","2009-06-06","Ayuntamiento de Chiconamel",30,"Veracruz de Ignacio de la Llave",56,"Chiconamel",1,"Chiconamel","Miguel Alemán s/n","Centro","92150","789 882 60 02","","cultura.chiconamel@gmail.com",-98.45995,21.23077,"http://sic.gob.mx/ficha.php?table=centro_cultural&table_id=2681","2025-09-23 14:15:11-06"
2682,"Casa de Cultura de Chicontepec","1000-01-01","Ayuntamiento de Chicontepec",30,"Veracruz de Ignacio de la Llave",58,"Chicontepec",1,"Chicontepec de Tejeda","Av. López Mateos 1","Centro","92709","746 892 01 70 ext. 103","","reyes66_66@hotmail.com",-97.46723,20.49918,"http://sic.gob.mx/ficha.php?table=centro_cultural&table_id=2682","2025-09-11 14:37:08-06"
3133,"Casa de Cultura Han- Lich","1000-01-01","Ayuntamiento de Chinampa de Gorostiza",30,"Veracruz de Ignacio de la Llave",60,"Chinampa de Gorostiza",1,"Chinampa de Gorostiza","Calle Principal s/n","Centro","92420","768 688 12 75","https://chinampa.gob.mx/","presidencia@chinampa.gob.mx",-97.7348,21.35748,"http://sic.gob.mx/ficha.php?table=centro_cultural&table_id=3133","2025-09-11 13:34:28-06"
80,"Casa de Cultura Frida Kahlo ","1995-01-01","Instituto Veracruzano de la Cultura",30,"Veracruz de Ignacio de la Llave",61,"Las Choapas",1,"Las Choapas","Blvd. Antonio M. Quirasco s/n","México","96980","923 237 00 08","","alexis_abril@hotmail.com",-94.09393,17.9203,"http://sic.gob.mx/ficha.php?table=centro_cultural&table_id=80","2025-10-22 19:42:08-06"
2683,"Casa de Cultura de Chontla","1000-01-01","Instituto Municipal de Cultura de Chontla",30,"Veracruz de Ignacio de la Llave",63,"Chontla",1,"Chontla","Galeana s/n esq. Allende","Centro","92200","785 856 00 63","","chontlamunicipio2018@hotmail.com",-97.92267,21.29395,"http://sic.gob.mx/ficha.php?table=centro_cultural&table_id=2683","2019-07-02 04:52:47-05"
3921,"Casa de Cultura Espinal ","1000-01-01","Ayuntamiento de Espinal",30,"Veracruz de Ignacio de la Llave",66,"Espinal",1,"Espinal","16 de septiembre 6 ","Centro","93180","784 881 2342","https://espinal22-25.gob.mx/","",-97.39955,20.25775,"http://sic.gob.mx/ficha.php?table=centro_cultural&table_id=3921","2025-09-11 19:36:16-06"
3142,"Casa de la Cultura Antonio Ruiz Galindo ","1000-01-01","Ayuntamiento de Fortín ",30,"Veracruz de Ignacio de la Llave",68,"Fortín",1,"Fortín de las Flores","Iztaccihuatl 37,","Centro"," 94474 ","271 713 35 25","","casadecultura@fortin.gob.mx",-96.99553,18.89725,"http://sic.gob.mx/ficha.php?table=centro_cultural&table_id=3142","2025-11-07 19:24:48-06"
1400,"Casa de la Cultura de Gutiérrez Zamora, Profr. Fernando Chagoya Cárcamo","1000-01-01","Ayuntamiento de Gutiérrez Zamora",30,"Veracruz de Ignacio de la Llave",69,"Gutiérrez Zamora",1,"Gutiérrez Zamora","M. Gutiérrez Zamora s/n","Centro","93556","7668451665","","edcgtz2018@gmail.com",-97.08447,20.44944,"http://sic.gob.mx/ficha.php?table=centro_cultural&table_id=1400","2025-09-11 14:46:47-06"
1401,"Casa de Cultura de Huatusco","1987-11-08","Casa de Cultura de Huatusco, A. C.",30,"Veracruz de Ignacio de la Llave",71,"Huatusco",1,"Huatusco de Chicuellar","Av. 1 núm. 100","Centro","94100","273 734 2176 ","","casadeculturahuatusco@hotmail.com; casadeculturahuatuscoac@gmail.com",-96.96083,19.14997,"http://sic.gob.mx/ficha.php?table=centro_cultural&table_id=1401","2025-09-11 17:24:58-06"
3146,"Casa de la Cultura de Huayacocotla","1000-01-01","Ayuntamiento de Huayacocotla",30,"Veracruz de Ignacio de la Llave",72,"Huayacocotla",1,"Huayacocotla","Plaza de la Constitución 1","Centro","92600","774 758 0099","","huayacocotla2022.2025@gmail.com",-98.47889,20.53728,"http://sic.gob.mx/ficha.php?table=centro_cultural&table_id=3146","2025-09-11 11:32:57-06"
500,"Casa de la Cultura Mixtequilla Cruz Cortez","1998-01-01","Ayuntamiento de San Ignacio De la Llave/Secretaría de Cultura de Veracruz",30,"Veracruz de Ignacio de la Llave",75,"Ignacio de la Llave",1,"Ignacio de la Llave","Benito Juárez 489","Centro","95240","285 976 00 17","","casadeculturaignacio@gmail.com",-95.98666,18.72482,"http://sic.gob.mx/ficha.php?table=centro_cultural&table_id=500","2025-09-15 12:42:46-06"
3147,"Casa de la Cultura de Isla","1000-01-01","Casa de la Cultura de Isla A.C.",30,"Veracruz de Ignacio de la Llave",77,"Isla",1,"Isla","Calle 16 de Septiembre 70","Centro","95640","H. Ayto. 283 874 00 77","https://www.isla.gob.mx/","tsoloo_7@hotmail.com; casacultura.isla@gmail.com",-95.52887,18.02567,"http://sic.gob.mx/ficha.php?table=centro_cultural&table_id=3147","2025-09-15 10:52:06-06"
1830,"Casa de la Cultura María Luisa Flores","1990-01-01","Ayuntamiento de Ixhuacán",30,"Veracruz de Ignacio de la Llave",79,"Ixhuacán de los Reyes",1,"Ixhuacán de los Reyes","Nicolás Bravo s/n esq. María Luisa Flores","Centro","91250","(282) 831 91 48 (recado)","","",-97.11816,19.35554,"http://sic.gob.mx/ficha.php?table=centro_cultural&table_id=1830","2025-10-01 14:23:35-06"
3152,"Casa de la Cultura de Ixhuatlán de Madero ","1000-01-01","Ayuntamiento de Ixhuatlán de Madero ",30,"Veracruz de Ignacio de la Llave",83,"Ixhuatlán de Madero",1,"Ixhuatlán de Madero","Plaza Hidalgo s/n","Centro ","92680","228 839 6713","","casadecultura17@gmail.com; vjacquelin346@gmail.com",-98.01239,20.68932,"http://sic.gob.mx/ficha.php?table=centro_cultural&table_id=3152","2025-10-10 09:42:02-06"
1820,"Casa de Cultura Rescate de Nuestros Valores ","1993-01-01","Ayuntamiento de Santiago Ixmatlahuacan",30,"Veracruz de Ignacio de la Llave",84,"Ixmatlahuacan",1,"Ixmatlahuacan","Av. Venustiano Carranza entre Benito Juárez y 5 de mayo","Centro","95430","","","andresangel01@hotmail.com",-95.82985,18.44863,"http://sic.gob.mx/ficha.php?table=centro_cultural&table_id=1820","2025-09-15 13:44:54-06"
241,"Casa de la Cultura de Ixtaczoquitlán","1999-01-01","Casa de la Cultura de Ixtaczoquitlán, A.C.",30,"Veracruz de Ignacio de la Llave",85,"Ixtaczoquitlán",1,"Ixtaczoquitlán","Días Mirón esq. Nte. 9","Centro","94460","272 721 05 06","","casadeculturaixtac@yahoo.com",0,0,"http://sic.gob.mx/ficha.php?table=centro_cultural&table_id=241","2021-06-29 08:28:46-05"
3918,"Centro Cultural Independiente de  Ixtaczoquitlán","2011-01-01","",30,"Veracruz de Ignacio de la Llave",85,"Ixtaczoquitlán",1,"Ixtaczoquitlán","Av. Ruiz Galindo s/n, ","","","272 205 4897","","aztek_7712@hotmail.com",-97.06306,18.85107,"http://sic.gob.mx/ficha.php?table=centro_cultural&table_id=3918","2025-09-17 14:05:16-06"
941,"Espacio Cultural Jardín de las Esculturas","1998-11-23","Instituto Veracruzano de la Cultura",30,"Veracruz de Ignacio de la Llave",87,"Xalapa",1,"Xalapa-Enríquez","Av. Rafael Murillo Vidal s/n ","Col. Campo Nuevo","91190","228 813 77 53","https://jex.veracruzcultura.com/","jefaturajex@culturaveracruz.gob.mx",-96.89339,19.52037,"http://sic.gob.mx/ficha.php?table=centro_cultural&table_id=941","2025-09-02 10:26:17-06"
2200,"Café Teatro Tierra-Luna","1995-03-18","Particular",30,"Veracruz de Ignacio de la Llave",87,"Xalapa",1,"Xalapa-Enríquez","Rayón 18 esq. Diego Leño","Centro","91000","228 812 13 01","https://www.tierraluna.com.mx/","clubcultural@tierraluna.com.mx",-96.91714,19.52565,"http://sic.gob.mx/ficha.php?table=centro_cultural&table_id=2200","2025-09-01 10:26:12-06"
3225,"Área 51 Foro Teatral ","2013-02-15","",30,"Veracruz de Ignacio de la Llave",87,"Xalapa",1,"Xalapa-Enríquez","Revolución 307","Centro","91000","228 150 22 71","","area51.foroteatral@gmail.com",-96.92358,19.53651,"http://sic.gob.mx/ficha.php?table=centro_cultural&table_id=3225","2025-09-02 11:53:21-06"
3348,"El Telón Sala de Artes","2010-01-10","",30,"Veracruz de Ignacio de la Llave",87,"Xalapa",1,"Xalapa-Enríquez","Fernando de Jesús Corona 19","Centro","91090","228 151 37 57","","telonsaladeartes@gmail.com",-96.91721,19.52523,"http://sic.gob.mx/ficha.php?table=centro_cultural&table_id=3348","2025-09-02 10:13:23-06"
3951,"Casa de los Saberes Jurídicos en Xalapa Ministro Mario Guillermo Rebolledo Fernández ","2008-05-29","Suprema Corte de Justicia de la Nación (SCJN) ",30,"Veracruz de Ignacio de la Llave",87,"Xalapa",1,"Xalapa-Enríquez","Av. Lázaro Cárdenas 2901","Col. Independencia ","91016","55 4113 1100 ext. 8801 y 8807","https://www.sitios.scjn.gob.mx/casascultura/resenia-historica/xalapa-veracruz","ccjxalapa@mail.scjn.gob.mx; mlopezm@scjn.gob.mx",-96.90808,19.54231,"http://sic.gob.mx/ficha.php?table=centro_cultural&table_id=3951","2026-09-30 17:01:31-06"
3227,"Casa 13 Espacio Cultural","1000-01-01","Independiente",30,"Veracruz de Ignacio de la Llave",87,"Xalapa",1,"Xalapa-Enríquez","Callejón de Álamo 14","Col. Venustiano Carranza","91090","228 845 40 21","","epitafioproducciones@gmail.com",-96.92703,19.51963,"http://sic.gob.mx/ficha.php?table=centro_cultural&table_id=3227","2025-09-01 11:04:12-06"
3228,"Cauz","2018-07-19","Independiente",30,"Veracruz de Ignacio de la Llave",87,"Xalapa",1,"Xalapa-Enríquez","Morelos 1 esq. Barragán","Centro","91000","228 812 08 27","","artistascauzmexico@gmail.com",-96.92302,19.52498,"http://sic.gob.mx/ficha.php?table=centro_cultural&table_id=3228","2025-09-01 11:26:19-06"
939,"Centro Recreativo Xalapeño","1913-06-14","Ayuntamiento de Xalapa/Dirección de Cultura",30,"Veracruz de Ignacio de la Llave",87,"Xalapa",1,"Xalapa-Enríquez","Xalapeños Ilustres 31 esq. Insurgentes","Centro","91000","228 298 23 90","https://xalapa.gob.mx/direccion-de-cultura/centro-recreativo-xalapano","culturaxal.agenda@gmail.com",-96.91957,19.52855,"http://sic.gob.mx/ficha.php?table=centro_cultural&table_id=939","2025-09-01 14:53:03-06"
246,"Ágora de la Ciudad de Xalapa","1979-08-01","Instituto Veracruzano de la Cultura (IVEC)",30,"Veracruz de Ignacio de la Llave",87,"Xalapa",1,"Xalapa-Enríquez","Bajos del Parque Juárez s/n","Centro","91000","228 818 57 30","","agoradelaciudad@gmail.com; agora@ivec.gob.mx",-96.924,19.52673,"http://sic.gob.mx/ficha.php?table=centro_cultural&table_id=246","2025-09-02 11:23:09-06"
3241,"Teatro La Libertad","2009-01-01","Independiente",30,"Veracruz de Ignacio de la Llave",87,"Xalapa",1,"Xalapa-Enríquez","Fascinación 100","Fracc. Ensueño","91060","228 126 71 56","","teatrolalibertad@gmail.com",-96.91156,19.52285,"http://sic.gob.mx/ficha.php?table=centro_cultural&table_id=3241","2025-09-02 11:04:15-06"
235,"Centro Cultural Casa del Lago","1996-03-23","Universidad Veracruzana",30,"Veracruz de Ignacio de la Llave",87,"Xalapa",1,"Xalapa-Enríquez","Paseo de Los Lagos s/n","Centro","91000","228 842 17 00 ext.17450","https://www.uv.mx/cluv/","casadellago@uv.mx",-96.92439,19.5244,"http://sic.gob.mx/ficha.php?table=centro_cultural&table_id=235","2025-09-01 12:30:49-06"
3332,"Centro de Documentación del Son Jarocho","1998-01-01","Centro de Documentación del Son Jarocho A.C.",30,"Veracruz de Ignacio de la Llave",89,"Jáltipan",1,"Jáltipan de Morelos","Fco. I. Madero 108","Centro","96200","","","elsonjarocho@hotmail.com",-94.72229,17.96472,"http://sic.gob.mx/ficha.php?table=centro_cultural&table_id=3332","2025-09-12 13:16:58-06"
323,"Casa de Cultura Xamapam ","1985-01-01","Instituto Veracruzano de Cultura",30,"Veracruz de Ignacio de la Llave",90,"Jamapa",1,"Jamapa","Veracruz Norte s/n","Centro","94260","285 955 0017","","amir.montejos95@gmail.com",-96.24144,19.04219,"http://sic.gob.mx/ficha.php?table=centro_cultural&table_id=323","2025-09-11 13:12:49-06"
33,"Casa de Cultura de Xico","1980-01-01","Ayuntamiento de Xico",30,"Veracruz de Ignacio de la Llave",92,"Xico",1,"Xico","Miguel Hidalgo s/n","Centro","91240","228 813 10 49","","wachinani@gmail.com",-97.0037,19.42022,"http://sic.gob.mx/ficha.php?table=centro_cultural&table_id=33","2025-09-29 14:38:09-06"
3336,"Casa de la Cultura de Jilotepec Patuy Kuxi","2020-08-07","Ayuntamiento de Jilotepec/Dirección de Cultura",30,"Veracruz de Ignacio de la Llave",93,"Jilotepec",1,"Jilotepec","Lic. Miguel Ángel Morado Garrido s/n","Centro","91380","229 797 9300","http://www.jilotepec.gob.mx","hola@jilotepec.gob.mx",-96.94787,19.61269,"http://sic.gob.mx/ficha.php?table=centro_cultural&table_id=3336","2026-09-03 13:21:06-06"
3162,"Casa de Cultura Dr. Rosendo Becerra Lázaro ","1985-01-01","Ayuntamiento de Lerdo de Tejada/Dirección de Cultura",30,"Veracruz de Ignacio de la Llave",97,"Lerdo de Tejada",1,"Lerdo de Tejada","Hidalgo s/n esq. Ocampo","Centro","95280","284 944 0148","https://www.lerdotejada.gob.mx/","casaculturalerdo@gmail.com; huracan78272@gmail.com",-95.52355,18.62832,"http://sic.gob.mx/ficha.php?table=centro_cultural&table_id=3162","2026-05-20 11:37:42-06"
3164,"Casa de la Cultura de Maltrata ","1000-01-01","Ayuntamiento de Maltrata ",30,"Veracruz de Ignacio de la Llave",99,"Maltrata",1,"Maltrata","Nicolás Bravo","Col. Manzana ","94700","272 742 0394","","educacion@maltrata.gob.mx, lorenajm_0129@hotmail.com",-97.27806,18.8104,"http://sic.gob.mx/ficha.php?table=centro_cultural&table_id=3164","2025-09-11 13:45:30-06"
3168,"Espacio Cultural CENTZUNTLI","1000-01-01","",30,"Veracruz de Ignacio de la Llave",100,"Manlio Fabio Altamirano",1,"Manlio Fabio Altamirano","José María Morelos 218","Centro","94250","285 971 71 24 ","","culturacentzuntli@gmail.com",-96.33006,19.0998,"http://sic.gob.mx/ficha.php?table=centro_cultural&table_id=3168","2025-12-16 16:42:41-06"
3458,"Centro Cultural Purga","2021-09-21","",30,"Veracruz de Ignacio de la Llave",100,"Manlio Fabio Altamirano",1,"Manlio Fabio Altamirano","Línea S ferrocarril, entre Madero y Libertad","Centro","94250","","","",-96.33474,19.09549,"http://sic.gob.mx/ficha.php?table=centro_cultural&table_id=3458","2025-09-30 11:37:00-06"
1404,"Casa de Cultura María Magdalena Huerta Prado ","1985-01-01","Instituto Veracruzano de la Cultura",30,"Veracruz de Ignacio de la Llave",105,"Medellín de Bravo",1,"Medellín","Calle Nicolás Bravo 60 ","Centro","94270","229 189 17 16","","cultura.medellin2022@outlook.com",-96.15622,19.05731,"http://sic.gob.mx/ficha.php?table=centro_cultural&table_id=1404","2025-09-18 12:14:41-06"
3173,"Casa de la Cultura de Minatitlán","1000-01-01","",30,"Veracruz de Ignacio de la Llave",108,"Minatitlán",1,"Minatitlán","Tlaxcala esq. Justo Sierra","Miguel Alemán","96790","922 100 3672","","casadeculturaremoto@outlook.es; casadeculturaminatitlan2018@gmail.com",-94.55502,17.98794,"http://sic.gob.mx/ficha.php?table=centro_cultural&table_id=3173","2025-09-04 14:42:13-06"
3916,"Casa Zacamandú","2015-01-01","",30,"Veracruz de Ignacio de la Llave",108,"Minatitlán",1,"Minatitlán","Olmos 29","El Palmar","96798","922 135 9528","","",-94.55458,17.98395,"http://sic.gob.mx/ficha.php?table=centro_cultural&table_id=3916","2025-09-18 17:42:01-06"
3174,"Casa de la Cultura El Calvario ","1935-01-01","Instituto Nacional de Antropología e Historia",30,"Veracruz de Ignacio de la Llave",109,"Misantla",1,"Misantla","Av. Manuel Ávila Camacho 100","Centro","93820","235 32 315 46 ","https://www.inah.gob.mx/","nimdep@yahoo.com.mx",-96.85158,19.932,"http://sic.gob.mx/ficha.php?table=centro_cultural&table_id=3174","2025-09-10 10:59:50-06"
1405,"Casa de Cultura Miguel Mata y Reyes ","1996-01-01","Ayuntamiento de Naolinco ",30,"Veracruz de Ignacio de la Llave",112,"Naolinco",1,"Naolinco de Victoria","Revolución 39","Centro","91400","228 109 1931","","casadeculturanaolinco@gmail.com",-96.87241,19.65627,"http://sic.gob.mx/ficha.php?table=centro_cultural&table_id=1405","2025-09-17 14:26:50-06"
3181,"Casa de la Cultura de Nautla ","1991-01-01","Ayuntamiento de Nautla",30,"Veracruz de Ignacio de la Llave",114,"Nautla",1,"Nautla","Andicochea 1","Centro","93800","235 328 00 42, 235 690 7322","","dfaibre@nautla.gob.mx; comsocialnautla22-25@hotmail.com",-96.77412,20.20914,"http://sic.gob.mx/ficha.php?table=centro_cultural&table_id=3181","2025-11-07 14:09:17-06"
11,"Casa de Cultura de Oluta","1990-01-01","Secretaría de Cultura",30,"Veracruz de Ignacio de la Llave",116,"Oluta",1,"Oluta","Nicolás Bravo s/n entre Benito Juárez y Ruiz Cortines","Barrio Primero","96160","924 245 1181","","casaculturaoluta@gmail.com",-94.89564,17.92686,"http://sic.gob.mx/ficha.php?table=centro_cultural&table_id=11","2025-10-10 13:33:31-06"
3183,"Casa de Cultura Omealca","1000-01-01","Ayuntamiento de Omealca",30,"Veracruz de Ignacio de la Llave",117,"Omealca",1,"Omealca","Av. Hidalgo 1","Centro","94900","278 120 63 32","","secretaria@omealca.gob.mx; secretariaomealcaver@gmail.com",-96.78618,18.74723,"http://sic.gob.mx/ficha.php?table=centro_cultural&table_id=3183","2025-09-12 12:42:04-06"
337,"Casa de Cultura del Instituto Tecnológico de Orizaba","1987-01-01","Tecnológico de Orizaba",30,"Veracruz de Ignacio de la Llave",118,"Orizaba",1,"Orizaba","Av. Oriente 2 401","Centro","94300","272 123 1442","https://msc-itorizaba.mx/contacto/","marmol.sq@orizaba.tecnm.mx",-97.1006,18.84884,"http://sic.gob.mx/ficha.php?table=centro_cultural&table_id=337","2025-10-07 12:43:41-06"
338,"Instituto Regional de Bellas Artes de Orizaba","1958-07-18","IRBAO, A.C.",30,"Veracruz de Ignacio de la Llave",118,"Orizaba",1,"Orizaba","Sur 8 núm. 79 entre Colón y Poniente 3","Centro","94300","272 725 2508","https://irbao.webnode.es/","irbao.adm@hotmail.com",-97.10894,18.84665,"http://sic.gob.mx/ficha.php?table=centro_cultural&table_id=338","2025-10-07 13:56:38-06"
339,"Casa de Cultura Narcisa López Quintero","1988-01-01","Instituto Veracruzano de la Cultura",30,"Veracruz de Ignacio de la Llave",119,"Otatitlán",1,"Otatitlán","Plaza Hidalgo s/n ","Centro","95500","287 876 0029 ext 105","","culturaotatitlan@gmail.com; casacultura.otatitlan@gmail.com",-96.03425,18.17668,"http://sic.gob.mx/ficha.php?table=centro_cultural&table_id=339","2025-09-11 14:05:13-06"
3138,"Casa de la Cultura de Ozuluama de Mascareñas","1000-01-01","Ayuntamiento de Ozuluama de Mascareñas/Dirección de Cultura",30,"Veracruz de Ignacio de la Llave",121,"Ozuluama de Mascareñas",1,"Ozuluama de Mascareñas","Silverio Alvarado s/n","Centro","92080","833 333 7536","https://ozuluama.org/","armandodlang@gmail.com",-97.84999,21.66068,"http://sic.gob.mx/ficha.php?table=centro_cultural&table_id=3138","2025-09-18 12:22:29-06"
1203,"Centro Cultural Comunitario de Pajapan","1992-02-01","Secretaría de Cultura/Unidad Regional de Culturas Populares",30,"Veracruz de Ignacio de la Llave",122,"Pajapan",1,"Pajapan","Paseo de la Reforma s/n","Centro","95960","924 247 4289","","unidadacayucan@gmail.com",-94.69111,18.26229,"http://sic.gob.mx/ficha.php?table=centro_cultural&table_id=1203","2026-01-16 10:43:25-06"
341,"Casa de Cultura de Pánuco","1992-04-21","Ayuntamiento de Pánuco",30,"Veracruz de Ignacio de la Llave",123,"Pánuco",1,"Pánuco","Lorenzo Barcelata s/n ","Centro","93990","846 110 5308 ","","kire114@hotmail.com",-98.17705,22.05692,"http://sic.gob.mx/ficha.php?table=centro_cultural&table_id=341","2026-08-18 13:41:00-06"
1822,"Casa de Cultura Municipal de Papantla Lázara Meldiú","2006-01-01","Ayuntamiento de Papantla/Dirección de Cultura",30,"Veracruz de Ignacio de la Llave",124,"Papantla",1,"Papantla de Olarte","Pino Suárez s/n esq. Francisco I. Madero","Barrio del Naranjo","93400","784 842 90 00","","casadeculturapapantla@outlook.com; casadeculturapapantla2022@gmail.com",-97.32022,20.44853,"http://sic.gob.mx/ficha.php?table=centro_cultural&table_id=1822","2025-09-19 11:32:37-06"
126,"Casa de Cultura Lic. Agustín Acosta Lagunés","1000-01-01","Ayuntamiento de Paso de Ovejas",30,"Veracruz de Ignacio de la Llave",126,"Paso de Ovejas",1,"Paso de Ovejas","Leona Vicario s/n entre 5 de mayo y Josefa Ortiz de Domínguez","Centro","91670","229 115 08 66","","sarmiento1820@hotmail.com; hayuntamientopasodeovejas2022@gmail.com",-96.43926,19.28196,"http://sic.gob.mx/ficha.php?table=centro_cultural&table_id=126","2025-09-15 12:50:09-06"
138,"Casa de Cultura de Perote","2000-01-01","Centro Cultural de Perote Veracruz, A.C.",30,"Veracruz de Ignacio de la Llave",128,"Perote",1,"Perote","Guerrero 14","Centro","91270","282 127 2196","","hugutz_david@hotmail.com; casadeculturaperote@outlook.com",-97.24366,19.56052,"http://sic.gob.mx/ficha.php?table=centro_cultural&table_id=138","2026-09-08 09:34:53-06"
1831,"Casa de la Cultura de Platón Sánchez","2004-01-01","Ayuntamiento de Platón Sánchez",30,"Veracruz de Ignacio de la Llave",129,"Platón Sánchez",1,"Platón Sánchez","González Ortega esq. Guerrero","Centro","92132","(789) 895 00 07","","platon_sanchez@hotmail.com",0,0,"http://sic.gob.mx/ficha.php?table=centro_cultural&table_id=1831","2019-07-02 05:25:15-05"
3143,"Casa de la Cultura Huaxpaltepec","1998-11-19","Ayuntamiento de Playa Vicente/Dirección de Cultura",30,"Veracruz de Ignacio de la Llave",130,"Playa Vicente",1,"Playa Vicente","Av. Independencia s/n","Centro","95600","283 871 0111","","secretariaayuntamiento2022pv@gmail.com",-95.81199,17.83211,"http://sic.gob.mx/ficha.php?table=centro_cultural&table_id=3143","2025-11-06 11:55:19-06"
3184,"Casa Son de Mar el hogar del son jarocho","2016-01-01","",30,"Veracruz de Ignacio de la Llave",131,"Poza Rica de Hidalgo",1,"Poza Rica de Hidalgo","Calle 10 núm. 615","Col. Cazones","93230","782 116 36 75","https://www.youtube.com/@SonDeMarConjuntoJarocho","lara.isa75@hotmail.com",-97.44908,20.5416,"http://sic.gob.mx/ficha.php?table=centro_cultural&table_id=3184","2025-09-03 13:29:42-06"
3186,"Centro Cultural La Casita del Movimiento Grupo musical Los Pichocos Son Jarocho","1000-01-01","",30,"Veracruz de Ignacio de la Llave",131,"Poza Rica de Hidalgo",1,"Poza Rica de Hidalgo","Río Potomac 33","Col. Francisco Sarabia","","782 175 8376","","anaggm_baila@hotmail.com; jorge.morido@gobiernodepozarica.gob.mx",-97.42681,20.5179,"http://sic.gob.mx/ficha.php?table=centro_cultural&table_id=3186","2026-08-17 13:56:27-06"
3185,"Centro Cultural El Imaginario (en proceso de remodelación)","2012-03-08","Particular",30,"Veracruz de Ignacio de la Llave",131,"Poza Rica de Hidalgo",1,"Poza Rica de Hidalgo","La Ceiba 16 entre Caoba y Floresta","Col. Floresta","93320","55 1293 0515","","musgoverde76@gmail.com",-97.46212,20.54243,"http://sic.gob.mx/ficha.php?table=centro_cultural&table_id=3185","2026-08-17 11:37:32-06"
157,"Casa de Cultura de Poza Rica","1988-11-12","Ayuntamiento de Poza Rica",30,"Veracruz de Ignacio de la Llave",131,"Poza Rica de Hidalgo",1,"Poza Rica de Hidalgo","Blvd. Petromex esq. Ferrocarril s/n","Col. Aviación Vieja","93370","782 824 10 93","","casadelaculturapozarica@gmail.com",-97.45026,20.51927,"http://sic.gob.mx/ficha.php?table=centro_cultural&table_id=157","2025-09-03 14:14:23-06"
3160,"Casa de la Cultura Sergio Galindo","1000-01-01","",30,"Veracruz de Ignacio de la Llave",132,"Las Vigas de Ramírez",1,"Las Vigas de Ramírez","","","","","","everarcos@hotmail.com ",-97.10333,19.63847,"http://sic.gob.mx/ficha.php?table=centro_cultural&table_id=3160","2025-09-17 15:21:54-06"
1823,"Casa de Cultura de Pueblo Viejo","1000-01-01","Instituto Veracruzano de Cultura",30,"Veracruz de Ignacio de la Llave",133,"Pueblo Viejo",1,"Cd. Cuauhtémoc","Morena 10","Centro","92030","833 278 07 48","","",-97.83733,22.18336,"http://sic.gob.mx/ficha.php?table=centro_cultural&table_id=1823","2025-11-04 13:26:33-06"
3144,"Casa de la Cultura Díaz Mirón","1000-01-01","",30,"Veracruz de Ignacio de la Llave",138,"Río Blanco",1,"Río Blanco","Calle Ote 16","Centro","94730","272 727 00 14","http://culturaveracruz.gob.mx/","miguel_jarochonocturno@hotmail.com",-97.15243,18.83181,"http://sic.gob.mx/ficha.php?table=centro_cultural&table_id=3144","2025-10-01 11:17:15-06"
3145,"Casa de Cultura de Saltabarranca","1000-01-01","Ayuntamiento de Saltabarranca/Dirección de Cultura",30,"Veracruz de Ignacio de la Llave",139,"Saltabarranca",1,"Saltabarranca","Zaragoza s/n esq. Guillermo Prieto","Centro","95480","284 946 3011","https://www.saltabarranca.gob.mx/","saltabarrancah2225@gmail.com",-95.53171,18.59026,"http://sic.gob.mx/ficha.php?table=centro_cultural&table_id=3145","2026-09-01 12:11:26-06"
3148,"Casa de la Cultura Fernando Bustamante Rábago","2014-01-01","Secretaría de Cultura de Veracruz",30,"Veracruz de Ignacio de la Llave",143,"Santiago Tuxtla",1,"Santiago Tuxtla","Carr. Estatal Santiago Tuxtla Isla s/n","Col. Miguel Alemán","95835","294 947 03 12","","culturastgotux@gmail.com",-95.31299,18.4551,"http://sic.gob.mx/ficha.php?table=centro_cultural&table_id=3148","2025-10-08 16:39:47-06"
3150,"Casa de Cultura de Sayula de Alemán","1000-01-01","Ayuntamiento de Sayula de Alemán",30,"Veracruz de Ignacio de la Llave",144,"Sayula de Alemán",1,"Sayula de Alemán","Miguel Hidalgo 32","Col. Petrolero","96150","342 422 1065","https://www.sayula.gob.mx/","culturasayula@gmail.com",-94.96,17.88097,"http://sic.gob.mx/ficha.php?table=centro_cultural&table_id=3150","2026-04-14 14:43:39-06"
3153,"Casa de la Cultura de Soledad de Doblado","2013-01-01","Ayuntamiento de Soledad de Doblado/Dirección de Turismo y Cultura",30,"Veracruz de Ignacio de la Llave",148,"Soledad de Doblado",1,"Soledad de Doblado","Hidalgo s/n entre Abosolo y Zaragoza","Centro","94240","229 908 4605","https://ocoyoacac.gob.mx/","presidencia.soledad2026@gmail.com",-96.42275,19.04743,"http://sic.gob.mx/ficha.php?table=centro_cultural&table_id=3153","2026-09-10 10:48:39-06"
14,"Casa de la Cultura Nuntaj  (Lengua Madre)","1000-01-01","Ayuntamiento de Soteapan",30,"Veracruz de Ignacio de la Llave",149,"Soteapan",1,"Soteapan","Hidalgo s/n","Centro","95900","","","",0,0,"http://sic.gob.mx/ficha.php?table=centro_cultural&table_id=14","2025-09-18 13:28:33-06"
1202,"Centro Cultural Comunitario Mirador Saltillo (Nahua)","1000-01-01","Unidad Regional de Culturas Populares de Veracruz",30,"Veracruz de Ignacio de la Llave",149,"Soteapan",18,"Mirador Saltillo","Domicilio conocido","","95900","","","",-94.85278,18.15872,"http://sic.gob.mx/ficha.php?table=centro_cultural&table_id=1202","2025-09-18 14:53:30-06"
1406,"Casa de Cultura de Tamalín","1000-01-01","Instituto Veracruzano de la Cultura",30,"Veracruz de Ignacio de la Llave",150,"Tamalín",1,"Tamalín","5 de Mayo s/n ","Centro","92470","768 851 01 29","","eusebionic@yahoo.com.mx",0,0,"http://sic.gob.mx/ficha.php?table=centro_cultural&table_id=1406","2019-07-02 06:14:20-05"
3934,"Casa de la Cultura de Tamiahua","1000-01-01","Secretaría de Cultura de Veracruz",30,"Veracruz de Ignacio de la Llave",151,"Tamiahua",1,"Tamiahua","Miguel Hidalgo 18 ","Col. La Cabrilla","92560","768 857 00 17 ","https://www.tamiahua.gob.mx/","cultura@tamiahua.gob.mx ",-97.44699,21.27896,"http://sic.gob.mx/ficha.php?table=centro_cultural&table_id=3934","2025-09-22 11:55:06-06"
3159,"Casa de Cultura Tantoyuca ","2014-06-14","Ayuntamiento de Tantoyuca ",30,"Veracruz de Ignacio de la Llave",155,"Tantoyuca",1,"Tantoyuca"," Francisco I. Madero 103","Centro","92101","789 893 29 52","","aurelio.cruz@tantoyucaveracruz.gob.mx",-98.22618,21.35252,"http://sic.gob.mx/ficha.php?table=centro_cultural&table_id=3159","2025-10-01 13:42:06-06"
358,"Casa de la Cultura de Álamo","1998-05-11","Ayuntamiento de Álamo",30,"Veracruz de Ignacio de la Llave",160,"Álamo Temapache",1,"Álamo","Emiliano Carranza 5","Centro","92730","765 844 80 18","","casadeculturadealamo@hotmail.com; gomcorr@hotmail.com",-97.67622,20.91504,"http://sic.gob.mx/ficha.php?table=centro_cultural&table_id=358","2025-09-12 13:40:51-06"
3161,"Casa de la Cultura Don Tirso C. Medellín Díaz","1000-01-01","Ayuntamiento de Tempoal",30,"Veracruz de Ignacio de la Llave",161,"Tempoal",1,"Tempoal de Sánchez","","","","789 894 00 40","","direccionculturatempoal@yahoo.com; presidencia@tempoal.gob.mx",-98.39425,21.52177,"http://sic.gob.mx/ficha.php?table=centro_cultural&table_id=3161","2025-10-08 13:35:52-06"
316,"Casa de Cultura Mtro. Fabián Anell Viccón","2000-01-01","Ayuntamiento de Teocelo/Dirección de Turismo, Cultura y Juventud",30,"Veracruz de Ignacio de la Llave",164,"Teocelo",1,"Teocelo","Calle 5 de Mayo 88","Centro","91615","228 821 0007 ext. 114","","cultura@teocelogobierno.mx",-96.97629,19.38345,"http://sic.gob.mx/ficha.php?table=centro_cultural&table_id=316","2026-09-02 08:33:54-06"
3163,"Casa de la Cultura Tepetzintla","1000-01-01","Secretaría de Cultura de Veracruz",30,"Veracruz de Ignacio de la Llave",167,"Tepetzintla",1,"Tepetzintla","Independencia s/n ","Centro","92530 ","785 853 01 28","https://www.tepetzintla.gob.mx/","2225cultura@tepetzintla.gob.mx",-97.85235,21.16206,"http://sic.gob.mx/ficha.php?table=centro_cultural&table_id=3163","2025-09-22 14:11:43-06"
3165,"Casa de Cultura de Tezonapa","1000-01-01","Ayuntamiento de Tezonapa/Dirección de Cultura",30,"Veracruz de Ignacio de la Llave",173,"Tezonapa",1,"Tezonapa","1ra. de Avenida 1 s/n","Centro","95096","278 736 01 21","https://tezonapa.gob.mx/","cultura22@tezonapa.gob.mx",-96.68776,18.6047,"http://sic.gob.mx/ficha.php?table=centro_cultural&table_id=3165","2025-09-25 13:50:55-06"
2727,"Complejo Cultural Casa de las Mariposas (Xochitsih)","1000-01-01","Asociación Civil",30,"Veracruz de Ignacio de la Llave",176,"Tlacojalpan",1,"Tlacojalpan","Ignacio Allende s/n","Centro","95520","","","rochi20092008@hotmail.com",-95.94958,18.23117,"http://sic.gob.mx/ficha.php?table=centro_cultural&table_id=2727","2025-09-12 13:56:02-06"
318,"Casa de Cultura Agustín Lara Aguirre","1990-01-01","Ayuntamiento de Tlacotalpan",30,"Veracruz de Ignacio de la Llave",178,"Tlacotalpan",1,"Tlacotalpan","Venustiano Carranza 43","Centro","95460","288 884 2252","https://www.facebook.com/Casa-de-Cultura-Agust%C3%ADn-Lara-2281262535461812/","marcelo5907@hotmail.com",-95.65621,18.61182,"http://sic.gob.mx/ficha.php?table=centro_cultural&table_id=318","2025-09-12 11:27:10-06"
3441,"Centro Cultural El Retiro, La Casa del Son y el Fandango","2016-12-01","Centro Cultural El Retiro, AC",30,"Veracruz de Ignacio de la Llave",178,"Tlacotalpan",1,"Tlacotalpan","5 de Febrero 45c","Centro","95463","288 104 7087 ","","centroculturalelretiro@gmail.com",-95.66355,18.61789,"http://sic.gob.mx/ficha.php?table=centro_cultural&table_id=3441","2025-09-12 11:32:28-06"
3323,"Centro Cultural del Sotavento ","2020-11-01","Secretaria de Cultura de Veracruz ",30,"Veracruz de Ignacio de la Llave",178,"Tlacotalpan",1,"Tlacotalpan","Miguel Z. Cházaro 44","Centro ","95460","288 690 6537","","sc.oficinasotavento@gmail.com; ccsotavento@culturaveracruz.gob.mx",-95.66535,18.61321,"http://sic.gob.mx/ficha.php?table=centro_cultural&table_id=3323","2025-09-12 12:15:51-06"
1824,"Casa de Cultura de Tlalixcoyan","1987-11-22","Ayuntamiento de Tlalixcoyan",30,"Veracruz de Ignacio de la Llave",181,"Tlalixcoyan",1,"Tlalixcoyan","Benito Juárez 205","Centro","95225","285 967 06 36","","vikirebolledo_28@outlook.com",-96.06141,18.80191,"http://sic.gob.mx/ficha.php?table=centro_cultural&table_id=1824","2025-09-25 17:04:07-06"
3175,"Casa de Cultura de Tlapacoyan","1000-01-01","Secretaría de Cultura de Veracruz",30,"Veracruz de Ignacio de la Llave",183,"Tlapacoyan",1,"Tlapacoyan","Hidalgo s/n","Centro","93650","225 315  05 55","https://tlapacoyan.gob.mx/","educacion.cultura@tlapacoyan.gob.mx; educacion@tlapacoyan.gob.mx ",-97.22045,19.9618,"http://sic.gob.mx/ficha.php?table=centro_cultural&table_id=3175","2025-09-24 12:36:36-06"
3176,"Casa de Cultura Tlakuikani de Tliapan","2013-04-01","",30,"Veracruz de Ignacio de la Llave",185,"Tlilapan",1,"Tlilapan","","","","272 724 49 42","","chriszamartinez1505@gmail.com",-97.09889,18.80575,"http://sic.gob.mx/ficha.php?table=centro_cultural&table_id=3176","2025-11-18 19:44:55-06"
24,"Casa de la Cultura de Tomatlán ","1995-01-01","Instituto Veracruzano de la Cultura",30,"Veracruz de Ignacio de la Llave",186,"Tomatlán",1,"Tomatlán","Calle 3 s/n esq. Av. 2","Santa Cecilia","94170","","","vehba@hotmail.com",-97.00781,19.03134,"http://sic.gob.mx/ficha.php?table=centro_cultural&table_id=24","2025-09-12 12:53:52-06"
3935,"Casa de Cultura de Totutla","1000-01-01","Ayuntamiento de Totutla/Dirección de Cultura",30,"Veracruz de Ignacio de la Llave",188,"Totutla",1,"Totutla","Av. Miguel Alemán 103","Centro","94050","228 304 4228","","presidenciatotutla26.29@gmail.com",-96.96163,19.21135,"http://sic.gob.mx/ficha.php?table=centro_cultural&table_id=3935","2026-09-03 14:17:45-06"
309,"Casa de Cultura Tuxpan A.C. Pilar Mar Gómez ","1990-09-11","Instituto Veracruzano de la Cultura",30,"Veracruz de Ignacio de la Llave",189,"Tuxpan",1,"Túxpam de Rodríguez Cano","Melchor Ocampo 17","Centro","92800","","","negromireles@gmail.com; casaculturatpv@yahoo.com.mx",-97.40539,20.95424,"http://sic.gob.mx/ficha.php?table=centro_cultural&table_id=309","2025-09-03 10:57:42-06"
3937,"Casa de Cultura de Tuxtilla","2014-01-01","Ayuntamiento de Tuxtilla",30,"Veracruz de Ignacio de la Llave",190,"Tuxtilla",1,"Tuxtilla"," Av. Juárez 1 altos del Palacio Municipal","Centro"," 95540","288 887 03 07","","",-95.89626,18.23632,"http://sic.gob.mx/ficha.php?table=centro_cultural&table_id=3937","2025-09-25 17:38:47-06"
69,"Centro Cultural Atarazanas","1998-08-13","Instituto Veracruzano de Cultura",30,"Veracruz de Ignacio de la Llave",193,"Veracruz",1,"Veracruz","Cjón. Julio S. Montero s/n","Centro","91700","299 932 89 21","https://culturaveracruz.gob.mx/?fbclid=IwY2xjawM33hZleHRuA2FlbQIxMABicmlkETEyUXpKSGQzWmMxREpFeVRWAR6aVW8A7QHlLlT4PNRxCB6KIwe02Y-QV8iDvxJrIxB_APuk3KIDUUZRUFgvWQ_aem_zV8_6_QqK5RmQ8E9TBQgBg","atarazanas@culturaveracruz.gob.mx",-96.13462,19.19839,"http://sic.gob.mx/ficha.php?table=centro_cultural&table_id=69","2025-09-17 12:47:22-06"
3926,"Casa de los Saberes Jurídicos en Veracruz Ministro Humberto Román Palacios","2024-01-01","Suprema Corte de Justicia de la Nación",30,"Veracruz de Ignacio de la Llave",193,"Veracruz",1,"Veracruz","Emparán 305 esq. Av. Francisco I. Madero y Av. 5 de Mayo","Centro","91700","55 4113 1000 exts. 8788, 8794","https://www.sitios.scjn.gob.mx/casascultura/casas-cultura-juridica/veracruz-veracruz","ccjveracruz@scjn.gob.mx",-96.15278,19.19032,"http://sic.gob.mx/ficha.php?table=centro_cultural&table_id=3926","2026-09-30 14:44:43-06"
3219,"Casa de las Artes Múcara","1000-01-01","",30,"Veracruz de Ignacio de la Llave",193,"Veracruz",1,"Veracruz","Av. Ignacio Zaragoza 563 ","Centro","91700","229 149 19 80","","mucaracasadeartes@hotmail.com",-96.13481,19.19682,"http://sic.gob.mx/ficha.php?table=centro_cultural&table_id=3219","2025-09-17 12:23:48-06"
547,"Centro Cultural Casa Principal","1998-08-13","Secretaria de Cultura de Veracruz",30,"Veracruz de Ignacio de la Llave",193,"Veracruz",1,"Veracruz","Mario Molina 315 ","Centro","91700","229 932 69 31","","casaprincipal@culturaveracruz.gob.mx",-96.13907,19.19896,"http://sic.gob.mx/ficha.php?table=centro_cultural&table_id=547","2025-09-17 13:25:18-06"
3793,"Centro Cultural Leyes de Reforma","2024-09-22","Secretaría de Hacienda y Crédito Público",30,"Veracruz de Ignacio de la Llave",193,"Veracruz",1,"Veracruz","José María Morelos y Pavón 43, esq. Constitución","Centro Histórico","91700","229 454 04 29","","leyesdereforma@hacienda.gob.mx",-96.14027,19.2033,"http://sic.gob.mx/ficha.php?table=centro_cultural&table_id=3793","2025-09-17 13:45:22-06"
3208,"Centro Cultural el CaSon","2001-01-01","",30,"Veracruz de Ignacio de la Llave",193,"Veracruz",1,"Veracruz","Av. 1ro de Mayo 622 esq. Díaz Aragón ","Col. Ricardo Flores Magón","91900","229 386 86 76","","elcasonveracruzano@gmail.com",-96.13086,19.19215,"http://sic.gob.mx/ficha.php?table=centro_cultural&table_id=3208","2025-09-17 14:23:17-06"
3222,"Traspatio Cultural","1000-01-01","",30,"Veracruz de Ignacio de la Llave",193,"Veracruz",1,"Veracruz","Av. Veracruz 186 ","Col. Chapultepec","91740","229 231 19 09","","traspatiocultura@gmail.com, ",-96.148,19.17385,"http://sic.gob.mx/ficha.php?table=centro_cultural&table_id=3222","2025-09-18 13:22:18-06"
3211,"Centro Cultural Chapultepec","1000-01-01","",30,"Veracruz de Ignacio de la Llave",193,"Veracruz",1,"Veracruz","Av. Vicente Suarez 57 ","Col. Chapultepec","91740","229 912 27 98","","",-96.14725,19.17549,"http://sic.gob.mx/ficha.php?table=centro_cultural&table_id=3211","2025-09-17 13:37:20-06"
1834,"Centro Cultural Ex-Convento Betlehemita","1987-01-01","Secretaría de Cultura de Veracruz",30,"Veracruz de Ignacio de la Llave",193,"Veracruz",1,"Veracruz","Francisco Canal 508 esq. Ignacio Zaragoza","Centro","91700","229 932 43 76","http://www.ivec.gob.mx","ccbetlehemita@culturaveracruz.gob.mx",-96.13436,19.19789,"http://sic.gob.mx/ficha.php?table=centro_cultural&table_id=1834","2025-09-18 11:19:00-06"
3210,"La Casona del Teatro","2015-04-01","",30,"Veracruz de Ignacio de la Llave",193,"Veracruz",1,"Veracruz","Azueta 243 ","Ricardo Flores Magón ","91900","229 265 03 16","","teatroprof@gmail.com",-96.12611,19.19149,"http://sic.gob.mx/ficha.php?table=centro_cultural&table_id=3210","2025-09-18 12:39:10-06"
1833,"Centro Veracruzano de las Artes, Hugo Argüelles (CEVART)","2004-05-24","Secretaría de Cultura de Veracruz",30,"Veracruz de Ignacio de la Llave",193,"Veracruz",1,"Veracruz","Independencia 929","Centro","91700","229 932 13 32","https://www.cenart.gob.mx/2015/07/hugo-arguelles/","cevart@culturaveracruz.gob.mx",-96.14002,19.20159,"http://sic.gob.mx/ficha.php?table=centro_cultural&table_id=1833","2025-09-17 14:44:18-06"
3218,"Microteatro Veracruz","1000-01-01","",30,"Veracruz de Ignacio de la Llave",193,"Veracruz",1,"Veracruz","Azueta 813","Ricardo Flores Magón ","91900","",""," microteatroveracruz@gmail.com",-96.15278,19.19032,"http://sic.gob.mx/ficha.php?table=centro_cultural&table_id=3218","2025-09-18 12:54:37-06"
3221,"Foro Cultural reEDUCA México, Arte y Desarrollo Humano","1000-01-01","",30,"Veracruz de Ignacio de la Llave",193,"Veracruz",1,"Veracruz","Plazuela de la Campana 65 esq. Arista y Serdán","Centro","91700","229 375 12 95","","reeducamex.ver@gmail.com",-96.13711,19.19896,"http://sic.gob.mx/ficha.php?table=centro_cultural&table_id=3221","2025-09-18 12:16:13-06"
3209,"Centro Cultural Cardumen","1000-01-01","Centro Cultural Cardumen, A.C.",30,"Veracruz de Ignacio de la Llave",193,"Veracruz",1,"Veracruz","Juan Soto 2109","Col. Pocitos","","229 107 91 73","","ac.cardumen@gmail.com",-96.15278,19.19032,"http://sic.gob.mx/ficha.php?table=centro_cultural&table_id=3209","2025-09-17 12:58:35-06"
1825,"Casa de Cultura de Yanga","1000-01-01","Ayuntamiento de Yanga",30,"Veracruz de Ignacio de la Llave",196,"Yanga",1,"Yanga","Av. 2 núm. 3 por calle 1 y 2","Centro","94930","278 738 80 03","","ayuntamientoyanga22.25@gmail.com",-96.79875,18.83382,"http://sic.gob.mx/ficha.php?table=centro_cultural&table_id=1825","2025-10-08 13:05:52-06"
3927,"Casa de la Cultura Zongolica","1000-01-01","Ayuntamiento de Zongolica",30,"Veracruz de Ignacio de la Llave",201,"Zongolica",1,"Zongolica","Av. Ignacio Zaragoza 29","Barrio de Guadalupe","95000","278 732 62 67","","desarrollourbano@municipiodezongolica.mx",-96.99833,18.66689,"http://sic.gob.mx/ficha.php?table=centro_cultural&table_id=3927","2025-09-12 14:27:31-06"
3180,"Casa de la Cultura Zozocolco de Hidalgo","1000-01-01","Ayuntamiento de Zozocolco de Hidalgo",30,"Veracruz de Ignacio de la Llave",203,"Zozocolco de Hidalgo",1,"Zozocolco de Hidalgo","Miguel Hidalgo s/n","Centro","93000","","","zozocolcoturismo@gmail.com",-97.57528,20.14085,"http://sic.gob.mx/ficha.php?table=centro_cultural&table_id=3180","2025-09-12 13:19:51-06"
3125,"Centro Cultural Manuel Sastre González","1000-01-01","Ayuntamiento de Agua Dulce",30,"Veracruz de Ignacio de la Llave",204,"Agua Dulce",1,"Agua Dulce","Constitución 765","Diaz Ordaz","96680","923 233 5520","","marychjh@gmail.com",-94.14898,18.12944,"http://sic.gob.mx/ficha.php?table=centro_cultural&table_id=3125","2025-10-10 13:58:57-06"
154,"Casa de Cultura de Nanchital de Lázaro Cárdenas del Rio ","2013-11-26","Instituto Veracruzano de la Cultura",30,"Veracruz de Ignacio de la Llave",206,"Nanchital de Lázaro Cárdenas del Río",1,"Nanchital de Lázaro Cárdenas del Río","Veracruz s/n","Col. Factoria Pemex","96360","921 216 40 94 ","https://www.nanchital.gob.mx/casa-cultura/","info@nanchital.gob.mx",-94.41143,18.07691,"http://sic.gob.mx/ficha.php?table=centro_cultural&table_id=154","2026-06-22 12:18:01-06"
3177,"Casa de la Cultura de Tres Valles","1000-01-01","Ayuntamiento de Tres Valles/Dirección de Cultura",30,"Veracruz de Ignacio de la Llave",207,"Tres Valles",1,"Tres Valles","Corregidora de Querétaro 105","Centro","95300","228 885 05 85","https://tres-valles.gob.mx/","casadecultura_3valles@hotmail.com; gocu_68@live.com",-96.14043,18.23991,"http://sic.gob.mx/ficha.php?table=centro_cultural&table_id=3177","2026-08-10 14:12:38-06"
3132,"Casa de la Cultura Rosario Mora de García","1000-01-01","Secretaría de Cultura de Veracruz",30,"Veracruz de Ignacio de la Llave",208,"Carlos A. Carrillo",1,"Carlos A. Carrillo","Argentina s/n ","Centro","95400 ","288 103 23 23","http://municipiodecarlosacarrillo.gob.mx/index.html","yeseniaaquinocazarin@gmail.com ",-95.74592,18.37403,"http://sic.gob.mx/ficha.php?table=centro_cultural&table_id=3132","2025-09-26 11:40:17-06"
1205,"Centro Cultural Comunitario Tatahuicapan (Nahua)","1000-01-01","Unidad Regional de Culturas Populares",30,"Veracruz de Ignacio de la Llave",209,"Tatahuicapan de Juárez",1,"Tatahuicapan","Domicilio conocido","","95940","","","",-94.75007,18.24777,"http://sic.gob.mx/ficha.php?table=centro_cultural&table_id=1205","2023-11-03 07:06:23-06"
303,"Casa de la Cultura de Acanceh","1994-01-01","Ayuntamiento de Acanceh",31,"Yucatán",2,"Acanceh",1,"Acanceh","Calle 22 s/n entre 21 y 23, Altos del Palacio Municipal","","97380","988 912 01 38","","",-89.45379,20.81297,"http://sic.gob.mx/ficha.php?table=centro_cultural&table_id=303","2021-08-20 07:50:55-05"
1076,"Centro Cultural Municipal de Buctzotz","1993-01-01","Ayuntamiento de Buctzotz",31,"Yucatán",6,"Buctzotz",1,"Buctzotz","Calle 22 s/n por calles 21 y 19, Palacio Municipal","Centro","97620","991 911 40 71","","",-88.79445,21.20195,"http://sic.gob.mx/ficha.php?table=centro_cultural&table_id=1076","2022-01-27 16:12:42-06"
2194,"Casa del Artista de Buctzotz","1993-03-06","Privado",31,"Yucatán",6,"Buctzotz",1,"Buctzotz","Calle 18 s/n por 15 y 17","Centro","97620","","","",-88.79309,21.20413,"http://sic.gob.mx/ficha.php?table=centro_cultural&table_id=2194","2025-09-19 17:19:59-06"
335,"Casa de la Cultura de Celestún","1000-01-01","Ayuntamiento de Celestún",31,"Yucatán",11,"Celestún",1,"Celestún","Calle 12 núm. 476  por 13 y 15","","97367","988 916 2058","","",-90.40083,20.86055,"http://sic.gob.mx/ficha.php?table=centro_cultural&table_id=335","2022-12-26 11:06:00-06"
1843,"Centro Cultural de Cenotillo","2009-12-05","Ayuntamiento de Cenotillo",31,"Yucatán",12,"Cenotillo",1,"Cenotillo","Calle 9 x 10 y 14","Col. Centro","97640","998 810 5907","","20.tocho.21@gmail.com",-88.6002,20.97072,"http://sic.gob.mx/ficha.php?table=centro_cultural&table_id=1843","2024-05-03 14:34:09-06"
344,"Espacio de Desarrollo Cultural de Dzemul","2008-01-01","Ayuntamiento de Dzemul",31,"Yucatán",26,"Dzemul",1,"Dzemul","Calle 20 entre 11 y 9, Carr. San Diego Guerra","","97404","9916881173","https://www.dzemul.gob.mx","dzemulyuc1@gmail.com",0,0,"http://sic.gob.mx/ficha.php?table=centro_cultural&table_id=344","2023-08-11 08:15:13-06"
350,"Casa de Cultura Pepe Domínguez","1990-01-01","Ayuntamiento de Dzidzantún",31,"Yucatán",27,"Dzidzantún",1,"Dzidzantún","Calle 21 s/n entre 18 y 20","Centro","97500","(991) 1092534","","",-89.04296,21.24666,"http://sic.gob.mx/ficha.php?table=centro_cultural&table_id=350","2024-04-24 11:47:49-06"
2011,"Centro Cultural San Francisco Tzacalhá","2010-01-01","Asociación Civil",31,"Yucatán",27,"Dzidzantún",2,"San Francisco Manzanilla","Antiguo Hospital de la Hacienda San Francisco s/n","","97500","991 113 11 63","https://fondify.org/es/centro-cultural-san-francisco-tzacalha/#","sanriomariana@hotmail.com",-89.02631,21.2509,"http://sic.gob.mx/ficha.php?table=centro_cultural&table_id=2011","2024-03-14 09:27:49-06"
2195,"Casa de la Cultura de Dzilam de Bravo","2018-12-14","Ayuntamiento de Dzilam de Bravo",31,"Yucatán",28,"Dzilam de Bravo",1,"Dzilam de Bravo","Calle 15 x 20 y 22","Centro","97606","991 102 76 26","","",-88.89525,21.39099,"http://sic.gob.mx/ficha.php?table=centro_cultural&table_id=2195","2025-09-11 17:25:07-06"
351,"Casa de la Cultura de Dzilam González","1995-01-01","Ayuntamiento de Dzilam González",31,"Yucatán",29,"Dzilam González",1,"Dzilam González","Calle 21 s/n x 20 y 22","Centro","97600","999 134 90 45","","ayuntamiento.dzilamgonzalez@gmail.com",-88.92974,21.28017,"http://sic.gob.mx/ficha.php?table=centro_cultural&table_id=351","2024-04-23 11:20:02-06"
352,"Casa de la Cultura de Dzoncauich","1000-01-01","Ayuntamiento de Dzoncauich",31,"Yucatán",31,"Dzoncauich",1,"Dzoncauich","Calle 18 s/n entre 21 y 23","Centro","97646","991 911 7156","","",-88.89095,21.12892,"http://sic.gob.mx/ficha.php?table=centro_cultural&table_id=352","2023-09-29 08:31:37-06"
353,"Casa de la Cultura de Halachó","2009-01-01","Ayuntamiento de Halachó",31,"Yucatán",33,"Halachó",1,"Halachó","Calle 21 entre 16 y 14","Centro","97831","999 273 82 25","","contacto@halacho.gob.mx",-90.08194,20.47776,"http://sic.gob.mx/ficha.php?table=centro_cultural&table_id=353","2023-12-14 07:54:54-06"
3990,"Centro Cultural Yol-Izma","2005-01-15","Independiente",31,"Yucatán",38,"Hunucmá",1,"Hunucmá","Calle 34A núm. 255 por 47 y 49A","Col. Álvaro Obregón","97350","999 200 6785","https://culturayucatanac.com.mx/centro-cultural-yol-izma-un-semillero-de-arte-y-cultura-en-hunucma/","raul.uranga@hotmail.com",-89.88634,21.0062,"http://sic.gob.mx/ficha.php?table=centro_cultural&table_id=3990","2026-05-27 12:51:52-06"
354,"Casa de Cultura Ricardo López Méndez","1993-02-28","Ayuntamiento de Izamal",31,"Yucatán",40,"Izamal",1,"Izamal","Calle 27 núm. 265","Centro","97540","998 954 00 09","","chuy_izamal_0225@live.com.mx",-89.01883,20.93598,"http://sic.gob.mx/ficha.php?table=centro_cultural&table_id=354","2021-08-12 11:38:21-05"
355,"Centro Cultural de Maxcanú","2010-07-01","Ayuntamiento de Maxcanú",31,"Yucatán",48,"Maxcanú",1,"Maxcanú","Calle 20 s/n esq. Calle 15<br>Ex Estación del Ferrocarril","Centro","97800","997 971 21 50","","",0,0,"http://sic.gob.mx/ficha.php?table=centro_cultural&table_id=355","2023-08-02 06:16:57-06"
1090,"Centro Cultural Universitario (UADY)","2019-07-01","Universidad Autónoma de Yucatán/Centro Cultural Universitario ",31,"Yucatán",50,"Mérida",1,"Mérida","Calle 60 núm. 491-A x 57","Centro","97000","999 930 0900 ext. 26153","http://www.cultura.uady.mx/ccu.html","carlos.estrada@correo.uady.mx; susanaceballos@correo.uady.mx",-89.62287,20.96966,"http://sic.gob.mx/ficha.php?table=centro_cultural&table_id=1090","2026-06-30 11:16:15-06"
1388,"Centro Cultural La Ibérica","1998-05-22","Secretaría de la Cultura y las Artes de Yucatán",31,"Yucatán",50,"Mérida",1,"Mérida","Calle 37 núm. 526  entre 74 y 74-A","Col. García Ginerés","97070","999 920 73 46","http://www.culturayucatan.com/recinto/ver/11","Iberica.sedeculta@.yucatan.gob.mx",-89.62759,20.98244,"http://sic.gob.mx/ficha.php?table=centro_cultural&table_id=1388","2023-11-28 03:29:34-06"
1392,"Centro Cultural de Mérida Olimpo","1999-01-06","Ayuntamiento de Mérida/Dirección de Identidad y Cultura",31,"Yucatán",50,"Mérida",1,"Mérida","Calle 62 s/n x 61","Centro ","97000","999 942 0000","http://www.merida.gob.mx","cultura@merida.gob.mx; mariana.lopez@merida.gob.mx; karla.berron@merida.gob.mx",-89.6245,20.9671,"http://sic.gob.mx/ficha.php?table=centro_cultural&table_id=1392","2026-02-20 12:06:39-06"
2191,"Centro de Música José Jacinto Cuevas ( CEMUS)","1997-01-01","Secretaría de la Cultura y las Artes de Yucatán",31,"Yucatán",50,"Mérida",1,"Mérida","Calle 37 núm. 526 por 74 y 74-A","Col. García Gineres","97070","999 920 24 20","http://www.culturayucatan.com/index.php?option=com_content&view=article&id=355&Itemid=277","cemus.sedeculta@yucatan.gob.mx; icy@yucatan.gob.mx",-89.62761,20.98243,"http://sic.gob.mx/ficha.php?table=centro_cultural&table_id=2191","2023-08-14 03:49:43-06"
2972,"Centro Cultural La Cúpula","2015-12-17","Fundación Centro Cultural La Cúpula, A.C.",31,"Yucatán",50,"Mérida",1,"Mérida","Calle 54 núm. 407 B x 41 y 43","Centro","97000","999 688 94 79","http://lacupulamerida.org/","lacupulamerida@gmail.com;  info@lacupulamerida.org",-89.61707,20.97801,"http://sic.gob.mx/ficha.php?table=centro_cultural&table_id=2972","2022-12-06 06:52:50-06"
1356,"Centro Cultural de la Niñez Yucateca (CECUNY)","1994-01-24","Secretaría de la Cultura y las Artes",31,"Yucatán",50,"Mérida",1,"Mérida","Calle 59 núm. 424-A entre 48 y 50","Centro","97000","999 924 9070","http://www.culturayucatan.com","cecuny.sedeculta@yucatan.gob.mx  omjela87@hotmail.com",-89.61568,20.96749,"http://sic.gob.mx/ficha.php?table=centro_cultural&table_id=1356","2020-05-19 07:53:05-05"
1106,"Centro Cultural Casamata","2019-11-25","Ayuntamiento de Mérida/Dirección de Identidad y Cultura",31,"Yucatán",50,"Mérida",1,"Mérida","Calle 12 por 63C y 65","Col. Cortés Sarmiento","97168","999 922 2655","http://www.merida.gob.mx/capitalcultural/","gaspar.borges@merida.gob.mx; cc.casamata@merida.gob.mx ",-89.59584,20.95977,"http://sic.gob.mx/ficha.php?table=centro_cultural&table_id=1106","2026-03-04 11:38:57-06"
1370,"Centro Cultural Wallis","1986-01-01","Ayuntamiento de Mérida/Dirección de Identidad y Cultura",31,"Yucatán",50,"Mérida",1,"Mérida","Calle 33 núm 212 x 14-A y 16","Fracc. Wallis","97169","999 922 2655","https://merida.gob.mx/municipio/portal/index.phpntenido/centrosc/wallis.htm","cc.wallis@merida.gob.mx",-89.59729,20.96734,"http://sic.gob.mx/ficha.php?table=centro_cultural&table_id=1370","2026-03-04 13:38:33-06"
3385,"Centro Cultural Lorca","2014-01-01"," Fundación Cultural  Fernández Trava A.C.",31,"Yucatán",50,"Mérida",1,"Mérida","Calle 39a  núm. 192 x 16b y 16 E"," Fracc. Gran San Pedro Cholul","97305","999 316 50 45","https://www.lorcacentrocultural.com/","centrocultural.lorca.mx@gmail.com",-89.54809,21.02224,"http://sic.gob.mx/ficha.php?table=centro_cultural&table_id=3385","2022-10-27 06:15:02-05"
1054,"Casa de la Cultura del Mayab Leopoldo Peniche Vallado","1983-04-01","Secretaría de la Cultura y las Artes de Yucatán",31,"Yucatán",50,"Mérida",1,"Mérida","Calle 63 núm. 503-A entre 64 y 66","Centro","97000","999 928 5576","http://www.culturayucatan.com","ccmtalleres.icy@yucatan.gob.mx",-89.62681,20.96703,"http://sic.gob.mx/ficha.php?table=centro_cultural&table_id=1054","2026-01-19 11:40:42-06"
3066,"Centro Cultural del Sur","2018-03-27","Ayuntamiento de Mérida/Dirección de Identidad y Cultura/Subdirección de Cultura",31,"Yucatán",50,"Mérida",1,"Mérida","Calle 165 núm. 304","Col. Emiliano Zapata Sur III","97297","999 942 0000 ","http://www.merida.gob.mx/cultura","diana.puga@merida.gob.mx",-89.64576,20.91193,"http://sic.gob.mx/ficha.php?table=centro_cultural&table_id=3066","2026-03-04 12:33:32-06"
3841,"Casa de la Cultura Jurídica en Mérida","1997-01-01","Suprema Corte de Justicia de la Nación",31,"Yucatán",50,"Mérida",1,"Mérida","Calle 59 núm. 458 por 52 y 54","Centro","97000","55 4113 1000 exts. 8830, 8834","https://www.sitios.scjn.gob.mx/casascultura/casas-cultura-juridica/merida-yucatan","ccjmerida@mail.scjn.gob.mx",-89.61867,20.9678,"http://sic.gob.mx/ficha.php?table=centro_cultural&table_id=3841","2025-09-18 14:02:20-06"
2197,"Centro Cultural José Martí","2001-01-01","Ayuntamiento de Mérida/Dirección de Identidad y Cultura",31,"Yucatán",50,"Mérida",1,"Mérida","Av. Colón x calle 20 y 22, int. Parque de las Américas","Col. García Ginéres","97070","999 920 5414 exts. 80475, 80476","https://www.merida.gob.mx/capitalcultural/","cultura@merida.gob.mx; paola.guzman@merida.gob.mx",-89.63289,20.98775,"http://sic.gob.mx/ficha.php?table=centro_cultural&table_id=2197","2026-06-04 14:16:19-06"
1666,"Centro de Artes Visuales","2004-12-31","Secretaría de la Cultura y las Artes de Yucatán",31,"Yucatán",50,"Mérida",1,"Mérida","Calle 60 núm. 411 entre 45 y 47","Centro","97000","999 945 40 39","http://www.culturayucatan.com","pedro.ac@yucatan.gob.mx",-89.62145,20.97641,"http://sic.gob.mx/ficha.php?table=centro_cultural&table_id=1666","2022-10-25 04:34:13-05"
2766,"Centro Cultural Tapanco","2012-03-03","Centro Cultural Tapanco, A.C.",31,"Yucatán",50,"Mérida",1,"Mérida","Calle 68 por 47","Centro","97000","999 289 4272","http://www.tapancoteatro.com","tapancoteatro@gmail.com",-89.62632,20.97588,"http://sic.gob.mx/ficha.php?table=centro_cultural&table_id=2766","2026-05-20 14:44:02-06"
3430,"Foro Cultural Amaro","1000-01-01","",31,"Yucatán",50,"Mérida",1,"Mérida","Calle 59 Núm. 507 por 60 y 62","Centro Histórico","","999 928 24 51","","",-89.62325,20.96882,"http://sic.gob.mx/ficha.php?table=centro_cultural&table_id=3430","2023-10-23 12:42:07-06"
3386,"Habla, Centro de Habla y Cultura","1000-01-01","",31,"Yucatán",50,"Mérida",1,"Mérida"," Calle 26 núm..99 B  x 19 y 21","Col. México","97125","999 255 42 47","https://habla.org/"," contact@habla.org",-89.61337,21.00351,"http://sic.gob.mx/ficha.php?table=centro_cultural&table_id=3386","2022-12-06 04:57:17-06"
1385,"Centro Cultural Juan Acereto (cerrado temporalmente)","1998-01-31","Secretaría de la Cultura y las Artes de Yucatán",31,"Yucatán",50,"Mérida",1,"Mérida","Calle 59 núm. 426 entre 50 y 52","Centro","97000","999 923 9662","http://www.culturayucatan.com","",-89.61637,20.96762,"http://sic.gob.mx/ficha.php?table=centro_cultural&table_id=1385","2023-10-24 09:06:38-06"
3367,"Centro Cultural 69 Opichén Radio","2021-01-16","",31,"Yucatán",50,"Mérida",1,"Mérida","Calle 73 F, núm 112 x 138 A y 138 B","Col. Villa Magna","97246","999 737 39 68","http://69opichenradio.com","rigel.solis.rodriguez@gmail.com",-89.62444,20.96699,"http://sic.gob.mx/ficha.php?table=centro_cultural&table_id=3367","2022-01-31 10:25:06-06"
1846,"Centro Poder Jóven (SEJUVE)","2006-01-01","Secretaría de la Juventud de Yucatán ",31,"Yucatán",50,"Mérida",1,"Mérida","Calle 66 núm. 502 por 63 y 61","Centro","97000","999 923 86 10","http://www.sejuve.gob.mx/","yucatanjoven@gmail.com",-89.62699,20.96784,"http://sic.gob.mx/ficha.php?table=centro_cultural&table_id=1846","2021-04-29 10:44:34-05"
2765,"Centro Cultural Miatsil Kuxtal","2019-06-01","",31,"Yucatán",50,"Mérida",1,"Mérida","Calle 49 núm. 567  x 80 y 82 ","Centro","97000","999 246 65 75",""," mkuxtalcc@gmail.com",-89.6351,20.97693,"http://sic.gob.mx/ficha.php?table=centro_cultural&table_id=2765","2022-11-16 04:13:22-06"
1383,"Centro Cultural Carlos Acereto","2001-07-08","Instituto Mexicano de Artes",31,"Yucatán",50,"Mérida",1,"Mérida","Calle 55 núm. 485 por 40 y 38","Centro","97000","999 922 3716","","centrocultural-carlosacereto@hotmail.com",-89.60948,20.96983,"http://sic.gob.mx/ficha.php?table=centro_cultural&table_id=1383","2026-05-26 12:50:44-06"
1387,"Centro Cultural Dante","1993-08-16","Librerías Dante",31,"Yucatán",50,"Mérida",1,"Mérida","Prol. Paseo de Montejo 138-B por 17 ","Col. Itzimná","97100 ","999 926 45 66 ","","centroculturaldante@prodigy.net.mx",-89.61626,20.99439,"http://sic.gob.mx/ficha.php?table=centro_cultural&table_id=1387","2022-12-08 04:33:55-06"
1361,"Centro de Cultura Prohispen","1994-01-01","Patronato Pro Historia Peninsular, A.C.",31,"Yucatán",50,"Mérida",1,"Mérida","Calle 19 núm. 94 entre 18 y 20","Col. México","97125","999 944 6424","http://prohispen.com/?fbclid=IwY2xjawQL_yhleHRuA2FlbQIxMABicmlkETJuWE96VUE2cUVzQWlCQXYxc3J0YwZhcHBfaWQQMjIyMDM5MTc4ODIwMDg5MgABHgVcJ_XG0NjbLKbAe9Ltc9xwAjqKMZFl2d06dzjqUapt4XJeEJQuCrRiHzWb_aem_hyD4Yje_KWOMrSI7sa-H_w","centroculturalprohispen@gmail.com",-89.60964,21.00299,"http://sic.gob.mx/ficha.php?table=centro_cultural&table_id=1361","2026-02-25 10:17:12-06"
3384,"Centro Municipal de Danza","2015-09-09","Ayuntamiento de Mérida/Dirección de Identidad y Cultura/Subdirección de Cultura",31,"Yucatán",50,"Mérida",1,"Mérida","Av. Mérida 2000 x 67","Fracc. Yucalpeten","97238","999 928 5414 ext. 80840, 80841","","sergio.nunez@merida.gob.mx",-89.6644,20.98104,"http://sic.gob.mx/ficha.php?table=centro_cultural&table_id=3384","2026-02-20 14:16:37-06"
1384,"Centro Cultural Ricardo López Méndez","1985-12-18","Secretaría de la Cultura y las Artes de Yucatán",31,"Yucatán",50,"Mérida",1,"Mérida","Calle 49 núm. 260 entre 46 y 48","Unidad Habitacional Cordemex","97110","999 941 67 28","http://www.culturayucatan.com/recinto/ver/8","ccrlm.sedeculta@yucatan.gob.mx",-89.62683,21.03692,"http://sic.gob.mx/ficha.php?table=centro_cultural&table_id=1384","2020-05-19 08:05:25-05"
3433,"Centro Cultural Fernando Castro Pacheco","2023-10-18","Ayuntamiento de Mérida/Dirección de Identidad y Cultura",31,"Yucatán",50,"Mérida",1,"Mérida","Av. Paseo de Montejo, calle 56-A núm. 479","Centro","97000","999 928 5414 ext. 83501","","karla.berron@merida.gob.mx",-89.61887,20.98072,"http://sic.gob.mx/ficha.php?table=centro_cultural&table_id=3433","2026-02-20 11:54:57-06"
2427,"Centro Cultural Cholul","1992-08-16","Ayuntamiento de Mérida/Dirección de Identidad y  Cultura",31,"Yucatán",50,"Mérida",84,"Cholul","Calle 21 s/n entre 20 y 22","Centro","97305","999 928 5414","http://www.merida.gob.mx/cultura/contenido/centrosc/cholul.htm","",-89.55673,21.04288,"http://sic.gob.mx/ficha.php?table=centro_cultural&table_id=2427","2026-03-04 19:23:54-06"
32,"Casa de la Cultura de Motul","1997-10-15","Ayuntamiento de Motul",31,"Yucatán",52,"Motul",1,"Motul de Carrillo Puerto","Calle 29 por 48 s/n","Col. Solidaridad","97430","991 915 0559","http://www.motul.gob.mx/","olgam_cross@hotmail.com",-89.29903,21.09612,"http://sic.gob.mx/ficha.php?table=centro_cultural&table_id=32","2025-11-10 14:46:48-06"
3387,"Centro Cultural Imagine ","1000-01-01","Independiente",31,"Yucatán",52,"Motul",1,"Motul de Carrillo Puerto","Calle 26 núm. 316-A por 31","Centro","97430","991 915 2099","","centro.cultural.imagine@gmail.com",-89.28291,21.09322,"http://sic.gob.mx/ficha.php?table=centro_cultural&table_id=3387","2026-05-26 10:59:58-06"
2196,"Casa de la Cultura de  Opichén","2007-01-01","Ayuntamiento de Opichén",31,"Yucatán",55,"Opichén",1,"Opichén","Calle 20 entre 19 y 21","Centro","97813","999 139 56 53","","",-89.85726,20.55154,"http://sic.gob.mx/ficha.php?table=centro_cultural&table_id=2196","2024-03-25 11:34:05-06"
102,"Centro Cultural Siglo XXI de Oxkutzcab","2001-08-01","Ayuntamiento de Oxkutzcab",31,"Yucatán",56,"Oxkutzcab",1,"Oxkutzcab","Calle 45 s/n entre 52 y 54","","","997 975 00 29","","",-89.41892,20.30763,"http://sic.gob.mx/ficha.php?table=centro_cultural&table_id=102","2021-04-30 05:49:09-05"
103,"Casa de la Cultura de Panabá","1999-01-01","Ayuntamiento de Panabá",31,"Yucatán",57,"Panabá",1,"Panabá","Calle 25 entre 18 y 20","Centro","97610","986 604 00 94","","",-88.27111,21.29686,"http://sic.gob.mx/ficha.php?table=centro_cultural&table_id=103","2023-08-15 04:18:44-06"
105,"Casa de la Cultura de Progreso","1995-04-12","Ayuntamiento de Progreso",31,"Yucatán",59,"Progreso",1,"Progreso","Calle 25 por 80","Centro","97320","969 935 5972","","padaeu02@hotmail.com",-89.66403,21.28585,"http://sic.gob.mx/ficha.php?table=centro_cultural&table_id=105","2026-01-16 10:13:53-06"
1074,"Centro Cultural ISSSTE Progreso","1990-01-01","ISSSTE",31,"Yucatán",59,"Progreso",1,"Progreso","Calle 30 s/n entre 31 y 33<br>Centro","Centro","97320","969 935 00 95","","",-89.66302,21.28588,"http://sic.gob.mx/ficha.php?table=centro_cultural&table_id=1074","2021-09-14 10:51:03-05"
106,"Casa de la Cultura de Río Lagartos","1994-01-01","Ayuntamiento de Río Lagartos",31,"Yucatán",61,"Río Lagartos",1,"Río Lagartos","Calle 12 s/n por 13 y 17","Centro","97720","(986) 862 00 02 (recados)","","",-88.15804,21.59778,"http://sic.gob.mx/ficha.php?table=centro_cultural&table_id=106","2017-07-31 18:45:56-05"
118,"Casa de la Cultura de San Felipe","1000-01-01","Ayuntamiento de San Felipe",31,"Yucatán",65,"San Felipe",1,"San Felipe","Calle 9 s/n, frente al malecón","","","986 862 20 60","http://www.sanfelipeyucatan.com/","",-88.23362,21.56847,"http://sic.gob.mx/ficha.php?table=centro_cultural&table_id=118","2025-10-01 16:53:43-06"
122,"Casa de la Cultura de Sinanché","2010-07-01","Ayuntamiento de Sinanché",31,"Yucatán",68,"Sinanché",1,"Sinanché","Calle 21 s/n","Centro","97420","991 911 80 36","","admon.sinanche1821@gmail.com",-89.18569,21.22562,"http://sic.gob.mx/ficha.php?table=centro_cultural&table_id=122","2021-07-16 08:49:53-05"
3991,"Casa de la Cultura Maya Nachi Cocom","1998-10-12","Asociación Civil",31,"Yucatán",69,"Sotuta",1,"Sotuta","Calle 21a núm. 101, frente al Palacio Municipal","Centro","97690","55 4181 2037","","castillo.nachi.cocom@gmail.com",-89.00668,20.59742,"http://sic.gob.mx/ficha.php?table=centro_cultural&table_id=3991","2026-05-27 14:54:46-06"
130,"Casa de la Cultura de Sucilá","2000-01-01","Ayuntamiento de Sucilá",31,"Yucatán",70,"Sucilá",1,"Sucilá","Calle 23 s/n entre 20 y 22","Centro","97630","","","",-88.3138,21.15607,"http://sic.gob.mx/ficha.php?table=centro_cultural&table_id=130","2025-04-03 12:25:19-06"
3770,"Casa de la Cultura de Sudzal","1000-01-01","Ayuntamiento de Sudzal",31,"Yucatán",71,"Sudzal",1,"Sudzal","Calle 13 s/n por 8 y 10","Centro","97676","999 113 71 50","","presidenciasudzal.2124@gmail.com",-88.98861,20.8721,"http://sic.gob.mx/ficha.php?table=centro_cultural&table_id=3770","2024-05-15 10:16:22-06"
3764,"Centro Cultural Comunitario Kúuchil Kaanbal","2009-01-01","",31,"Yucatán",73,"Tahdziú",1,"Tahdziú","Calle 10a x 10 ","","97945","","","piciptahdziu@gmail.com",-88.94364,20.19788,"http://sic.gob.mx/ficha.php?table=centro_cultural&table_id=3764","2025-11-11 18:31:08-06"
4004,"lin ki Kalante Centro Cultural Independiente","2021-05-03","Privada",31,"Yucatán",76,"Tecoh",1,"Tecoh","Calle 29 núm. 134 x 32 y 36","Col. Tecoh","97820","999 171 0387","","iinkikalante@gmail.com",-89.48103,20.74298,"http://sic.gob.mx/ficha.php?table=centro_cultural&table_id=4004","2026-07-30 13:17:24-06"
3439,"Centro Cultural Kermit Garrido González","2025-05-29","Ayuntamiento de Tecoh/Dirección de Cultura",31,"Yucatán",76,"Tecoh",1,"Tecoh","Calle 30 núm. 96 x 25 y 27","Centro","97820","988 952 03 21","","ennamedina662@gmail.com",-89.47467,20.74408,"http://sic.gob.mx/ficha.php?table=centro_cultural&table_id=3439","2025-03-14 10:29:37-06"
1064,"Casa de la Cultura de Telchac Puerto","1990-02-03","Ayuntamiento de Telchac Puerto",31,"Yucatán",83,"Telchac Puerto",1,"Telchac Puerto","Calle 27 228","Centro","97407","9919150142","http://telchacpuerto.gob.mx/","info@telchacpuerto.gob.mx",-89.26589,21.33941,"http://sic.gob.mx/ficha.php?table=centro_cultural&table_id=1064","2023-07-20 05:36:55-06"
3380,"Casa de la Cultura María José Rodríguez Adrián","2022-08-02","Ayuntamiento de Teya",31,"Yucatán",88,"Teya",1,"Teya","Calle 25 núm. 106","Tekantó"," 97524 ","","","",-89.07361,21.04854,"http://sic.gob.mx/ficha.php?table=centro_cultural&table_id=3380","2022-08-25 13:36:03-05"
2193,"Casa de la Cultura de Ticul","1980-09-01","Ayuntamiento de Ticul",31,"Yucatán",89,"Ticul",1,"Ticul","Calle 21 entre 24 y 24-A","Centro","97860","997 972 0701 ext. 116","","",-89.53428,20.39874,"http://sic.gob.mx/ficha.php?table=centro_cultural&table_id=2193","2024-02-09 07:05:50-06"
243,"Casa de la Cultura de Tixpéual","2004-01-01","Ayuntamiento de Tixpéual",31,"Yucatán",95,"Tixpéhual",1,"Tixpéhual","Calle 19 x 20","Centro","97386","999 133 62 43","","sandratzab75@gmail.com",-89.44243,20.97837,"http://sic.gob.mx/ficha.php?table=centro_cultural&table_id=243","2023-11-01 04:52:42-06"
198,"Centro Cultural Juan Gamboa Guzmán","1998-06-19","Ayuntamiento de Umán/Dirección de Educación y Cultura",31,"Yucatán",101,"Umán",1,"Umán","Calle 27 s/n entre 12 y 14","Col. Santa Cruz","97390","999 249 29 49","","educacion@uman.gob.mx",-89.74252,20.87672,"http://sic.gob.mx/ficha.php?table=centro_cultural&table_id=198","2025-01-24 07:19:57-06"
135,"Casa de la Cultura de Valladolid","1995-01-01","Ayuntamiento de Valladolid",31,"Yucatán",102,"Valladolid",1,"Valladolid","Calle 40 núm. 200 entre 39 y 41","Centro","97780","985 856 18 66","https://www.cultura.gob.mx/regiones_de_mexico/sur/detalle_lugar.php?espacio=49997","",-88.20102,20.6899,"http://sic.gob.mx/ficha.php?table=centro_cultural&table_id=135","2026-03-25 11:37:34-06"
3388,"Centro Cultural Comunitario de Yaxunah","2010-10-16","Centro Cultural Comunitario de Yaxunah",31,"Yucatán",104,"Yaxcabá",1,"Yaxcabá","","Centro","97924","985 852 24 49","","nayeli-uicab-261@hotmail.com; yaxunahCCC@gmail.com",-88.82694,20.54913,"http://sic.gob.mx/ficha.php?table=centro_cultural&table_id=3388","2023-01-17 07:39:35-06"
1998,"Centro Cultural de Apulco","1998-01-01","Instituto Municipal de Cultura de Apulco",32,"Zacatecas",2,"Apulco",1,"Apulco","Plaza Independencia 1","Centro","99920","346 787 00 57","","",0,0,"http://sic.gob.mx/ficha.php?table=centro_cultural&table_id=1998","2021-04-13 09:08:24-05"
2054,"Centro Cultural de Atolinga Suchicancalt ","2001-11-15","Ayuntamiento de Atolinga",32,"Zacatecas",3,"Atolinga",1,"Atolinga","Pino Azul 48","Centro","99730","437 954 14 00","","presidenciadeatolinga@hotmail.com",-103.46585,21.81339,"http://sic.gob.mx/ficha.php?table=centro_cultural&table_id=2054","2026-07-23 13:31:22-06"
1994,"Casa de Cultura Profra. Berta Arellano Villegas","2007-10-01","Instituto Municipal de Cultura",32,"Zacatecas",4,"Benito Juárez",1,"Florencia","Hidalgo s/n","Centro","99780","467 952 75 24, 467 957 88 61","","gisela_gr12@hotmail.com",0,0,"http://sic.gob.mx/ficha.php?table=centro_cultural&table_id=1994","2021-04-29 09:35:06-05"
1996,"Centro Cultural Rincón de Rosales","2010-07-01","Ayuntamiento de Calera",32,"Zacatecas",5,"Calera",1,"Víctor Rosales","Álvaro Obregón 328","Centro","98500","478 985 12 56","https://calera.gob.mx/","",-102.70968,22.94828,"http://sic.gob.mx/ficha.php?table=centro_cultural&table_id=1996","2026-07-27 14:52:58-06"
2770,"Instituto de Cultura José Ma. de la Paz Zamarrón","1000-01-01","Ayuntamiento de Concepción del Oro",32,"Zacatecas",7,"Concepción del Oro",1,"Concepción del Oro","Víctoria y González Ortega","Centro","98200","842 424 05 54","","leo_229@outlook.com",-101.4171,24.61333,"http://sic.gob.mx/ficha.php?table=centro_cultural&table_id=2770","2026-07-27 19:16:49-06"
1135,"Centro Cultural Ágora José González Echeverría","1996-01-01","Instituto Municipal de Cultura del Ayuntamiento",32,"Zacatecas",10,"Fresnillo",1,"Fresnillo","Av. Hidalgo s/n","Centro","99000","493 932 11 88","","culturafresnillo@gmail.com",-102.87093,23.16442,"http://sic.gob.mx/ficha.php?table=centro_cultural&table_id=1135","2026-08-03 14:31:17-06"
2003,"Centro Cultural de Genaro Codina","1000-01-01","Instituto Municipal de Cultura del Ayuntamiento",32,"Zacatecas",12,"Genaro Codina",1,"Genaro Codina","Plaza de Castro s/n","Centro","98660","458 948 31 34","","genaro6245@hotmail.com",-102.45632,22.48778,"http://sic.gob.mx/ficha.php?table=centro_cultural&table_id=2003","2026-08-04 14:18:00-06"
1949,"Casa de Cultura Gral. Pánfilo Natera","2004-03-25","Ayuntamiento de General Pánfilo Natera",32,"Zacatecas",16,"General Pánfilo Natera",1,"General Pánfilo Natera","Carr. Apinos s/n","","","4589316041","","comunicacionsocial22@outlook.com",0,0,"http://sic.gob.mx/ficha.php?table=centro_cultural&table_id=1949","2026-08-04 18:39:20-06"
2001,"Dirección Municipal de Cultura en Guadalupe","1980-01-01","Dirección Municipal de Cultura del Ayuntamiento",32,"Zacatecas",17,"Guadalupe",1,"Guadalupe","Jardín Juárez 22","Centro","98600","492 2154 9051","","culturagpe52@gmail.com",-102.51849,22.74659,"http://sic.gob.mx/ficha.php?table=centro_cultural&table_id=2001","2026-08-10 13:11:49-06"
1180,"Centro Cultural de Huanusco","1995-04-25","Ayuntamiento de Huanusco",32,"Zacatecas",18,"Huanusco",1,"Huanusco","Plaza Principal 8 ","Centro","99670","463 957 06 08","https://www.huanuscozac.gob.mx/","presidenciahuanusco2427@gmail.com",-102.97382,21.77292,"http://sic.gob.mx/ficha.php?table=centro_cultural&table_id=1180","2026-08-10 14:45:02-06"
1184,"Casa de Cultural de Jalpa","1995-02-17","Ayuntamiento de Jalpa/Instituto Jalpense de Cultura y Turismo",32,"Zacatecas",19,"Jalpa",1,"Jalpa","Colón 1","Centro","99601","463 955 31 59","https://jalpa.gob.mx/index.php/h-ayuntamiento","juansolis114@hotmail.com; omentoculturajalpazac@gmail.com",-102.97555,21.63175,"http://sic.gob.mx/ficha.php?table=centro_cultural&table_id=1184","2025-11-18 14:04:51-06"
1210,"Instituto Jerezano de Cultura","1982-05-19","Ayuntamiento  de Jerez",32,"Zacatecas",20,"Jerez",1,"Jerez de García Salinas","Calle Aurora 1","Centro","99300","494 945 62 61","","instdeculturajerez@gmail.com",-102.99157,22.64885,"http://sic.gob.mx/ficha.php?table=centro_cultural&table_id=1210","2026-08-10 16:53:38-06"
1216,"Centro Cultural Sadoth Gaona de Juan Aldama","1993-11-13","Ayuntamiento de Juan Aldama",32,"Zacatecas",22,"Juan Aldama",1,"Juan Aldama","Abasolo 5, esq. 5 de febrero","Centro","98300","498 983 0150","","",-103.39454,24.29507,"http://sic.gob.mx/ficha.php?table=centro_cultural&table_id=1216","2026-08-11 13:11:58-06"
4005,"Centro Cultural Comunitario El Mezquite A.C.","1000-01-01","Centro Cultural Comunitario",32,"Zacatecas",22,"Juan Aldama",1,"Juan Aldama","Calz. Joaquín Amaro s/n","Nueva Aurora","98300","671 114 0280","","",-103.3819,24.29524,"http://sic.gob.mx/ficha.php?table=centro_cultural&table_id=4005","2026-08-11 12:53:55-06"
432,"Instituto Municipal de Educación y Cultura","1995-12-21","Ayuntamiento de Loreto",32,"Zacatecas",24,"Loreto",1,"Loreto","Adela Sandoval s/n","Centro","98830","496 178 7964","","",-101.97276,22.27208,"http://sic.gob.mx/ficha.php?table=centro_cultural&table_id=432","2026-08-11 14:23:32-06"
2005,"Centro Cultural Benjamín Sánchez Mota","1000-01-01","Instituto Municipal de Cultura",32,"Zacatecas",25,"Luis Moya",1,"Luis Moya","Morelos s/n","Centro","98772","458 987 00 55","","educacionyculturamlm@gmail.com",-102.2497,22.43251,"http://sic.gob.mx/ficha.php?table=centro_cultural&table_id=2005","2026-08-11 16:52:45-06"
1213,"Centro Cultural de Mazapil ","1995-03-27","Instituto Municipal de Cultura del Ayuntamiento ",32,"Zacatecas",26,"Mazapil",1,"Mazapil","Guerrero 42","Centro","98230","842 424 20 14","","mazapil2124@mazapil.gob.mx",0,0,"http://sic.gob.mx/ficha.php?table=centro_cultural&table_id=1213","2024-02-06 06:09:10-06"
1951,"Centro Cultural de Mezquital del Oro","2005-09-16","Instituto Municipal de Cultura del  Ayuntamiento",32,"Zacatecas",28,"Mezquital del Oro",1,"Mezquital del Oro","Niños Héroes 7","Centro","99860","467 952 8250","","",-103.36274,21.21664,"http://sic.gob.mx/ficha.php?table=centro_cultural&table_id=1951","2026-08-14 13:33:46-06"
1214,"Instituto Municipal de Cultura de Miguel Auza","1999-06-17","Ayuntamiento de Miguel Auza/Instituto Municipal de Cultura Miguel Perales Garay",32,"Zacatecas",29,"Miguel Auza",1,"Miguel Auza","Edmundo Sánchez 9","Centro","98330","433 984 01 39","https://miguelauzazac.net/","",-103.44966,24.29536,"http://sic.gob.mx/ficha.php?table=centro_cultural&table_id=1214","2026-08-14 14:33:55-06"
994,"Centro Cultural de Momax","2001-09-01","Instituto Municipal de Cultura del Ayuntamiento de Momax",32,"Zacatecas",30,"Momax",1,"Momax","Ignacio Allende 13","Centro","99720","437 991 00 21","","municipio_de_momx@hotmail.com",0,0,"http://sic.gob.mx/ficha.php?table=centro_cultural&table_id=994","2021-04-21 06:01:07-05"
1003,"Casa de Cultura Juan Reyes Antuna ","1999-11-13","Instituto Municipal de Cultura de Monte Escobedo",32,"Zacatecas",31,"Monte Escobedo",1,"Monte Escobedo","Parroquia 24","Centro","99400","457 948 0171","","h.ayuntamiento.mez@gmail.com",-103.56323,22.30271,"http://sic.gob.mx/ficha.php?table=centro_cultural&table_id=1003","2026-08-17 12:47:26-06"
1005,"Instituto Municipal de Cultura Manuel Puente Villela","2004-04-04","Ayuntamiento de Morelos",32,"Zacatecas",32,"Morelos",1,"Morelos","Av. Providencia s/n","Centro","98100","492 931 09 62","","",-102.61135,22.86066,"http://sic.gob.mx/ficha.php?table=centro_cultural&table_id=1005","2026-07-27 18:19:27-06"
1024,"Instituto Municipal de Cultural Tastuanes","1995-02-19","Instituto Municipal de Cultura del  Ayuntamiento ",32,"Zacatecas",33,"Moyahua de Estrada",1,"Moyahua de Estrada","Francisco I. Madero  212","Centro","99980","467 961 5402","https://moyahua.gob.mx/","",-103.16392,21.26668,"http://sic.gob.mx/ficha.php?table=centro_cultural&table_id=1024","2026-08-17 13:18:04-06"
1056,"Casa de Cultura de Nochistlán","1996-01-22","Instituto Municipal de Cultura del Ayuntamiento",32,"Zacatecas",34,"Nochistlán de Mejía",1,"Nochistlán de Mejía","Camino Mesa del Agua s/n","Centro","99900","346 713 18 66","https://nochistlan.gob.mx/otras-dependencias/casa-de-la-cultura/","institutodeculturanochistlan@hotmail.com; institutoculturalernestojuarez@gmail.com",-102.85051,21.37786,"http://sic.gob.mx/ficha.php?table=centro_cultural&table_id=1056","2026-08-17 13:59:18-06"
1208,"Centro Cultural Francisco Goitia Noria de Ángeles","2000-09-06","Ayuntamiento de Noria de Ángeles",32,"Zacatecas",35,"Noria de Ángeles",1,"Noria de Ángeles","Hidalgo s/n","Centro","98880","496 967 70 13, 492 289 1031","","centroculturalnoriadeangelesza@gmail.com; presidencianoria@hotmail.com",-102.57257,22.77557,"http://sic.gob.mx/ficha.php?table=centro_cultural&table_id=1208","2026-08-17 17:12:17-06"
1057,"Instituto de Arte y Cultura Profr. Juan Álvarez López","1999-04-26"," Ayuntamiento de Ojo Caliente",32,"Zacatecas",36,"Ojocaliente",1,"Ojocaliente","Biznaga 2","Fracc. El Mezquital","98714","458 944 02 89","https://ojocaliente.gob.mx/","culturaenojocaliente@hotmail.com",-102.24338,22.56271,"http://sic.gob.mx/ficha.php?table=centro_cultural&table_id=1057","2026-08-18 11:44:57-06"
1058,"Centro Cultural de Pánuco","1996-03-07","Instituto Municipal de Cultura del Ayuntamiento",32,"Zacatecas",37,"Pánuco",1,"Pánuco","Allende 1","Centro","98540","478 584 70 06","","",-102.54095,22.87558,"http://sic.gob.mx/ficha.php?table=centro_cultural&table_id=1058","2026-08-20 11:35:28-06"
1230,"Instituto Municipal de Cultura de Pinos Mtro. Ricardo Acosta Gómez","1994-11-20","",32,"Zacatecas",38,"Pinos",1,"Pinos","Ex Convento de San Francisco  s/n","Centro ","98920","496 864 5073; 496 864 0273","https://www.pinos.gob.mx/informacion-del-instituto-municipal-de-cultura/","institutodecultura@pinos.gob.mx; segob@pinos.gob.mx",-101.57429,22.29983,"http://sic.gob.mx/ficha.php?table=centro_cultural&table_id=1230","2026-08-18 13:30:04-06"
1063,"Casa de Cultura de Saín Alto","1993-07-15","Instituto Municipal de Cultura del Ayuntamiento",32,"Zacatecas",40,"Sain Alto",1,"Sain Alto","Constitución 6","Centro","99130","498 934 01 97","","",-103.24661,23.59178,"http://sic.gob.mx/ficha.php?table=centro_cultural&table_id=1063","2026-08-20 17:36:45-06"
3106,"Casa de Cultura Aurora Cordero Cuellar","2015-02-10","Presidencia Municipal de Sombrerete/DIF",32,"Zacatecas",42,"Sombrerete",1,"Sombrerete","Nuevo León s/n","Fracc. El Coronel","99100","433 935 0919","","direccionDifsombrerete@hotmail.com",-103.6461,23.63775,"http://sic.gob.mx/ficha.php?table=centro_cultural&table_id=3106","2026-01-28 08:39:01-06"
983,"Casa de Cultura de Sombrerete","2013-07-18","Ayuntamiento de Sombrerete",32,"Zacatecas",42,"Sombrerete",1,"Sombrerete","Luz Rivas de Bracho 140","Centro","99100","433 935 23 64","","culturasombre_1509@outlook.com",-103.64153,23.62914,"http://sic.gob.mx/ficha.php?table=centro_cultural&table_id=983","2026-08-24 11:26:19-06"
1078,"Casa de Cultura de Tabasco","1999-11-12","Ayuntamiento de Tabasco/Instituto Municipal de Cultura",32,"Zacatecas",44,"Tabasco",1,"Tabasco","Portal Morelos s/n","Centro","99630","463 101 96 17, 463 957 05 05","","",0,0,"http://sic.gob.mx/ficha.php?table=centro_cultural&table_id=1078","2026-08-25 13:10:08-06"
1121,"Instituto Municipal de Cultura Prof. J. Salomé de León Salcedo ","1994-02-18"," Ayuntamiento de Tepechitlán/Instituto Municipal de Cultura",32,"Zacatecas",45,"Tepechitlán",1,"Tepechitlán","Cuauhtémoc Nte. 12","Centro","99750","437 961 09 23","","",-103.32436,21.6736,"http://sic.gob.mx/ficha.php?table=centro_cultural&table_id=1121","2026-08-25 13:50:11-06"
1127,"Centro Cultural de Tepetongo Severino Salazar ","1999-03-10","Instituto Municipal de Cultura del Ayuntamiento",32,"Zacatecas",46,"Tepetongo",1,"Tepetongo","Iturbide 32","Centro","99570","494 941 81 54","","carlosrcarrillo@outlook.com; admimunitepetongo2427@gmail.com",-103.14786,22.46095,"http://sic.gob.mx/ficha.php?table=centro_cultural&table_id=1127","2026-08-26 12:38:13-06"
1154,"Centro Cultural San Juan Bautista de Teúl de González Ortega","1994-05-12","Ayuntamiento de Teul de González Ortega",32,"Zacatecas",47,"Teúl de González Ortega",1,"Teúl de González Ortega","Francisco I. Madero","Centro","99800","467 952 71 14 (presidencia municipal)","https://teul.gob.mx/","musi_32@hotmail.com; presidenciateulzac@hotmail.com",-103.46149,21.46473,"http://sic.gob.mx/ficha.php?table=centro_cultural&table_id=1154","2026-08-26 13:55:18-06"
1128,"Instituto Municipal de Cultura de Tlaltenango Francisco Quezada ","1994-04-11","Instituto Municipal de Cultura  del Ayuntamiento",32,"Zacatecas",48,"Tlaltenango de Sánchez Román",1,"Tlaltenango de Sánchez Román","Libertad  1","Centro","99700","437-954-4579, 437 954 0164, ","https://tlaltenangozac.gob.mx/","instituto2024tlaltenango@gmail.com",-103.30604,21.783,"http://sic.gob.mx/ficha.php?table=centro_cultural&table_id=1128","2026-08-28 11:31:51-06"
1235,"Casa de la Cultura Manuel Felguérez","1995-02-10","Ayuntamiento de Valparaíso/Instituto Municipal de Cultura ",32,"Zacatecas",49,"Valparaíso",1,"Valparaíso","Hidalgo 151","Centro","99250","457 936 0465","","casadelaculturamanuelfelguerez@gmail.com; paureyes396@gmail.com",-103.56698,22.76936,"http://sic.gob.mx/ficha.php?table=centro_cultural&table_id=1235","2026-08-31 13:45:14-06"
1239,"Casa de Cultura  de Vetagrande","1996-10-18","Instituto Municipal de Cultura del Ayuntamiento",32,"Zacatecas",50,"Vetagrande",1,"Vetagrande","Ameca s/n","Centro","98140","492 985 60 21","","ayuntamienntoventa2427_@gmail.com",-102.55563,22.833,"http://sic.gob.mx/ficha.php?table=centro_cultural&table_id=1239","2026-08-31 14:50:21-06"
3396,"Centro Cultural Vetagráfica","2008-11-02","Privado",32,"Zacatecas",50,"Vetagrande",1,"Vetagrande","Barrio San Juan 2B","","98140","492 583 50 51","","nidbeth8383@gmail.com.mx ",-102.55549,22.83277,"http://sic.gob.mx/ficha.php?table=centro_cultural&table_id=3396","2026-08-31 14:01:05-06"
1234,"Centro Cultural de Villa de Cos","2001-01-20","Instituto Municipal de Cultura del Ayuntamiento",32,"Zacatecas",51,"Villa de Cos",1,"Villa de Cos","Hidalgo 5","Centro","98472","4589312668","https://villadecos.gob.mx/","eduycult@hotmail.com",-102.34646,23.28349,"http://sic.gob.mx/ficha.php?table=centro_cultural&table_id=1234","2026-09-09 13:31:33-06"
1252,"Centro Cultural  de Villa Gacría Jesús Rodríguez Santos","1999-03-28","Instituto Municipal de Cultura Jesús Rodríguez Santos",32,"Zacatecas",52,"Villa García",1,"Villa García","Zaragoza  612","Centro","98900","496  962 13 40","","ayuntamiento_1316villagarcia@outlook.com",-101.95672,22.16533,"http://sic.gob.mx/ficha.php?table=centro_cultural&table_id=1252","2026-08-31 17:59:59-06"
1253,"Centro Cultural de Villa González Ortega J. Guadalupe Robles Guel","1995-12-09","Instituto Municipal de Cultura del Ayuntamiento ",32,"Zacatecas",53,"Villa González Ortega",1,"Villa González Ortega","Av. González Ortega  s/n","Centro","98840","496 965 4033","https://villagonzalezort.gob.mx/?fbclid=IwY2xjawUEADBwZG9mBWV4dG4DYWVtAjEwAGJyaWQRMW12Ujl4dm5wTW81cDlMbEJzcnRjBmFwcF9pZBAyMjIwMzkxNzg4MjAwODkyAAEeqYOQKKA_yOSDvoKxAGOGYBaqWedUt3HvGt-SZl1LgYtjTDUMr-71BrbH6Ks_aem_ZmFrZWR1bW15MTZieXRlcw","",-101.91544,22.51196,"http://sic.gob.mx/ficha.php?table=centro_cultural&table_id=1253","2026-09-02 10:32:12-06"
3084,"Instituto Municipal de Cultura Francisco Javier Beltrán Martínez","2006-11-15","",32,"Zacatecas",54,"Villa Hidalgo",1,"Villa Hidalgo","Hidlago S/N","Centro","98980","01496 9652964","","culturavhz@gmail.com",-101.71275,22.35728,"http://sic.gob.mx/ficha.php?table=centro_cultural&table_id=3084","2026-09-09 12:32:53-06"
1256,"Centro Cultural Profr. Francisco Javier Beltrán Martínez","2007-08-20","Instituto Municipal de Cultura de Villa Hidalgo",32,"Zacatecas",54,"Villa Hidalgo",1,"Villa Hidalgo","Hidalgo 18","Centro","98990","496 965 29 64","https://catalogocultural.finestraweb.com.mx/category/municipios/villa-hidalgo/","edgar3170@live.com",0,0,"http://sic.gob.mx/ficha.php?table=centro_cultural&table_id=1256","2026-09-09 12:19:58-06"
1238,"Centro Cultural  Villanovense de Cultura Antonio Aguilar Barraza","1999-08-26","Instituto Municipal de Cultura de Villanueva",32,"Zacatecas",55,"Villanueva",1,"Villanueva","Hidalgo 30-B","Centro","99500","499 926 00 11","","",-102.88373,22.35643,"http://sic.gob.mx/ficha.php?table=centro_cultural&table_id=1238","2026-09-21 18:41:51-06"
2060,"Centro Cultural Zacatecas","1991-09-01","",32,"Zacatecas",56,"Zacatecas",1,"Zacatecas","Av. Hidalgo 604","Centro","98000","492 923 95 05","http://www.zacatecas.gob.mx","",-102.57182,22.77688,"http://sic.gob.mx/ficha.php?table=centro_cultural&table_id=2060","2023-12-29 06:25:58-06"
2053,"Centro Cultural Ciudadela del Arte","2004-09-10","Instituto Zacatecano de Cultura",32,"Zacatecas",56,"Zacatecas",1,"Zacatecas","Dr. Ignacio Hierro 303","Cento","98000","492  925 57 50","","difusionciudadelarte@gmail.com",-102.57403,22.7749,"http://sic.gob.mx/ficha.php?table=centro_cultural&table_id=2053","2024-08-13 11:04:27-06"
90,"Casa Municipal de Cultura Roberto Cabral del Hoyo","2020-08-07","Ayuntamiento de Zacatecas/ Instituto Municipal de Cultura de Zacatecas",32,"Zacatecas",56,"Zacatecas",1,"Zacatecas","Jardín independencia 100","Centro","98000","492 924 88 18","","arteyculturazac@gmail.com, cmc.medios.zac@gmail.com",-102.57178,22.77613,"http://sic.gob.mx/ficha.php?table=centro_cultural&table_id=90","2026-07-24 12:41:55-06"
1150,"Centro Cultural Teulinchan","1982-01-17","Instituto de Seguridad y Servicios Sociales de los Trabajadores del Estado (ISSSTE)",32,"Zacatecas",56,"Zacatecas",1,"Zacatecas","Plazuela del Patrocinio 202","Centro","98000","492 922 45 68","","",-102.57019,22.77559,"http://sic.gob.mx/ficha.php?table=centro_cultural&table_id=1150","2025-06-18 16:20:37-06"
3930,"Casa de la Cultura Jurídica “Ministro Roque Estrada Reynoso","1998-03-26","Suprema Corte de Justicia de la Nación",32,"Zacatecas",56,"Zacatecas",1,"Zacatecas","Genaro Codina 613","Centro Histórico","98000","55 4113 1000 ext. 8517, 8513 y 8519","https://www.sitios.scjn.gob.mx/casascultura/casas-cultura-juridica/zacatecas-zacatecas","ccjzacatecas@scjn.gob.mx",-102.57263,22.77711,"http://sic.gob.mx/ficha.php?table=centro_cultural&table_id=3930","2026-09-23 12:45:41-06"
2059,"Centro Estatal de las Artes de Zacatecas","2004-09-10","Instituto Zacatecano de Cultura Ramón López Velarde",32,"Zacatecas",56,"Zacatecas",1,"Zacatecas","Lomas del Calvario 105","Centro Mexicapan","98020","492 925 48 24, 492 922 21 84","https://culturazac.gob.mx/talleres-ceartz/?fbclid=IwAR0VJC5z1y7iuCLo0g8XKFE2wTa5YWq0d8TYjAkUS6q0lh9cAk406UtKMbg","ceartzacatecas@gmail.com",-102.56959,22.78369,"http://sic.gob.mx/ficha.php?table=centro_cultural&table_id=2059","2024-01-31 05:26:10-06"
2004,"Instituto Municipal de Cultura Mtro. Vicente Jacobo Cuevas","2003-08-01","Instituto Municipal de Cultura del Ayuntamiento",32,"Zacatecas",57,"Trancoso",1,"Trancoso","Hidalgo s/n, ","Centro","98640","492 186 3389, 492 931 2009","https://www.facebook.com/gobiernotrancoso","cultura@trancosozac.gob.mx",-102.36492,22.73217,"http://sic.gob.mx/ficha.php?table=centro_cultural&table_id=2004","2026-08-28 14:18:58-06"
1948,"Instituto Municipal de Cultura  de Santa María de la Paz","2005-01-01","Ayuntamiento de Santa María de la Paz",32,"Zacatecas",58,"Santa María de la Paz",1,"Santa María de la Paz","Zacatecas 4","Centro","99809","467 957 6094","http://www.santamariadelapazzac.gob.mx/#","",-103.40652,21.51223,"http://sic.gob.mx/ficha.php?table=centro_cultural&table_id=1948","2026-08-21 13:48:19-06"
