institucion_cultural_mun_id,institucion_cultural_mun_nombre,fecha_fundacion,institucion_cultural_mun_adscripcion,estado_id,nom_ent,municipio_id,nom_mun,localidad_id,nom_loc,institucion_cultural_mun_calle_numero,institucion_cultural_mun_colonia,institucion_cultural_mun_cp,institucion_cultural_mun_telfono1,pagina_web,pagina_web2,email,gmaps_longitud,gmaps_latitud,link_sic,fecha_mod
671,"Dirección  Cultural de Olmeca","1000-01-01","Municipal",0,"Total nacional",0,"Total nacional",0,"Total nacional","Av. Hidalgo núm 52","Centro","94900","","www.omealca.gob.mx","facebook.com/Ayuntamiento-de-Omealca-2018-2021","educacionycultura@omealca.gob.mx",0,0,"http://sic.gob.mx/ficha.php?table=institucion_cultural_mun&table_id=671","2019-12-17 05:09:49-06"
664,"Dirección de Cultura de Martínez de la Torre","1000-01-01","Municipal",0,"Total nacional",0,"Total nacional",0,"Total nacional","Av. Pedro Bellis","Centro","93600","","www.martinezdelatorre.gob.mx","facebook.com/h.ayuntamientomtz2018","presidencia.mtz@gmail.com",-97.05432,20.06132,"http://sic.gob.mx/ficha.php?table=institucion_cultural_mun&table_id=664","2025-10-20 17:12:08-06"
78,"Instituto Municipal Aguascalentense para la Cultura","2004-01-01","Ayuntamiento de Aguascalientes",1,"Aguascalientes",1,"Aguascalientes",1,"Aguascalientes","Antonio Acevedo 131","Zona Centro","20000","","http://www.ags.gob.mx","","temoacosta@yahoo.com.mx",-102.29465,21.87978,"http://sic.gob.mx/ficha.php?table=institucion_cultural_mun&table_id=78","2025-08-12 10:10:31-06"
797,"Instituto de Cultura del Municipio de Calvillo","1000-01-01","",1,"Aguascalientes",3,"Calvillo",1,"Calvillo","Ignacio López Rayón s/n","Centro","20800","","","https://www.facebook.com/profile.php?id=100083072663871","institutodecultura@calvillo.gob.mx",-102.71871,21.84712,"http://sic.gob.mx/ficha.php?table=institucion_cultural_mun&table_id=797","2025-07-01 12:42:13-06"
483,"Dirección de Turismo y Cultura","1000-01-01","Ayuntamiento de Calvillo",1,"Aguascalientes",3,"Calvillo",1,"Calvillo","Zaragoza s/n esq. Rayón","Centro","20800","","","","",-102.71851,21.84588,"http://sic.gob.mx/ficha.php?table=institucion_cultural_mun&table_id=483","2025-10-28 18:02:59-06"
409,"Departamento de Fomento a la Cultura","2014-01-01","Ayuntamiento de Pabellón de Arteaga, Dirección de Desarrollo Social",1,"Aguascalientes",6,"Pabellón de Arteaga",1,"Pabellón de Arteaga","Venustiano Carranza 8","Centro","20670","","https://pabellon.gob.mx/directorioTelefonico.php","https://www.facebook.com/pabellon.gob/?locale=es_LA","",-102.27648,22.14913,"http://sic.gob.mx/ficha.php?table=institucion_cultural_mun&table_id=409","2026-01-22 13:36:37-06"
410,"Dirección de Cultura de San Francisco de los Romo","1000-01-01","Ayuntamiento de San Francisco de los Romo",1,"Aguascalientes",11,"San Francisco de los Romo",1,"San Francisco de los Romo","","","","","","","gerardo_macias18@hotmail.com",0,0,"http://sic.gob.mx/ficha.php?table=institucion_cultural_mun&table_id=410","2021-04-10 09:43:35-05"
422,"Representación del Instituto de Cultura de Baja California en Ensenada","1989-03-31","Gobierno del Estado",2,"Baja California",1,"Ensenada",1,"Ensenada","Blvc. Lázaro Cárdenas s/n esq. Riviera","Zona Centro","22800","","https://www.facebook.com/pages/ICBC-Ensenada-CEARTE/122473144526318?fref=photo","","icbcrensenada@hotmail.com; ensenadaicbc@baja.gob.mx",-116.6186,31.85715,"http://sic.gob.mx/ficha.php?table=institucion_cultural_mun&table_id=422","2021-04-10 09:48:19-05"
258,"Instituto Municipal de Cultura y Desarrollo Humano de Ensenada (IMCUDHE)","2007-01-01","Ayuntamiento de Ensenada",2,"Baja California",1,"Ensenada",1,"Ensenada","Carr. Transpeninsular 6500 A","Col. Ex Ejido Chapultepec","22785","","http://www.ensenada.gob.mx/","https://www.facebook.com/imcudhe/timeline","presidencia@ensenada.gob.mx; ameillon@ensenada.gob.mx",-116.5956,31.80814,"http://sic.gob.mx/ficha.php?table=institucion_cultural_mun&table_id=258","2024-09-19 10:23:32-06"
83,"Representación del Instituto de Cultura de Baja California<br>Municipio de Ensenada","1989-04-01","Gobierno del Estado de Baja California",2,"Baja California",1,"Ensenada",1,"Ensenada","Blvd. Lázaro Cárdenas esq. Av. Riviera s/n","Zona Centro","22800","","http://www.icbc.gob.mx","","icbcrensenada@hotmail.com<br> ensenadaicbc@baja.gob.mx",-116.61692,31.85907,"http://sic.gob.mx/ficha.php?table=institucion_cultural_mun&table_id=83","2024-02-26 06:50:55-06"
82,"Instituto Municipal de Arte y Cultura de Mexicali (IMACUM)","2004-12-10","Ayuntamiento de Mexicali",2,"Baja California",2,"Mexicali",1,"Mexicali","Calle L s/n entre Reforma y Pino Suárez","Col. Nueva","21100","","http://www.mexicali.gob.mx/imacum/?fbclid=IwAR0Q3Z40sTPBGu1oivq5RXYbM2HdTSsiwLLh0BIFD1umhAlnTI6p3JdP3iE","","jlfigueroa@mexicali.gob.mx; imacum@mexicali.gob.mx",-115.45606,32.66472,"http://sic.gob.mx/ficha.php?table=institucion_cultural_mun&table_id=82","2025-01-07 12:48:49-06"
94,"Representación del Instituto de Cultura de Baja California, Municipio de Tecate","1989-04-01","Gobierno del Estado de Baja California",2,"Baja California",3,"Tecate",1,"Tecate","Ortiz rubio s/n","Zona Centro","21400",""," https://www.bajacalifornia.gob.mx/Cultura/Conocenos/NuestrosEspacios","","icbcdlegtkt@hotmail.com",-116.62781,32.57371,"http://sic.gob.mx/ficha.php?table=institucion_cultural_mun&table_id=94","2023-09-22 06:17:55-06"
205,"Dirección de Desarrollo Social del Centro Cultural Tecate","1998-10-04","Ayuntamiento de Tecate",2,"Baja California",3,"Tecate",1,"Tecate","Tláloc  400 ","Col. Cuauhtémoc","21470","","http://www.tecate.gob.mx","","zulema.adams@tecte.gob.mx; presidencia@tecate.gob.mx  ",-116.61884,32.57032,"http://sic.gob.mx/ficha.php?table=institucion_cultural_mun&table_id=205","2020-06-09 09:55:03-05"
81,"Instituto Municipal de Arte y Cultura de Tijuana (IMAC)","1998-01-23","Ayuntamiento de Tijuana",2,"Baja California",4,"Tijuana",1,"Tijuana","Calle 2da. s/n esq. Constitución","Centro","22000","","https://imac.tijuana.gob.mx/","https://www.facebook.com/carteleraculturalIMAC","imac@tijuana.gob.mx",-117.03878,32.53499,"http://sic.gob.mx/ficha.php?table=institucion_cultural_mun&table_id=81","2024-10-31 12:06:17-06"
95,"Secretaría de Cultura de Baja California Delegación San Quintín","1000-01-01","Gobierno del Estado de Baja California",2,"Baja California",6,"San Quintín",1,"San Quintín","Calle A s/n, entre 9na, y 10ma.","Fracc. Cd. de San Quintín","22940","","https://www.bajacalifornia.gob.mx/cultura/?fbclid=IwAR1_5hlWV6YUFD4lPca4njLuvzOoKkvt2YjVpK9YkvbtwYMLxRljW2g_wI0","https://www.facebook.com/CulturaSanQuintin/","culturasanquintin@gmail.com",-115.93943,30.55631,"http://sic.gob.mx/ficha.php?table=institucion_cultural_mun&table_id=95","2024-05-22 13:21:39-06"
288,"Dirección de Arte y Cultura del Municipio de Comondú","1984-11-12","Ayuntamiento de Comondú",3,"Baja California Sur",1,"Comondú",1,"Ciudad Constitución","Blvd. Agustín Olachea Avilés s/n entre Álvaro Obregón y Nicolás Bravo","Centro","23600","","","","arteyculturacomondu@outlook.es",-111.67394,25.03319,"http://sic.gob.mx/ficha.php?table=institucion_cultural_mun&table_id=288","2024-02-27 03:14:08-06"
276,"Dirección General de Bienestar Social de Mulegé","1000-01-01","Ayuntamiento de Mulegé",3,"Baja California Sur",2,"Mulegé",1,"Santa Rosalía","Playa s/n","Centro","23900","","","","profemariogastelum@hotmail.com; alba-aurora2011@hotmail.com",0,0,"http://sic.gob.mx/ficha.php?table=institucion_cultural_mun&table_id=276","2021-03-24 07:46:16-06"
107,"Instituto Municipal de Cultura de La Paz","2013-08-10","Ayuntamiento de La Paz",3,"Baja California Sur",3,"La Paz",1,"La Paz"," 5 de Mayo entre LIc. Verdad y Marcelo Rubio","Centro","23000","","https://www.facebook.com/DireccionMunicipalDeCulturaDeLaPaz/?locale=es_LA","","difusionimc@gmail.com; difusionculturallapaz@gmail.com",-110.31537,24.13008,"http://sic.gob.mx/ficha.php?table=institucion_cultural_mun&table_id=107","2026-02-10 18:11:15-06"
100,"Instituto de la Cultura y las Artes del Municipio de Los Cabos","2016-02-20","Ayuntamiento de Los Cabos",3,"Baja California Sur",8,"Los Cabos",1,"San José del Cabo","Álvaro Obregón s/n entre Av. Centenario y Miguel Hidalgo","Centro","23400","","https://www.facebook.com/institutomunicipaldeculturaylasartesdeloscabos/?locale=es_LA","https://culturaloscabos.gob.mx/?fbclid=IwY2xjawH8pO1leHRuA2FlbQIxMAABHTlC3RFhsxWzsE1l8QDfcOLh8FaQzLFqslxHnbrW7KNF4dvIVhrbPZbLag_aem_muywi8p-YDeQjTrtCF33mg","icadirecciongral@outlook.com",-109.69726,23.06171,"http://sic.gob.mx/ficha.php?table=institucion_cultural_mun&table_id=100","2025-01-21 10:06:22-06"
106,"Dirección de Acción Social, Cívica y Cultural de Loreto","1000-01-01","Ayuntamiento de Loreto",3,"Baja California Sur",9,"Loreto",1,"Loreto","Int. Universidad Autónoma Baja California Sur<br>Paseo Tamaral s/n","Centro","23880","","http://www.bcs.gob.mx","","accioncivicaycultural@hotmail.com; culturaloreto@hotmail.com_",0,0,"http://sic.gob.mx/ficha.php?table=institucion_cultural_mun&table_id=106","2021-04-12 06:22:24-05"
198,"Dirección de Educación, Cultura y Deporte de Calkiní","1992-01-01","Ayuntamiento de Calkiní",4,"Campeche",1,"Calkiní",1,"Calkiní","Calle 20 núm. 93  x 15","Centro","24900","","http://educacionculturaydeporte.calkini.gob.mx","","educacion@calkini.gob.mx",-90.05019,20.37257,"http://sic.gob.mx/ficha.php?table=institucion_cultural_mun&table_id=198","2025-06-19 15:40:27-06"
282,"Dirección de Cultura de Campeche","2006-01-01","Ayuntamiento de Campeche",4,"Campeche",2,"Campeche",1,"San Francisco de Campeche","Calle 108 s/n entre J. Medina Maldonado y Ricardo Avila Briseño","Col. Ampl. Bellavista","24020","","http://www.municipiocampeche.gob.mx/","https://www.facebook.com/p/Direcci%C3%B3n-de-Cultura-100075907067399","culturamuncampeche@gmail.com; presidencia@municipiocampeche.gob.mx",-90.50753,19.85816,"http://sic.gob.mx/ficha.php?table=institucion_cultural_mun&table_id=282","2026-06-23 08:49:37-06"
199,"Dirección de Cultura de Ciudad de Carmen","2003-10-12","Ayuntamiento del Carmen",4,"Campeche",3,"Carmen",1,"Ciudad del Carmen","Calle 22 s/n","Centro","24100","","http://www.carmen.gob.mx","http://www.carmen.gob.mx","culturacarmen@serivicoscarmen.gob.mx",-91.83647,18.63808,"http://sic.gob.mx/ficha.php?table=institucion_cultural_mun&table_id=199","2026-07-28 14:36:43-06"
780,"Dirección de Educación Cultura y Deporte","1000-01-01","Ayuntamiento de Champotón",4,"Campeche",4,"Champotón",1,"Champotón","Calle 25 ","Centro","24400","","https://www.champoton.gob.mx/","https://www.facebook.com/H.AyuntamientoDeChampoton/","presidencia@champoton.com.mx",-90.72383,19.35656,"http://sic.gob.mx/ficha.php?table=institucion_cultural_mun&table_id=780","2024-04-29 16:15:07-06"
200,"Dirección de Cultura de Hecelchakán","1000-01-01","Ayuntamiento de Hecelchakán",4,"Campeche",5,"Hecelchakán",1,"Hecelchakán","Ex Convento Franciscano s/n","Centro","24800","","","","brai_1000@hotmail.com",0,0,"http://sic.gob.mx/ficha.php?table=institucion_cultural_mun&table_id=200","2021-03-22 09:25:28-06"
201,"Dirección de Educación, Cultura y Deporte de Hopelchén","1000-01-01","Ayuntamiento de Hopelchén",4,"Campeche",6,"Hopelchén",1,"Hopelchén","Calle 23 entre 22 y 24","Centro","24600","","","","jorge_gapt@hotmail.com ",0,0,"http://sic.gob.mx/ficha.php?table=institucion_cultural_mun&table_id=201","2018-05-31 13:22:36-05"
204,"Dirección de Cultura de Palizada","1991-05-22","Ayuntamiento de Palizada",4,"Campeche",7,"Palizada",1,"Palizada","Degollado s/n","Centro","24200","","","","juanjesus_jimenezlara@yahoo.com.mx",-92.09337,18.25421,"http://sic.gob.mx/ficha.php?table=institucion_cultural_mun&table_id=204","2023-09-26 04:56:35-06"
202,"Direccion de Educación, Cultura y Deporte de Tenabo","1989-10-01","Ayuntamiento de Tenabo",4,"Campeche",8,"Tenabo",1,"Tenabo","Calle 10 s/n","Centro","24700","","","","penrril_79@hotmail.com",0,0,"http://sic.gob.mx/ficha.php?table=institucion_cultural_mun&table_id=202","2021-04-10 10:37:42-05"
197,"Dirección de Educación, Cultura, Deporte y Turismo de Escárcega","1999-10-01","Ayuntamiento de Escárcega",4,"Campeche",9,"Escárcega",1,"Escárcega","Av. Solidaridad s/n entre 67 y 69","Col. Unidad Esfuerzo y Trabajo núm. 1","24350","","http://www.escarcega.gob.mx/ ","","caty-444@hotmail.com",-90.754,18.60755,"http://sic.gob.mx/ficha.php?table=institucion_cultural_mun&table_id=197","2025-12-02 19:46:47-06"
345,"Dirección de Cultura de Allende","1000-01-01","Ayuntamiento de Allende",5,"Coahuila de Zaragoza",3,"Allende",1,"Allende","Guerrero 601 Norte","Centro","","","https://allendecoahuila.gob.mx/contacto/","https://www.facebook.com/allendecoah2022.2024/","presidencia@allendecoahuila.gob.mx",-100.85464,28.34746,"http://sic.gob.mx/ficha.php?table=institucion_cultural_mun&table_id=345","2024-01-03 06:48:11-06"
432,"Regiduría de Educación, Cultura, Juventud y Turismo de Cuatro Ciénegas","1964-01-01","Ayuntamiento de Cuatrociénegas",5,"Coahuila de Zaragoza",7,"Cuatro Ciénegas",1,"Cuatro Ciénegas de Carranza","Presidente Carranza s/n esq. Juárez","Zona Centro","27640","","","","raao14@hotmail.com; 4cienegas.gobiernomunicipal@gmail.com",-102.06702,26.98665,"http://sic.gob.mx/ficha.php?table=institucion_cultural_mun&table_id=432","2024-01-10 04:41:14-06"
469,"Dirección de Cultura de Francisco I. Madero","1000-01-01","Ayuntamiento de Francisco I. Madero",5,"Coahuila de Zaragoza",9,"Francisco I. Madero",1,"Francisco I. Madero (Chávez)","Av. Vicente Guerrero s/n","Col. Benito Juárez","27906","","https://www.facebook.com/p/Direcci%C3%B3n-Municipal-de-Cultura-y-Turismo-Francisco-I-Madero-Coahuila-100087286119269/","","lebm6687@live.com.mx",-103.27081,25.76699,"http://sic.gob.mx/ficha.php?table=institucion_cultural_mun&table_id=469","2026-09-01 13:53:41-06"
775,"Dirección de Cultura de Guerrero","1000-01-01","Ayuntamiento de Guerrero",5,"Coahuila de Zaragoza",12,"Guerrero",1,"Guerrero","Lic. Raúl López Sánchez s/n","Centro","26640","","","","bettytrejo-05@hotmail.com",-100.3787,28.3084,"http://sic.gob.mx/ficha.php?table=institucion_cultural_mun&table_id=775","2025-08-13 19:45:22-06"
261,"Dirección de Cultura de Juárez","1000-01-01","Ayuntamiento de Juárez",5,"Coahuila de Zaragoza",15,"Juárez",1,"Juárez","Benito Juárez s/n","Centro","25400","","","","carlalopezbernal@gmail.com",-100.72754,27.60634,"http://sic.gob.mx/ficha.php?table=institucion_cultural_mun&table_id=261","2024-04-03 12:18:15-06"
262,"Dirección de Cultura de Matamoros","1000-01-01","Ayuntamiento de Matamoros",5,"Coahuila de Zaragoza",17,"Matamoros",1,"Matamoros","","","","","","","direccion.cultura.matamoros@gmail.comM cultura.matamoros.coahuila@gmail.com; silveti7@gmail.com",-97.50475,25.8799,"http://sic.gob.mx/ficha.php?table=institucion_cultural_mun&table_id=262","2025-10-06 18:20:40-06"
405,"Dirección de Arte y Cultura de Monclova","2001-12-01","Ayuntamiento de Monclava",5,"Coahuila de Zaragoza",18,"Monclova",1,"Monclova","Ermita s/n","Col. El Pueblo","25700","","https://sitio.monclova.gob.mx/Servicios/arte_y_cultura.php","https://www.facebook.com/arteyculturademonclova/","coahuilaytexas.admon@gmail.com",-101.41547,26.90728,"http://sic.gob.mx/ficha.php?table=institucion_cultural_mun&table_id=405","2025-01-09 13:36:59-06"
346,"Dirección de Cultura de Múzquiz Capital Don Miguel de La Garza Falcón","1973-10-16","Ayuntamiento de Múzquiz",5,"Coahuila de Zaragoza",20,"Múzquiz",1,"Ciudad Melchor Múzquiz","Adolfo E. Romo Pte. 2018","Col. La Cascada","26340","","","https://www.facebook.com/p/Gobierno-Municipal-de-M%C3%BAzquiz-61568004166552/","municipiodemuzquiz@gmail.com",-101.5286,27.86313,"http://sic.gob.mx/ficha.php?table=institucion_cultural_mun&table_id=346","2026-07-24 12:24:38-06"
845,"Dirección de Cultura de Parras","1000-01-01","Ayuntamiento de Parras",5,"Coahuila de Zaragoza",24,"Parras",1,"Parras de la Fuente","Ramos Arizpe s/n esq. Gral. Traviño","Centro","27500","","https://parras.gob.mx/","https://www.facebook.com/profile.php?id=100067535846668","marco_vegab@hotmail.com",-102.184,25.4383,"http://sic.gob.mx/ficha.php?table=institucion_cultural_mun&table_id=845","2026-03-11 13:11:06-06"
761,"Dirección de Cultura de Ramos Arizpe","1000-01-01","Ayuntamiento de Ramos Arizpe",5,"Coahuila de Zaragoza",27,"Ramos Arizpe",1,"Ramos Arizpe","Valle de las labores s/n esq. José María Morelos","Col. Nuevo Ramos","25900","","https://gobiernoramosarizpe.gob.mx/","https://www.facebook.com/GobiernoDeRamosArizpe","aaron-lopez@hotmail.es; pamemfv30@outlook.es",-100.94604,25.55474,"http://sic.gob.mx/ficha.php?table=institucion_cultural_mun&table_id=761","2026-09-21 14:45:25-06"
298,"Dirección de Cultura de Sabinas","1000-01-01","Ayuntamiento de Sabinas",5,"Coahuila de Zaragoza",28,"Sabinas",1,"Sabinas","","","","","","","laura_letcia@hotmail.com",0,0,"http://sic.gob.mx/ficha.php?table=institucion_cultural_mun&table_id=298","2021-04-10 08:48:22-05"
66,"Instituto Municipal de Cultura de Saltillo","2000-05-02","Ayuntamiento de Saltillo",5,"Coahuila de Zaragoza",30,"Saltillo",1,"Saltillo","Miguel Hidalgo Nte. 231","Centro","25000","","https://saltillo.gob.mx/","https://www.facebook.com/culturasaltillo","direccion18.imcs@gmail.com",-100.99975,25.42291,"http://sic.gob.mx/ficha.php?table=institucion_cultural_mun&table_id=66","2026-05-19 13:53:20-06"
122,"Instituto Municipal de Cultura y Educación de Torreón","1986-01-01","Ayuntamiento de Torreón",5,"Coahuila de Zaragoza",35,"Torreón",1,"Torreón","Av. Juárez 27 Ote.","Centro","27000","","https://www.facebook.com/IMCETorreon/","","propuestasculturaimce@gmail.com",-103.44896,25.54049,"http://sic.gob.mx/ficha.php?table=institucion_cultural_mun&table_id=122","2025-10-28 10:26:05-06"
749,"Coordinación de Cultura de Armería","1000-01-01","Ayuntamiento de Armería/Dirección de Educación Cívica, Cultura y Deporte",6,"Colima",1,"Armería",1,"Ciudad de Armería","Cristóbal Colón s/n","Col. La Limonera","28307","","http://culturacolima.gob.mx/","","culturaarmeria@gmail.com",-103.965,18.93707,"http://sic.gob.mx/ficha.php?table=institucion_cultural_mun&table_id=749","2023-05-09 04:25:12-06"
447,"Dirección de Cultura, Educación y Deporte de Colima","1000-01-01","Ayuntamiento de Colima",6,"Colima",2,"Colima",1,"Colima","Av. Nicolás Bravo Rueda s/n","Centro","28000","","","","culturacolima2012@hotmail.com; yolaorozco2001@yahoo.com.mx",-103.72936,19.24113,"http://sic.gob.mx/ficha.php?table=institucion_cultural_mun&table_id=447","2026-01-12 16:36:37-06"
454,"Dirección de Educación, Cultura y Deporte de Comala","1988-06-08","Ayuntamiento de Comala",6,"Colima",3,"Comala",1,"Comala","Hidalgo s/n esq. Reforma ","Centro","28450","","comalaculturaofficial@gmail.com","","comalaculturaofficial@gmail.com",-103.75542,19.32588,"http://sic.gob.mx/ficha.php?table=institucion_cultural_mun&table_id=454","2024-11-21 12:45:17-06"
789,"Dirección de Cultura de Coquimatlán","1000-01-01","Ayuntamiento de Coquimatlán",6,"Colima",4,"Coquimatlán",1,"Coquimatlán","Venustiano Carranza esq. Constituyentes","Centro","28400","","https://coquimatlan.gob.mx/","","jg346301@gmail.com",-103.81247,19.20143,"http://sic.gob.mx/ficha.php?table=institucion_cultural_mun&table_id=789","2025-06-18 12:28:32-06"
442,"Dirección de Educación y Cultura de Cuauhtémoc","1000-01-01","Ayuntamiento de Cuauhtémoc",6,"Colima",5,"Cuauhtémoc",1,"Cuauhtémoc","Libertad 9","Centro","28500","","https://www.cuauhtemoc-col.gob.mx/portal/","https://www.facebook.com/GobiernoMunicipalCuauhtemoc","secretariacuauhtemoc@cuauhtemoc-col.gob.mx; culturaydeporte@cuauhtemoc-col.gob.mx",-103.60113,19.32874,"http://sic.gob.mx/ficha.php?table=institucion_cultural_mun&table_id=442","2026-08-27 11:09:19-06"
281,"Dirección de Educación y Cultura de Ixtlahuacán","1000-01-01","Ayuntamiento de Ixtlahuacán",6,"Colima",6,"Ixtlahuacán",1,"Ixtlahuacán","México 1","Centro","28700","","","","culturaixtlahuacan2015@gmail.com",0,0,"http://sic.gob.mx/ficha.php?table=institucion_cultural_mun&table_id=281","2021-05-05 07:51:20-05"
280,"Dirección de Cultura de Tecomán","1000-01-01","Ayuntamiento de Tecomán",6,"Colima",9,"Tecomán",1,"Tecomán","","","","","","","educaciónycultura@tecoman.gob.mx",-103.87348,18.91056,"http://sic.gob.mx/ficha.php?table=institucion_cultural_mun&table_id=280","2025-10-31 18:18:41-06"
233,"Dirección de Cultura de Acapetahua","2001-12-06","Ayuntamiento de Acapetahua",7,"Chiapas",3,"Acapetahua",1,"Acapetahua","Av. Central Nte. 2","Centro","30580","","http.//www.chiapas.gob.mx","","presidencia21-24@acapetahua.gob.mx",0,0,"http://sic.gob.mx/ficha.php?table=institucion_cultural_mun&table_id=233","2024-01-10 04:54:40-06"
277,"Dirección de Educación y Cultura de Arriaga","2011-01-03","Ayuntamiento de Arriaga",7,"Chiapas",9,"Arriaga",1,"Arriaga","Central Nte. s/n","Centro","30450","","http://www.arriaga.gob.mx ","","secretariaparticular@educacionchiapas.gob.mx ",-93.89946,16.23614,"http://sic.gob.mx/ficha.php?table=institucion_cultural_mun&table_id=277","2024-05-20 12:01:03-06"
283,"Dirección de Educación, Cultura y Recreación de Berriozábal","2011-02-01","Ayuntamiento de Berriozábal",7,"Chiapas",12,"Berriozábal",1,"Berriozábal","Central s/n esq, 1ra. Ote.","Centro","29130","","","","secretariamunicipal_2124@berriozabal.gob.mx",-93.27236,16.79935,"http://sic.gob.mx/ficha.php?table=institucion_cultural_mun&table_id=283","2024-04-22 11:54:00-06"
284,"Dirección de Cultura de Cacahoatán","1000-01-01","Ayuntamiento de Cacahoatán",7,"Chiapas",15,"Cacahoatán",1,"Cacahoatán","","","","","","","conejo899@hotmail.com, folklor9@hotmail.com",0,0,"http://sic.gob.mx/ficha.php?table=institucion_cultural_mun&table_id=284","2021-03-22 08:42:36-06"
224,"Dirección de Cultura de Coapilla","1000-01-01","Ayuntamiento de Coapilla",7,"Chiapas",18,"Coapilla",1,"Coapilla","Av. Central Pte. s/n","Centro","29650","","","","presidenciacoapilla2011@gmail.com",-93.16131,17.13064,"http://sic.gob.mx/ficha.php?table=institucion_cultural_mun&table_id=224","2025-11-05 18:52:02-06"
305,"Dirección de Cultura de Chapultenango","2008-01-01","Ayuntamiento de Chapultenango",7,"Chiapas",25,"Chapultenango",1,"Chapultenango","Domicilio conocido s/n","Barrio Aeropista","29690","","","","chapultenango2011-2012@hotmail.com",0,0,"http://sic.gob.mx/ficha.php?table=institucion_cultural_mun&table_id=305","2023-12-21 05:58:37-06"
207,"Dirección de Recreación, Cultura, Deporte y Educación de Villa Corzo","2005-01-01","Ayuntamiento de Villa Corzo",7,"Chiapas",27,"Chiapa de Corzo",1,"Chiapa de Corzo","Calle Mexicanidad s7N","Centro","29160","","",""," presidencia@chiapadecorzo.gob.mx",-93.01568,16.70788,"http://sic.gob.mx/ficha.php?table=institucion_cultural_mun&table_id=207","2023-10-23 05:59:11-06"
285,"Dirección de Cultura de Chiapa de Corzo","1000-01-01","Ayuntamiento de Chiapa de Corzo",7,"Chiapas",27,"Chiapa de Corzo",1,"Chiapa de Corzo","Plaza Ángel Albino Corzo s/n","Centro","29160","","https://chiapas.gob.mx/funcionarios/estatal/municipios/chiapa-de-corzo","https://www.facebook.com/ayuntamientochiapadecorzooficial/?locale=es_LA","camaleonacho@hotmail.com",0,0,"http://sic.gob.mx/ficha.php?table=institucion_cultural_mun&table_id=285","2023-12-15 09:26:42-06"
226,"Dirección de Cultura y Deporte de Frontera Hidalgo","1985-04-02","Ayuntamiento de Frontera Hidalgo",7,"Chiapas",35,"Frontera Hidalgo",1,"Frontera Hidalgo","Av. Central s/n","Centro","30850","","","","presidencia@fronterahidalgo",0,0,"http://sic.gob.mx/ficha.php?table=institucion_cultural_mun&table_id=226","2021-10-11 08:21:34-05"
254,"Dirección de Cultura de Huehuetán","1995-07-15","Ayuntamiento de Huehuetán",7,"Chiapas",37,"Huehuetán",1,"Huehuetán","Int. Biblioteca Municipal Profra. Lilia Márquez López, Entronque Carr. Costera s/n","Barrio San Pedro","30660","","","","secretaria.tecnica.huehuetan@gmail.com",0,0,"http://sic.gob.mx/ficha.php?table=institucion_cultural_mun&table_id=254","2021-04-09 09:14:40-05"
231,"Dirección de Cultura de Ixtapa","1000-01-01","Ayuntamiento de Ixtapa",7,"Chiapas",44,"Ixtapa",1,"Ixtapa","Av. Central s/n","Barrio Centro","29340","","http://www.chiapas.gob.mx/funcionarios/estatal/ejecutivo/ixtapa","","alfredocongresogutierrez@live.com.mx                                                                                                                                                                                                                                                                                                     tonynafate@hotmail.com",-92.90486,16.80268,"http://sic.gob.mx/ficha.php?table=institucion_cultural_mun&table_id=231","2026-05-13 12:07:25-06"
301,"Dirección de Cultura y Deporte de Jiquipilas","1000-01-01","Ayuntamiento de Jiquipilas",7,"Chiapas",46,"Jiquipilas",1,"Jiquipilas","","","","","","","",0,0,"http://sic.gob.mx/ficha.php?table=institucion_cultural_mun&table_id=301","2024-07-23 14:10:07-06"
279,"Dirección de Cultura de Jitotol","1000-01-01","Ayuntamiento de Jitotol",7,"Chiapas",47,"Jitotol",1,"Jitotol","Av. Central, esq. Calle Central s/n","Centro","29760","","https://chiapasjitotol.gob.mx/index.html","https://www.facebook.com/p/Ayuntamiento-Jitotol-100075745635513/","ayuntamientojitotol.2124@gmail.com",-92.86243,17.06798,"http://sic.gob.mx/ficha.php?table=institucion_cultural_mun&table_id=279","2024-01-19 05:02:50-06"
234,"Dirección de Cultura de Mapastepec","1000-01-01","Ayuntamiento de Mapastepec",7,"Chiapas",51,"Mapastepec",1,"Mapastepec","","","","","","","epiaud49@hotmail.com",0,0,"http://sic.gob.mx/ficha.php?table=institucion_cultural_mun&table_id=234","2021-04-09 09:06:39-05"
235,"Dirección de Promoción Cultural de Nicolás Ruiz","1991-04-21","Ayuntamiento de Nicolás Ruiz",7,"Chiapas",58,"Nicolás Ruíz",1,"Nicolás Ruíz","Palacio Municipal s/n","Centro","30340","","","","mijares18841@hotmail.com",0,0,"http://sic.gob.mx/ficha.php?table=institucion_cultural_mun&table_id=235","2023-08-16 05:05:28-06"
209,"Dirección de Cultura del Ayuntamiento de Ocosingo","1000-01-01","Ayuntamiento de Ocosingo",7,"Chiapas",59,"Ocosingo",1,"Ocosingo","Av. Primera Sur Pte. 11","Centro","29950","","http://www.ocosingo.gob.mx","https://www.facebook.com/ComunicacionSocialOcosingo/","comunicacionsocial@ocosingo.gob.mx",-92.09561,16.90799,"http://sic.gob.mx/ficha.php?table=institucion_cultural_mun&table_id=209","2024-01-18 06:03:12-06"
278,"Dirección de Cultura de Ocotepec","2011-01-01","Ayuntamiento de Ocotepec",7,"Chiapas",60,"Ocotepec",1,"Ocotepec","Av. Madero s/n ","Barrio San Juan","29680","","http://www.chiapas.gob.mx/funcionarios/estatal/ejecutivo/ocotepec","","tolio1109@hotmail.com; edgar-21memo@hotmail.com",0,0,"http://sic.gob.mx/ficha.php?table=institucion_cultural_mun&table_id=278","2021-04-10 08:53:39-05"
220,"Dirección de Cultura de Ocozocoautla","1988-11-22","Ayuntamiento de Ocozocoautla de Espinosa",7,"Chiapas",61,"Ocozocoautla de Espinosa",1,"Ocozocoautla de Espinosa","Central s/n esq. 1a y 2a Nte.","Centro San Juan Bautista","29140","","","","ismaokuy@hotmail.com; anmayatok@hotmail.com",-93.37559,16.7618,"http://sic.gob.mx/ficha.php?table=institucion_cultural_mun&table_id=220","2021-05-03 16:41:52-05"
300,"Dirección de Turismo y Cultura Municipal de Palenque","1000-01-01","Ayuntamiento de Palenque",7,"Chiapas",65,"Palenque",1,"Palenque","","","","","http://www.palenque.gob.mx","","ivan_felix89@hotmail.com",-91.98098,17.50948,"http://sic.gob.mx/ficha.php?table=institucion_cultural_mun&table_id=300","2025-10-27 20:04:40-06"
306,"Coordinación de Educación y Cultura de Pijijiapan","2010-01-01","Ayuntamiento de Pijijiapan",7,"Chiapas",69,"Pijijiapan",1,"Pijijiapan","Palacio Municipal s/n","Centro","30540","","","","presidenciampalpij2011.2012@gmail.com, angelpijiji@yahoo.com.mx",-93.20935,15.69174,"http://sic.gob.mx/ficha.php?table=institucion_cultural_mun&table_id=306","2025-07-08 18:53:53-06"
297,"Dirección de Cultura de Villa Comaltitlán","1992-01-01","Ayuntamiento de Comaltitlán",7,"Chiapas",71,"Villa Comaltitlán",1,"Villa Comaltitlán","1a. Poniente s/n entre Av. Central Norte y 1ra. Norte","Centro","30620","","https://www.facebook.com/vaporlacultura/","","aipcomaltitlan@hotmail.com",-92.57752,15.21475,"http://sic.gob.mx/ficha.php?table=institucion_cultural_mun&table_id=297","2023-08-14 08:02:52-06"
227,"Dirección de Cultura de Reforma","1988-01-01","Ayuntamiento de Reforma",7,"Chiapas",74,"Reforma",1,"Reforma","Ignacio Aldama s/n","Col. Carlos Salinas de Gortari","29500","","","","",-93.1471,17.86564,"http://sic.gob.mx/ficha.php?table=institucion_cultural_mun&table_id=227","2023-09-21 03:26:10-06"
208,"Dirección de Cultura y Recreación de San Cristóbal de las Casas","1980-01-01","Ayuntamiento de San Cristóbal de las Casas",7,"Chiapas",78,"San Cristóbal de las Casas",1,"San Cristóbal de las Casas","Miguel Hidalgo s/n esq. Av. Hnos. Domínguez","Centro","29220","","http://www.sancristobal.gob.mx","","culturarecreacionmunicipal@sancristobal.gob.mx",-92.63818,16.73424,"http://sic.gob.mx/ficha.php?table=institucion_cultural_mun&table_id=208","2024-07-19 13:33:12-06"
302,"Dirección de Cultura de Simojovel","1000-01-01","Ayuntamiento de Simojovel",7,"Chiapas",81,"Simojovel",1,"Simojovel de Allende","","","","","http://www.chiapas.gob.mx/municipio/simojovel","","ayuntamientodesimojovelchiapas@hotmail.com",0,0,"http://sic.gob.mx/ficha.php?table=institucion_cultural_mun&table_id=302","2021-04-09 09:24:36-05"
290,"Dirección de Cultura de Solosuchiapa","1000-01-01","Ayuntamiento de Solosuchiapa",7,"Chiapas",84,"Solosuchiapa",1,"Solosuchiapa","Galeana s/n esq. Benito Juárez","Centro","29580","","https://www.chiapas.gob.mx/funcionarios/estatal/municipios/solosuchiapa","","chai-profe@hotmail.com",-93.03136,17.42873,"http://sic.gob.mx/ficha.php?table=institucion_cultural_mun&table_id=290","2025-08-12 17:59:21-06"
218,"Dirección de Cultura de Suchiate","1000-01-01","Ayuntamiento de Suchiate",7,"Chiapas",87,"Suchiate",184,"Suchiate","","","","","","","cc_suchiate@hotmail.com",0,0,"http://sic.gob.mx/ficha.php?table=institucion_cultural_mun&table_id=218","2021-04-10 09:24:49-05"
210,"Dirección de Cultura de Tapachula","1986-01-01","Ayuntamiento de Tapachula",7,"Chiapas",89,"Tapachula",1,"Tapachula de Córdova y Ordóñez","Central Ote. 25	","Centro","30700","","","","gabymedinaz@hotmail.com",0,0,"http://sic.gob.mx/ficha.php?table=institucion_cultural_mun&table_id=210","2023-10-20 06:56:32-06"
299,"Dirección de Cultura de Tepactán","1000-01-01","Ayuntamiento de Tepactán",7,"Chiapas",92,"Tecpatán",1,"Tecpatán","Palacio Municipal s/n, Avenida central ","","29610","","https://www.tecpatan.gob.mx/","https://chiapas.gob.mx/funcionarios/estatal/municipios/tecpatan","presidenciatecpatan2021@gmail.com",-93.31094,17.13622,"http://sic.gob.mx/ficha.php?table=institucion_cultural_mun&table_id=299","2024-01-19 08:07:01-06"
225,"Dirección de Cultura de Totolapa","1000-01-01","Ayuntamiento de Totolapa",7,"Chiapas",98,"Totolapa",1,"Totolapa","20 de Noviembre s/n","Centro","30330","","http://www.chiapas.gob.mx/funcionarios/estatal/ejecutivo/totolapa","https://www.facebook.com/ayuntamientoo?locale=es_LA","",-92.68077,16.54481,"http://sic.gob.mx/ficha.php?table=institucion_cultural_mun&table_id=225","2023-12-20 08:36:46-06"
411,"Dirección de Educación, Cultura y Recreación de La Trinitaria","2008-01-01","Ayuntamiento de La Trinitaria",7,"Chiapas",99,"La Trinitaria",1,"La Trinitaria","1ra. Calle Sur s/n","Centro","30160","","","","dir.educ_cultura@hotmail.com",-92.05087,16.11866,"http://sic.gob.mx/ficha.php?table=institucion_cultural_mun&table_id=411","2026-02-16 16:16:46-06"
408,"Instituto Tuxtleco de Arte y Cultura","1000-01-01","Ayuntamiento de Tuxtla Gutiérrez",7,"Chiapas",101,"Tuxtla Gutiérrez",1,"Tuxtla Gutiérrez","Av. 1ª Poniente s/n esq. 2ª Norte","Centro","29000","","https://www.tuxtla.gob.mx/","","juansuareztenor@gmail.com",-93.11695,16.75532,"http://sic.gob.mx/ficha.php?table=institucion_cultural_mun&table_id=408","2026-02-12 14:06:29-06"
223,"Dirección de Cultura de Tzimol","1000-01-01","Ayuntamiento de Tzimol",7,"Chiapas",104,"Tzimol",1,"Tzimol","Blvd. Dr. Belisario Domínguez","Barrio de Santo Domingo","30110","","","","israelito601@hotmail.com",0,0,"http://sic.gob.mx/ficha.php?table=institucion_cultural_mun&table_id=223","2023-10-16 08:51:38-06"
232,"Dirección de Cultura de Unión Juárez","1000-01-01","Ayuntamiento de Unión Juárez",7,"Chiapas",105,"Unión Juárez",1,"Unión Juárez","Av. Francisco Javier Mina s/n","Centro","30880","","http://www.chiapas.gob.mx/municipio/union-juarez","","hermilosm@hotmail.com",0,0,"http://sic.gob.mx/ficha.php?table=institucion_cultural_mun&table_id=232","2021-03-09 16:39:52-06"
221,"Dirección de Educación, Acción Cívica, Cultura y Deporte de Villaflores","2011-01-01","Ayuntamiento de Villaflores",7,"Chiapas",108,"Villaflores",1,"Villaflores","Av. Central s/n","Centro","30470","","http://www.villaflores.gob.mx ","https://www.facebook.com/AyuntamientoVillaflores2427/","razul1062@hotmail.com",-93.26766,16.23542,"http://sic.gob.mx/ficha.php?table=institucion_cultural_mun&table_id=221","2026-06-01 19:30:19-06"
781,"Dirección de Cultura de Mezcalapa","1000-01-01","Ayuntamiento de Mezcalapa",7,"Chiapas",124,"Mezcalapa",1,"Raudales Malpaso","Cuitláhuac s/n","Centro","29600","","https://chiapas.gob.mx/funcionarios/estatal/municipios/mezcalapa","","ayuntamientomezcalapa@gmail.com",-100.41186,25.8361,"http://sic.gob.mx/ficha.php?table=institucion_cultural_mun&table_id=781","2024-06-20 12:03:11-06"
216,"Dirección de Cultura de Allende","1000-01-01","Ayuntamiento de Allende",8,"Chihuahua",3,"Allende",1,"Valle de Ignacio Allende","Independencia 52","Col. Nicolás Fernández","33920","","","","secretariavalleallende@gmail.com",-105.39332,26.93317,"http://sic.gob.mx/ficha.php?table=institucion_cultural_mun&table_id=216","2024-10-22 10:49:03-06"
256,"Dirección de Cultura de Ascensión","2001-06-06","Ayuntamiento de Ascensión",8,"Chihuahua",5,"Ascensión",1,"Ascensión","Av. Mexico 115 esq. San Carlos	","Centro","31824","","","","jdcereceres@hotmail.com",-107.9962,31.09229,"http://sic.gob.mx/ficha.php?table=institucion_cultural_mun&table_id=256","2025-09-30 18:59:54-06"
215,"Dirección de Cultura de Buenaventura","1540-07-14","Ayuntamiento de Buenaventura",8,"Chihuahua",10,"Buenaventura",1,"San Buenaventura","Av. Juárez esq. Anahuac s/n","","31890","","https://www.mpiobuenaventura.gob.mx/educacion-cultura-y-deporte","","",-107.47156,29.84355,"http://sic.gob.mx/ficha.php?table=institucion_cultural_mun&table_id=215","2025-10-07 18:35:41-06"
237,"Departamento de Difusión Cultural de Casas Grandes","2010-10-10","Ayuntamiento de Casas Grandes",8,"Chihuahua",13,"Casas Grandes",1,"Casas Grandes","Av.  Constitución 100","Centro","31850","","","","",-107.94921,30.37563,"http://sic.gob.mx/ficha.php?table=institucion_cultural_mun&table_id=237","2025-07-08 18:18:48-06"
236,"Instituto de Cultura del Municipio de Cuauhtémoc","1998-11-15","Ayuntamiento de Cuauhtémoc",8,"Chihuahua",17,"Cuauhtémoc",1,"Cuauhtémoc","Int. Centro Cultural San Antonio, Av. Juárez s/n entre 3ra. y 5ta.","Centro","31510","","http://municipiocuauhtemoc.gob.mx/","https://www.facebook.com/ICMCuauhtemoc","imc.cuauhtemoc@gmail.com; edgar_arg87@hotmail.com",-106.8672,28.4112,"http://sic.gob.mx/ficha.php?table=institucion_cultural_mun&table_id=236","2022-12-12 04:40:05-06"
246,"Instituto de Cultura del Municipio de Chihuahua","2001-05-02","Ayuntamiento de Chihuahua",8,"Chihuahua",19,"Chihuahua",1,"Chihuahua","Av. Juárez 601 esq. Calle Sexta","Centro","31000","","http://www.icm.gob.mx","","alejandra.enriquez@mpiochih.gob.mx",-106.07912,28.63577,"http://sic.gob.mx/ficha.php?table=institucion_cultural_mun&table_id=246","2021-04-16 07:12:47-05"
249,"Representación del Instituto Chihuahuense de la Cultura, Municipio Delicias","1991-01-20","Gobierno del Estado de Chihuahua",8,"Chihuahua",21,"Delicias",1,"Delicias","Av. Agricultura s/n y Río Conchos Pte. entre 5ª y 1ª Ote.","Centro","33000","","","","institutodelacultura@prodigy.net.mx",0,0,"http://sic.gob.mx/ficha.php?table=institucion_cultural_mun&table_id=249","2025-04-21 17:22:19-06"
228,"Coordinación de Cultura de Delicias","1000-01-01","Ayuntamiento de Delicias",8,"Chihuahua",21,"Delicias",1,"Delicias","Círculo de la Plaza de Armas, Central Nte. s/n","Centro","33000","","https://municipiodelicias.com/","","centroculturaldelicias1@gmail.com; fervirod2908@gamil.com",-105.47106,28.193,"http://sic.gob.mx/ficha.php?table=institucion_cultural_mun&table_id=228","2026-08-18 11:04:47-06"
252,"Dirección de Desarrollo Social del Ayuntamiento de Guerrero","1998-10-13","Ayuntamiento de Guerrero",8,"Chihuahua",31,"Guerrero",1,"Vicente Guerrero","Galeana 1701","Centro","31680","","","","desarrollosocialguerrero@hotmail.com",-107.48093,28.55333,"http://sic.gob.mx/ficha.php?table=institucion_cultural_mun&table_id=252","2021-04-27 09:12:08-05"
251,"Dirección de Turismo y Cultura de Hidalgo del Parral","2018-09-26","Ayuntamiento de Hidalgo del Parral",8,"Chihuahua",32,"Hidalgo del Parral",1,"Hidalgo del Parral","Av. Francisco Moreno s/n esq. Calle 20 de Noviembre","Centro","33800","","","https://www.facebook.com/turismodeparral","tyc.parral@gmail.com; ivonnebarriga.parral@gmail.com",-105.66281,26.93286,"http://sic.gob.mx/ficha.php?table=institucion_cultural_mun&table_id=251","2023-05-02 04:54:50-06"
243,"Instituto para la Cultura del Municipio de Juárez (IPACULT)","1000-01-01","Ayuntamiento de Ciudad Juárez",8,"Chihuahua",37,"Juárez",1,"Juárez","Ignacio Mariscal 105 Sur esq. Av. 16 de Septiembre","Centro","32000","","https://ipacult.org/octubre-2023/","","info@ipacult.org; asistdireccion@ipacult.org",-106.48797,31.7387,"http://sic.gob.mx/ficha.php?table=institucion_cultural_mun&table_id=243","2024-09-24 12:51:04-06"
481,"Dirección de Turismo y Cultura de Madera","2016-10-10","Ayuntamiento de Ciudad Madera",8,"Chihuahua",40,"Madera",1,"Madera","Calle 8ª s/n","Centro","31940","","https://destinomadera.com/","","turismo.madera2018-2021@outlook.com",-108.13865,29.19278,"http://sic.gob.mx/ficha.php?table=institucion_cultural_mun&table_id=481","2019-03-08 07:45:23-06"
240,"Dirección de Cultura Nuevo Casas Grandes","1000-01-01","Ayuntamiento Nuevo Casas Grandes",8,"Chihuahua",50,"Nuevo Casas Grandes",1,"Nuevo Casas Grandes","","","","","","","culturancg@hotmail.com",0,0,"http://sic.gob.mx/ficha.php?table=institucion_cultural_mun&table_id=240","2021-04-28 08:25:56-05"
241,"Dirección de Cultura de Ojinaga","1000-01-01","Ayuntamiento de Ojinaga",8,"Chihuahua",52,"Ojinaga",1,"Manuel Ojinaga","Av. Trasviña esq. Retes s/n","Centro","32880","","https://ayuntamientodeojinaga.com/gabinete/","https://www.facebook.com/p/Presidencia-Municipal-Ojinaga-2021-2024-100075934397727/","gardeaefren73@gmail.com",-104.41551,29.56447,"http://sic.gob.mx/ficha.php?table=institucion_cultural_mun&table_id=241","2024-04-22 12:27:25-06"
244,"Dirección de Cultura de Rosales","1000-01-01","Ayuntamiento de rosales",8,"Chihuahua",55,"Rosales",1,"Santa Cruz de Rosales","","","","","","","betwall@hotmail.com",0,0,"http://sic.gob.mx/ficha.php?table=institucion_cultural_mun&table_id=244","2021-03-11 15:31:38-06"
238,"Dirección de Cultura de San Francisco de Conchos ","1000-01-01","Ayuntamiento de San Francisco de Conchos ",8,"Chihuahua",58,"San Francisco de Conchos",1,"San Francisco de Conchos","","Col. Boquilla del Conchos","","","https://www.facebook.com/PresidenciaSanFco/?ref=page_internal","","temoloya@live.com.mx",0,0,"http://sic.gob.mx/ficha.php?table=institucion_cultural_mun&table_id=238","2021-04-10 09:05:08-05"
253,"Dirección de Relaciones Interinstitucionales, Cultura y Turismo de Uruachi","2021-09-10","Ayuntamiento de Uruachi",8,"Chihuahua",66,"Uruachi",1,"Uruachi","José María Ponce de León s/n","Centro Histórico","33300","","https://chihuahua.gob.mx/info/uruachi","","serranita31@hotmail.com",-108.2152,27.86792,"http://sic.gob.mx/ficha.php?table=institucion_cultural_mun&table_id=253","2023-02-23 05:13:00-06"
270,"Subdirección de Cultura de la Alcaldía Azcapotzalco","1000-01-01","Alcaldía Azcapotzalco",9,"Ciudad de México",2,"Azcapotzalco",1,"Azcapotzalco","Av. Azcapotzalco 605","Col. Azcapotzalco Centro","02008","","http://azcapotzalco.df.gob.mx","","cultura@azcapotzalco.cdmx.gob.mx",-99.18436,19.48409,"http://sic.gob.mx/ficha.php?table=institucion_cultural_mun&table_id=270","2021-07-16 09:38:20-05"
268,"Dirección General de Cultura y Educación de Coyoacán","2003-01-01","Alcaldía Coyoacán",9,"Ciudad de México",3,"Coyoacán",1,"Coyoacán","Casa de Cultura Jesús Reyes Heroles<br>Francisco Sosa 202","Barrio Sta. Catarina","04010","","https://www.coyoacan.cdmx.gob.mx/directorio","https://www.facebook.com/culturacoyoacan/photos/a.10150670371349877/10158433583654877","mcruzb@acoyoacan.cdmx.gob.mx",-99.17099,19.34913,"http://sic.gob.mx/ficha.php?table=institucion_cultural_mun&table_id=268","2021-07-07 06:39:44-05"
269,"Dirección de Cultura y Turismo","2021-01-01","Alcaldía Cuajimalpa de Morelos",9,"Ciudad de México",4,"Cuajimalpa de Morelos",1,"Cuajimalpa de Morelos","Av. Juárez s/n esq. Av. México","Col. Cuajimalpa","05000","","https://cuajimalpa.gob.mx/","https://www.facebook.com/TurismoCuajimalpaCDMX/","dct@cuajimalpa.cdmx.gob.mx",-99.29913,19.35827,"http://sic.gob.mx/ficha.php?table=institucion_cultural_mun&table_id=269","2025-04-30 10:27:26-06"
762,"Dirección de Cultura y Recreación","2001-03-16","Alcaldía Gustavo A. Madero",9,"Ciudad de México",5,"Gustavo A. Madero",1,"Gustavo A. Madero","Calz. de Otavalo 7","Col. Lindavista Sur","07300","","http://www.gamadero.cdmx.gob.mx/","","adecrddcr@agam.cdmx.gob.mx; culturayrecreacion.agam@gmail.com",-99.11333,19.48295,"http://sic.gob.mx/ficha.php?table=institucion_cultural_mun&table_id=762","2023-09-26 06:19:53-06"
265,"Dirección de Cultura de Iztacalco","1000-01-01","Delegación Iztacalco",9,"Ciudad de México",6,"Iztacalco",1,"Iztacalco","Av. Río Churubusco s/n esq. Av. Té","Col. Gabriel Ramos Millán","08000","","https://www.iztacalco.cdmx.gob.mx","","lourdes_paz@iztacalcocdmx.gob.mx; mgenriquez@iztacalcocdmx.gob.mx",-99.09787,19.39638,"http://sic.gob.mx/ficha.php?table=institucion_cultural_mun&table_id=265","2026-03-05 14:49:12-06"
266,"Dirección Ejecutiva de Cultura de la Alcaldía Iztapalapa","1000-01-01","Alcaldía Iztapalapa",9,"Ciudad de México",7,"Iztapalapa",1,"Iztapalapa","Aldama 63 esq. Ayuntamiento","Barrio San Lucas","09000","","http://www.iztapalapa.gob.mx","","culturaiztapalapa13@gmail.com",0,0,"http://sic.gob.mx/ficha.php?table=institucion_cultural_mun&table_id=266","2025-09-19 16:49:41-06"
272,"Coordinación de Cultura y Patrimonio de la Alcaldía Magdalena Contreras","1000-01-01","Alcaldía La Magdalena Contreras",9,"Ciudad de México",8,"La Magdalena Contreras",1,"La Magdalena Contreras","Camino Real de Contreras 32","Col. La Concepción","10830 ","","https://mcontreras.gob.mx/bs/coordinacion-de-cultura-y-patrimonio/","","j.esquer@mcontreras.gob.mx",-99.23473,19.30377,"http://sic.gob.mx/ficha.php?table=institucion_cultural_mun&table_id=272","2025-11-12 19:23:05-06"
273,"Dirección General de Derechos Culturales y Educativos de la Alcaldía Tlalpan","2006-10-01","Delegación Tlalpan",9,"Ciudad de México",12,"Tlalpan",1,"Tlalpan","Plaza de la Constitución 10","Col. Tlalpan Centro","14000","","http://www.tlalpan.gob.mx","","",-99.16738,19.28809,"http://sic.gob.mx/ficha.php?table=institucion_cultural_mun&table_id=273","2024-10-02 11:53:25-06"
812,"Dirección de Servicios Culturales, Recreativos y Deportivos de Xochimilco","1000-01-01","Alcaldía de Xochimilco",9,"Ciudad de México",13,"Xochimilco",1,"Xochimilco","Gladiolas 161","Barrio San Pedro","16090","","http://www.xochimilco.cdmx.gob.mx","","dirculturalesrecreativosdeportivos@xochimilco.cdmx.gob.mx",-99.10874,19.25674,"http://sic.gob.mx/ficha.php?table=institucion_cultural_mun&table_id=812","2026-05-12 14:13:18-06"
260,"Coordinación de Cultura de la Alcaldía Benito Juárez","1000-01-01","Alcaldía  Benito Juárez/Coordinación de Cultura/Subdirección de Derechos Culturales Recreativos y Educativos",9,"Ciudad de México",14,"Benito Juárez",1,"Benito Juárez","Campana 59","Col. Insurgentes Mixcoac","03920","","https://alcaldiabenitojuarez.gob.mx/casas-de-cultura/","","abj.cultura@gmail.com",-99.15778,19.37199,"http://sic.gob.mx/ficha.php?table=institucion_cultural_mun&table_id=260","2024-06-05 10:22:22-06"
267,"Dirección General de Cultura de la Alcaldía Cuauhtémoc","1000-01-01","Alcaldía Cuauhtémoc",9,"Ciudad de México",15,"Cuauhtémoc",1,"Cuauhtémoc","Aldama y Mina s/n, 2do. Piso, ala Pte.","Col. Buenavista","06350","","http://www.cuauhtemoc.cdmx.gob.mx/paginas.php?id=cultura","","dgcultura.cuauhtemoc@gmail.com",-99.15186,19.44163,"http://sic.gob.mx/ficha.php?table=institucion_cultural_mun&table_id=267","2025-09-18 18:13:42-06"
388,"Coordinación de Cultura de la Secretaria de Seguridad Pública del D.F.","2000-01-01","Dirección Ejecutiva de Salud y Bienestar Social de la Secretaría de Seguridad Pública del D.F.",9,"Ciudad de México",15,"Cuauhtémoc",1,"Cuauhtémoc","Londres 107, piso 9","Col.  Juárez","06600","","http://www.ssp.df.gob.mx/BienestarPol/Pages/Salud.aspx","","culturasspdf@hotmail.com",-99.16346,19.42582,"http://sic.gob.mx/ficha.php?table=institucion_cultural_mun&table_id=388","2021-03-22 10:09:56-06"
453,"Dirección de Convivencia y Promoción Deportiva","1000-01-01","Alcaldía Miguel Hidalgo",9,"Ciudad de México",16,"Miguel Hidalgo",1,"Miguel Hidalgo","Parque Lira 94","Col. Observatorio","11860","","https://miguelhidalgo.cdmx.gob.mx/","","ggonzalez@miguelhidalgo.gob.mx",-99.19096,19.40734,"http://sic.gob.mx/ficha.php?table=institucion_cultural_mun&table_id=453","2025-03-24 11:36:35-06"
271,"Dirección de Cultura, Recreación y Deporte","1000-01-01","Alcaldía Venustiano Carranza/Dirección General de Desarrollo Social",9,"Ciudad de México",17,"Venustiano Carranza",1,"Venustiano Carranza","Fco. del Paso y Troncoso 219, edif. Delegacional 2do. nivel","Col. Jardín Balbuena","15900","","http://www.vcarranza.cdmx.gob.mx/jscultura.html","","itorre@vcarranza.df.gob.mx",-99.11384,19.41826,"http://sic.gob.mx/ficha.php?table=institucion_cultural_mun&table_id=271","2025-10-23 18:43:21-06"
500,"Instituto Municipal de Arte y Cultura de Canatlán","1000-01-01","Ayuntamiento de Canatlán",10,"Durango",1,"Canatlán",1,"Canatlán","Ant. Ex-Colegio de las Madres, Unidad Adva. Centenario","Centro","34456","","","","casadelacultura@gmail.com; yneytorres@gmail.com",-104.77837,24.52726,"http://sic.gob.mx/ficha.php?table=institucion_cultural_mun&table_id=500","2024-05-27 13:00:22-06"
309,"Instituto Municipal del Arte y la Cultura de Durango (IMAC)","1993-01-01","Ayuntamiento de Durango",10,"Durango",5,"Durango",1,"Victoria de Durango","Negrete 1200 Pte. esq. Fénix","Centro Histórico","34000","","https://www.facebook.com/IMACDgo/","","imacdgo.comunicacion@gmail.com",-104.66969,24.02442,"http://sic.gob.mx/ficha.php?table=institucion_cultural_mun&table_id=309","2023-10-23 10:14:29-06"
484,"Dirección de Cultura, Educación, Cultura y Deporte de General Simón Bolívar","1000-01-01","Ayuntamiento de General Simón Bolivar",10,"Durango",6,"General Simón Bolívar",1,"General Simón Bolívar","Álvaro Obregón s/n","Centro","35950","","","","enesaccion@gmail.com",0,0,"http://sic.gob.mx/ficha.php?table=institucion_cultural_mun&table_id=484","2018-03-14 10:31:32-06"
72,"Instituto Municipal de Cultura de Gómez Palacio","2007-09-18","Ayuntamiento de Gómez Palacio",10,"Durango",7,"Gómez Palacio",1,"Gómez Palacio","Blvd. Miguel Alemán s/n ","Col. Flores Magón","35090","","http://www.gomezpalacio.gob.mx","https://www.facebook.com/p/Instituto-Municipal-de-Cultura-de-G%C3%B3mez-Palacio-100067200392680/?paipv=0&eav=Afa-n0gMSylzMI4pK1c7AsFiu_5kzuqqiCaCWBgaZQokSAds5ZYmvGJZemO2uXGG3rA&_rdr","",-103.47848,25.5506,"http://sic.gob.mx/ficha.php?table=institucion_cultural_mun&table_id=72","2024-02-12 06:16:39-06"
842,"Dirección de Cultura de Mapimí","1000-01-01","Ayuntamiento de Mapimí",10,"Durango",13,"Mapimí",1,"Mapimí","Av. Hidalgo 1","Centro","35200","","","https://www.facebook.com/profile.php?id=61580457891151","recepcionpresidenciamapimi@gmail.com",-103.84814,25.83341,"http://sic.gob.mx/ficha.php?table=institucion_cultural_mun&table_id=842","2026-03-10 12:37:50-06"
312,"Dirección de Educación, Cultura y Deporte","2010-09-01","Ayuntamiento de Ocampo",10,"Durango",17,"Ocampo",1,"Villa Ocampo","Nacozari s/n ","Centro","35383","","","","presidenciaocampo@live.com",0,0,"http://sic.gob.mx/ficha.php?table=institucion_cultural_mun&table_id=312","2021-03-23 15:57:21-06"
743,"Dirección de Educación, Arte y Cultura de Pueblo Nuevo","1000-01-01","Ayuntamiento de Pueblo Nuevo",10,"Durango",23,"Pueblo Nuevo",1,"El Salto","Av. Ferrocarril s/n","Centro","34950","","","","karlospro@gmail.com",-105.36019,23.77815,"http://sic.gob.mx/ficha.php?table=institucion_cultural_mun&table_id=743","2023-02-10 06:21:12-06"
804,"Dirección de Cultura de San Juan del Río","1000-01-01","Ayuntamiento de San Juan del Río",10,"Durango",28,"San Juan del Río",1,"San Juan del Río del Centauro del Norte","Hidalgo s/n casi esq. Felipe Angeles","Centro","34480","","http://www.sanjuandelriodgo.gob.mx/","","mayelareyes475@hotmail.com",-104.46109,24.77688,"http://sic.gob.mx/ficha.php?table=institucion_cultural_mun&table_id=804","2024-11-13 08:42:27-06"
730,"Instituto Municipal de Arte y Cultura","1000-01-01","Ayuntamiento de Papasquiaro",10,"Durango",32,"Santiago Papasquiaro",1,"Santiago Papasquiaro","674 862 09 46","Zona Centro","34630","","","","imacsantiagopapasquiaro1619@hotmail.com",-105.42095,25.03908,"http://sic.gob.mx/ficha.php?table=institucion_cultural_mun&table_id=730","2022-08-24 07:32:45-05"
816,"Dirección de Cultura de Tepehuanes","1000-01-01","Ayuntamiento de Tepehuanes",10,"Durango",35,"Tepehuanes",1,"Santa Catarina de Tepehuanes","Prol. Hidalgo s/n esq. Gral. Rocha","Centro","35630","","https://tepehuanes.durango.gob.mx/","","ayuntamiento.tepehuanes@gmail.com; lindadgo791115@gmail.com",-105.72449,25.34196,"http://sic.gob.mx/ficha.php?table=institucion_cultural_mun&table_id=816","2026-02-17 12:28:38-06"
425,"Instituto Municipal de Cultura Acámbaro (IMCA)","2013-04-23","Ayuntamiento de Acámbaro",11,"Guanajuato",2,"Acámbaro",1,"Acámbaro","Mariano Matamoros 3","Centro","38600","","","","acambaroimca@hotmail.com",-100.72095,20.03343,"http://sic.gob.mx/ficha.php?table=institucion_cultural_mun&table_id=425","2024-11-22 10:39:09-06"
496,"Dirección de Cultura y Tradiciones de San Miguel de Allende","1985-01-01","Ayuntamiento de San Miguel de Allende",11,"Guanajuato",3,"San Miguel de Allende",1,"San Miguel de Allende","Hernández Macías 62","Centro","37700","","http://www.sanmiguelallende.gob.mx","","amartinezr@sanmigueldeallende.gob.mx; administrativocyt@sanmigueldeallende.gob.mx",-100.74506,20.91538,"http://sic.gob.mx/ficha.php?table=institucion_cultural_mun&table_id=496","2026-07-02 12:44:59-06"
138,"Instituto Municipal de Arte y Cultura de Celaya","2002-09-06","Ayuntamiento de Celaya",11,"Guanajuato",7,"Celaya",1,"Celaya","Democracia 103, Ex-Convento de San Agustín","Centro","38000","","https://www.insmacc.gob.mx/?fbclid=IwY2xjawGXD45leHRuA2FlbQIxMAABHQcPtZjWgAXyM_gF8lmVuX-5H7A3X8t0zLAgYKZcymHrUYoSPavC2rhOCA_aem_SLOdUeaurBBbsCzJsmJmVg","https://www.facebook.com/culturacelaya/","adireccion.arteycultura@gmail,com",-100.81324,20.5205,"http://sic.gob.mx/ficha.php?table=institucion_cultural_mun&table_id=138","2024-11-05 09:25:47-06"
823,"Instituto Municipal de Arte y Cultura de Celaya ","1965-08-18","Sistema Municipal de Cultura de Celaya, Gto",11,"Guanajuato",7,"Celaya",1,"Celaya","Democracia 103, Ex-Convento de San Agustín","Centro","38000","","https://www.insmacc.gob.mx/","https://www.facebook.com/culturacelaya","direccion@insmacc.gob.mx",-100.81323,20.52046,"http://sic.gob.mx/ficha.php?table=institucion_cultural_mun&table_id=823","2026-04-13 13:28:06-06"
806,"Dirección de Cultura de Comonfort","1000-01-01","Ayuntamiento de Comonfort",11,"Guanajuato",9,"Comonfort",1,"Comonfort","Mariano Arista 32","Centro","38200","","https://www.comonfort.gob.mx/","","cccomonfort@guanajuato.gob.mx",-100.76182,20.71798,"http://sic.gob.mx/ficha.php?table=institucion_cultural_mun&table_id=806","2024-11-25 08:06:04-06"
313,"Dirección de Educación, Cultura y Recreación de Dolores Hidalgo","1000-01-01","Ayuntamiento de Dolores Hidalgo",11,"Guanajuato",14,"Dolores Hidalgo Cuna de la Independencia Nacional",1,"Dolores Hidalgo Cuna de la Independencia Nacional","Av. de los Héroes 77","Col. San Cristobal","37800","","","","educacion2124doloreshidalgo@gmail.com",-100.91742,21.15953,"http://sic.gob.mx/ficha.php?table=institucion_cultural_mun&table_id=313","2024-05-08 17:26:56-06"
310,"Dirección General de Cultura y Educación de Guanajuato","1000-01-01","Ayuntamiento de Guanajuato",11,"Guanajuato",15,"Guanajuato",1,"Guanajuato","Calle 5 de Mayo 1","Centro","36000","","","","jesus.borja@guanajuatocapital.gob.mx",-101.25946,21.01896,"http://sic.gob.mx/ficha.php?table=institucion_cultural_mun&table_id=310","2025-10-08 16:41:36-06"
314,"Dirección de Cultura","1000-01-01","Ayuntamiento de Huanímaro",11,"Guanajuato",16,"Huanímaro",1,"Huanímaro","","","","","","","secretariaparticular@live.com.mx",0,0,"http://sic.gob.mx/ficha.php?table=institucion_cultural_mun&table_id=314","2021-04-09 08:30:52-05"
286,"Instituto Municipal de Cultura, Arte y Recreación de Irapuato","2010-10-19","Ayuntamiento de Irapuato",11,"Guanajuato",17,"Irapuato",1,"Irapuato","Castañeda León ","Centro","36500","","https://www.facebook.com/pg/IMCARoficial/about/?ref=page_internal","","irapuato.imcar@gmail.com; ",-101.34646,20.67206,"http://sic.gob.mx/ficha.php?table=institucion_cultural_mun&table_id=286","2025-07-01 12:37:55-06"
98,"Instituto Cultural de León","2000-01-27","Ayuntamiento de León",11,"Guanajuato",20,"León",1,"León de los Aldama","Pasaje Juan de Orozco 152","Centro","37000","","http://institutoculturaldeleon.org.mx/","https://www.facebook.com/InstitutoCulturalLeon","direcciondda@gmail.com",-101.68427,21.12177,"http://sic.gob.mx/ficha.php?table=institucion_cultural_mun&table_id=98","2024-11-05 11:24:55-06"
794,"Coordinación Casa de Cultura Plazuelas Pénjamo","1000-01-01","Ayuntamiento de Pénjamo/Dirección de Desarrollo Social y Humano",11,"Guanajuato",23,"Pénjamo",1,"Pénjamo","Portal Zaragoza 44","Centro","36900","","https://municipiodepenjamo.gob.mx/","","casacultura_plazuelas_@hotmail.com",-101.72447,20.43136,"http://sic.gob.mx/ficha.php?table=institucion_cultural_mun&table_id=794","2024-07-19 11:02:12-06"
315,"Dirección de Educación, Cultura y Deporte","1000-01-01","Ayuntamiento de Salamanca",11,"Guanajuato",27,"Salamanca",1,"Salamanca","Portal Octaviano Muñoz Ledo s/n","Centro","36790","","https://www.salamanca.gob.mx/direccion-de-cultura/","https://www.facebook.com/GobSalamanca","luisrdmo@hotmail.com",-101.19986,20.56862,"http://sic.gob.mx/ficha.php?table=institucion_cultural_mun&table_id=315","2023-12-28 04:47:12-06"
479,"Dirección de Acción Cultural","1000-01-01","Ayuntamiento de San Francisco del Ricón",11,"Guanajuato",31,"San Francisco del Rincón",1,"San Francisco del Rincón","H. Colegio Militar s/n esq. Ignacio Altamirano","Centro","36300","","","","accionculturalsfr@gmail.com",-101.85879,21.01327,"http://sic.gob.mx/ficha.php?table=institucion_cultural_mun&table_id=479","2025-10-30 18:25:17-06"
810,"Instituto Municipal de Cultura de Silao de la Victoria","1000-01-01","Ayuntamiento de Silao de la Victoria",11,"Guanajuato",37,"Silao de la Victoria",1,"Silao de la Victoria","Dr. Domenzaín 29","Centro","36100","","https://www.gobiernodesilao.mx/","","contacto@silao.gob.mx",-101.42896,20.9446,"http://sic.gob.mx/ficha.php?table=institucion_cultural_mun&table_id=810","2025-02-06 10:53:19-06"
275,"Dirección de Cultura de Tarimoro","1000-01-01","Ayuntamiento de Tarimoro",11,"Guanajuato",39,"Tarimoro",1,"Tarimoro","Morelos 79","Centro","38700","","https://www.tarimoro.gob.mx/category/presidencia/","https://www.facebook.com/TarimorogtoterrunoDeAmor","cctlucasdesanjuan@hotmail.com",-100.75881,20.29131,"http://sic.gob.mx/ficha.php?table=institucion_cultural_mun&table_id=275","2026-05-18 13:09:45-06"
353,"Dirección de Cultura de Acapulco","2012-09-30","Ayuntamiento de Acapulco",12,"Guerrero",1,"Acapulco de Juárez",1,"Acapulco de Juárez","Capitán Malaespina 2 ","Centro","39300","","https://acapulco.gob.mx/","https://www.facebook.com/AcapulcoGob","direcciondecultura@acapulco.gob.mx",-99.89591,16.85775,"http://sic.gob.mx/ficha.php?table=institucion_cultural_mun&table_id=353","2026-08-28 11:46:43-06"
344,"Dirección de Cultura de Chilpancingo","1000-01-01","Ayuntamiento de Chilpancingo",12,"Guerrero",29,"Chilpancingo de los Bravo",1,"Chilpancingo de los Bravo","Plaza Cívica Primer Congreso de Anáhuac s/n","Centro","39000","","https://chilpancingo.gob.mx/","","ayuntamientompal2427@gmail.com",-99.50142,17.55219,"http://sic.gob.mx/ficha.php?table=institucion_cultural_mun&table_id=344","2026-08-11 11:40:27-06"
732,"Dirección de Cultura de Iguala de la Independencia","1000-01-01","Ayuntamiento de Iguala de la Independencia",12,"Guerrero",35,"Iguala de la Independencia",1,"Iguala de la Independencia","Av. Vicente Guerrero 1","Centro Histórico","40000","","","","direccionculturaiguala2021.2024@gmail.com",-99.53833,18.34455,"http://sic.gob.mx/ficha.php?table=institucion_cultural_mun&table_id=732","2022-09-14 08:23:56-05"
846,"Dirección de Cultura de Ixcateopan de Cuauhtémoc","1000-01-01","Ayuntamiento de Ixcateopan de Cuauhtémoc",12,"Guerrero",37,"Ixcateopan de Cuauhtémoc",1,"Ixcateopan de Cuauhtémoc","Plaza Eulalia Guzmán s/n","Cenro","40430","","https://www.ixcateopan.gob.mx/","https://www.facebook.com/ayuntamiento.ixcateopan","ayuntamientoixcateopan2427@gmail.com",-99.79366,18.50284,"http://sic.gob.mx/ficha.php?table=institucion_cultural_mun&table_id=846","2026-04-09 12:58:56-06"
412,"Instituto Municipal de la Cultura de Zihuatanejo de Azueta","2013-06-07","Ayuntamiento de Zihuatanejo de Azueta",12,"Guerrero",38,"Zihuatanejo de Azueta",1,"Zihuatanejo","Ejido s/n esq. 5 de Mayo","Centro","40880","","https://www.facebook.com/profile.php?id=100009324812758&fref=ts","","dirección_imc@hotmail.com",-101.55891,17.63985,"http://sic.gob.mx/ficha.php?table=institucion_cultural_mun&table_id=412","2021-05-06 06:37:55-05"
259,"Dirección de Cultura de Ometepec","1000-01-01","Ayuntamiento de Ometepec",12,"Guerrero",46,"Ometepec",1,"Ometepec","Dr. Fidel Guillén Zamora s/n","Centro","41700","","http://ometepec.guerrero.gob.mx/la-secretaria-de-cultura-municipal-invita/","https://www.facebook.com/p/Secretar%C3%ADa-de-Cultura-y-Ecoturismo-Municipal-100068745366062/?paipv=0&eav=AfbLb2vKBVh6ZhEMpLmwpf5RrUzcwjegLuOS3b5ge4wjc2-Hm4sZgJb5FuD6ke_RDbE&_rdr","casadecultura_ometepec@prodigy.net.mx",-98.40409,16.68473,"http://sic.gob.mx/ficha.php?table=institucion_cultural_mun&table_id=259","2024-01-15 05:42:03-06"
320,"Dirección de Cultura de Taxco de Alarcón","1000-01-01","Ayuntamiento de Taxco de Alarcón",12,"Guerrero",55,"Taxco de Alarcón",1,"Taxco de Alarcón","","","","","http://taxco.gob.mx","","maricela_quinto@hotmail.com.mx; elicultura33@hotmail.com",-99.60459,18.5574,"http://sic.gob.mx/ficha.php?table=institucion_cultural_mun&table_id=320","2025-10-17 19:51:42-06"
840,"Dirección de Cultura de Tecoanapa","1000-01-01","Ayuntamiento de Tecoanapa",12,"Guerrero",56,"Tecoanapa",1,"Tecoanapa","Plan de Ayutla s/n","Centro","39270","","https://tecoanapa.gob.mx/","https://www.facebook.com/profile.php?id=100067224862198","baams@hotmail.com",-99.2598,16.98867,"http://sic.gob.mx/ficha.php?table=institucion_cultural_mun&table_id=840","2026-02-18 13:34:06-06"
323,"Dirección de Arte, Cultura y Actividades Cívicas","2009-01-01","Ayuntamiento de Tixtla de Guerrero",12,"Guerrero",61,"Tixtla de Guerrero",1,"Tixtla de Guerrero","Calle Morelos 58","Santuario","39174","","","","gumaro_hdez@hotmail.com",-99.40031,17.55912,"http://sic.gob.mx/ficha.php?table=institucion_cultural_mun&table_id=323","2024-05-13 14:23:14-06"
406,"Dirección de Cultura de Tlapa de Comonfort","1000-01-01","Ayuntamiento de Tlapa de Comonfort",12,"Guerrero",66,"Tlapa de Comonfort",1,"Tlapa de Comonfort","Miguel Hidalgo s/n","Centro","41300","","https://tlapadecomonfortgro.com/inicio/","https://www.facebook.com/AyuntamientoDeTlapaDeComonfort","itaigro.tlapa.2427@gmail.com; ely2123@smn.com",-98.582,17.54682,"http://sic.gob.mx/ficha.php?table=institucion_cultural_mun&table_id=406","2026-06-25 13:14:19-06"
295,"Dirección de Cultura de Marquelia","2021-01-01","Ayuntamiento de Marquelia",12,"Guerrero",77,"Marquelia",1,"Marquelia","Hidalgo s/n","Centro","41930","","","","jrobertdamasolopez@gmail.com",-98.8192,16.58263,"http://sic.gob.mx/ficha.php?table=institucion_cultural_mun&table_id=295","2023-11-08 05:33:49-06"
747,"Dirección de Cultura, Turismo y Deportes de Acatlán","1000-01-01","Ayuntamiento de Acatlán",13,"Hidalgo",1,"Acatlán",1,"Acatlán","Hidalgo 25","Centro","43540","","","","cultura-acatlanhidalgo@gmail.com",-98.43833,20.14585,"http://sic.gob.mx/ficha.php?table=institucion_cultural_mun&table_id=747","2023-04-13 04:15:33-06"
322,"Dirección de Turismo y Cultura de Acaxochitlán","2012-01-16","Ayuntamiento de Acaxochitlán",13,"Hidalgo",2,"Acaxochitlán",1,"Acaxochitlán","Rayón s/n esq. Juárez","Centro Histórico","43720","","","","turiculturacx@hotmail.com",0,0,"http://sic.gob.mx/ficha.php?table=institucion_cultural_mun&table_id=322","2021-04-10 10:07:54-05"
727,"Dirección de Cultura de Actopan","2020-12-15","Ayuntamiento de Actopan",13,"Hidalgo",3,"Actopan",1,"Actopan","Leona Vicario 21-B","Col. Aviación","42506","","https://www.actopancultura.com/","","actopan2024cultura@gmail.com",-98.94278,20.26905,"http://sic.gob.mx/ficha.php?table=institucion_cultural_mun&table_id=727","2021-09-22 09:59:14-05"
495,"Dirección de Casas de Cultura, Turismo y Educación Municipal de Ajacuba","1000-01-01","Ayuntamiento de Ajacuba",13,"Hidalgo",5,"Ajacuba",1,"Ajacuba","Eustolio Becerra s/n","Centro","42150","","","","ajacubahidalgo@outlook.com; yami-1705@hotmail.com",-99.12345,20.09214,"http://sic.gob.mx/ficha.php?table=institucion_cultural_mun&table_id=495","2019-01-15 04:47:10-06"
771,"Dirección de Educación y Cultura de Apan","1000-01-01","Ayuntamiento de Apan",13,"Hidalgo",8,"Apan",1,"Apan","Lauro L. Méndez s/n esq. Zaragoza","Centro","43900","","","","educacion.y.cultura@apan.gob.mx",-98.45211,19.70993,"http://sic.gob.mx/ficha.php?table=institucion_cultural_mun&table_id=771","2024-01-29 07:54:47-06"
738,"Dirección de Cultura y Turismo de Atotonilco de Tula","1000-01-01","Ayuntamiento de Atotonilco de Tula",13,"Hidalgo",13,"Atotonilco de Tula",1,"Atotonilco de Tula","Av. Industrial s/n","Barrio Boxfi","42980","","https://www.atotonilcodetula.gob.mx/ayuntamiento/miroslava-rodriguez-mendez/","https://www.facebook.com/profile.php?id=100064239536922","cultura-turismo@atotonilcodetula.gob.mx",-99.22,20.00777,"http://sic.gob.mx/ficha.php?table=institucion_cultural_mun&table_id=738","2023-01-18 04:24:28-06"
841,"Dirección de Cultura de Huasca","1000-01-01","Ayuntamiento de Huasca",13,"Hidalgo",24,"Huasca de Ocampo",1,"Huasca de Ocampo","Av. Hidalgo esq, Morelos s/n","Centro","43500","","https://huascadeocampohidalgo.gob.mx/","https://www.facebook.com/CulturaMunicipalHuasca/","cultura_y_educacion@huascadeocampo.gob.mx",-98.57741,20.20371,"http://sic.gob.mx/ficha.php?table=institucion_cultural_mun&table_id=841","2026-03-18 14:53:13-06"
321,"Instituto Huichapense de Cultura","1994-04-24","Ayuntamiento de Huichapan",13,"Hidalgo",29,"Huichapan",1,"Huichapan","Manuel González 3","Col. Huichapan","42400","","","https://www.facebook.com/InstitutodeCulturaHuichapan/?locale=es_LA","esther_lp21@hotmail.com",-99.64969,20.37484,"http://sic.gob.mx/ficha.php?table=institucion_cultural_mun&table_id=321","2024-04-29 11:53:15-06"
429,"Dirección de Cultura de Jacala de Ledezma","1991-02-21","Ayuntamiento de Jacala de Ledezma",13,"Hidalgo",31,"Jacala de Ledezma",1,"Jacala","Av. Pino Suárez s/n","Col. San Isidro","42200","","https://www.facebook.com/p/Direcci%C3%B3n-de-Arte-y-Cultura-Jacala-de-Ledezma-Hgo-100066648932554/","","deptocultura20.24@gmail.com",-99.19095,21.00718,"http://sic.gob.mx/ficha.php?table=institucion_cultural_mun&table_id=429","2026-02-09 18:45:10-06"
813,"Instituto Municipal para la Cultura de Pachuca","2014-12-29"," Ayuntamiento de Pachuca de Soto",13,"Hidalgo",48,"Pachuca de Soto",1,"Pachuca de Soto","Arispe 108 entre Viaducto Nuevo Hidalgo y Matamoros","Centro","42000","","https://www.pachuca.gob.mx/portal/instituto-municipal-para-la-cultura/","","culturaparapachuca@gmail.com",-98.73181,20.12721,"http://sic.gob.mx/ficha.php?table=institucion_cultural_mun&table_id=813","2026-08-26 09:13:13-06"
466,"Dirección de Cultura y Turismo de Tecozautla","1000-01-01","Ayuntamiento de Tecozautla",13,"Hidalgo",59,"Tecozautla",1,"Tecozautla","Plaza de la Constitución 1","Centro","42440","","","","presidencia@tecozautla.gob.mx",-99.63495,20.53387,"http://sic.gob.mx/ficha.php?table=institucion_cultural_mun&table_id=466","2025-12-19 19:45:21-06"
329,"Dirección de Cultura de Tepeapulco","1000-01-01","Ayuntamiento de Tepeapulco",13,"Hidalgo",61,"Tepeapulco",1,"Tepeapulco","Plaza de la Constitución 8","Centro","43970","","https://tepeapulco.gob.mx/","","presidencia_@tepeapulco.gob.mx, casadelacultura@tepeapulco.gob.mx",-98.55307,19.78607,"http://sic.gob.mx/ficha.php?table=institucion_cultural_mun&table_id=329","2024-01-24 07:06:22-06"
433,"Coordinación de Cultura y Educación","1000-01-01","Ayuntamiento de Tepeji del Río de Ocampo",13,"Hidalgo",63,"Tepeji del Río de Ocampo",1,"Tepeji del Río de Ocampo","José Luis Cuevas 8","Col. El Cerrito","42852","","","","cculturatepeji@gmail.com",0,0,"http://sic.gob.mx/ficha.php?table=institucion_cultural_mun&table_id=433","2017-01-12 11:01:00-06"
324,"Dirección de Cultura de Villa de Tezontepec","1000-01-01","Ayuntamiento de Villa de Tezontepec",13,"Hidalgo",66,"Villa de Tezontepec",1,"Tezontepec","","","","","","","cculturavilla@hotmail.com",0,0,"http://sic.gob.mx/ficha.php?table=institucion_cultural_mun&table_id=324","2021-03-24 09:28:55-06"
853,"Dirección de Cultura y Artes de Tizayuca","2014-08-27","Ayuntamiento de Tizayuca",13,"Hidalgo",69,"Tizayuca",1,"Tizayuca","Cda. Allende s/n a un costado del Río Papalote","Centro","43800","","https://www.tizayuca.gob.mx/","https://www.facebook.com/CulturayArtesTizayuca","cultura@tizayuca.gob.mx",-98.98164,19.84093,"http://sic.gob.mx/ficha.php?table=institucion_cultural_mun&table_id=853","2026-09-07 10:31:34-06"
497,"Dirección de Educación y Cultura de Tlahuelilpan","1000-01-01","Ayuntamiento de Tlahuelipan",13,"Hidalgo",70,"Tlahuelilpan",1,"Tlahuelilpan","Av. Universidad s/n","Centro","42780","","https://www.facebook.com/pg/CentroRegionalTlahuelilpan","https://tlahuelilpan.gob.mx/?lng=es","cultura@tlahuelilpan.gob.mx.",-99.23476,20.13081,"http://sic.gob.mx/ficha.php?table=institucion_cultural_mun&table_id=497","2026-05-27 18:33:30-06"
784,"Dirección de Cultura de Tlaxcoapan","2020-12-15","Ayuntamiento de Tlaxcoapan",13,"Hidalgo",74,"Tlaxcoapan",1,"Tlaxcoapan","Centro","Plaza Principal s/n","42950","","https://tlaxcoapan.hidalgo.gob.mx/","","presidencia.tlaxcoapan2020@gmail.com; educycul2024@gmail.com",-99.22181,20.09174,"http://sic.gob.mx/ficha.php?table=institucion_cultural_mun&table_id=784","2025-10-17 16:24:21-06"
465,"Dirección de Cultura de Tolcayuca","1994-01-01","Ayuntamiento de Tolcayuca",13,"Hidalgo",75,"Tolcayuca",1,"Tolcayuca","Av. Reforma s/n","Col. Independencia","43860","","","","centro.culturaltolcayuca@gmail.com",-98.91731,19.95882,"http://sic.gob.mx/ficha.php?table=institucion_cultural_mun&table_id=465","2026-01-26 11:18:18-06"
316,"Dirección de Educación y Cultura de Tula de Allende","1998-09-16","Ayuntamiento de Tula de Allende",13,"Hidalgo",76,"Tula de Allende",1,"Tula de Allende","Plaza del Nacionalismo s/n","Centro","42800","","","https://tula.gob.mx/gobierno/directorio/","culturatula@gmail.com, presidencia@tula.gob.mx",-99.33272,20.0518,"http://sic.gob.mx/ficha.php?table=institucion_cultural_mun&table_id=316","2025-10-09 19:19:44-06"
325,"Dirección de Cultura de Tulancingo","2021-02-01","Ayuntamiento de Tulancingo",13,"Hidalgo",77,"Tulancingo de Bravo",1,"Tulancingo","Parque Juárez 105","Centro","43600","","","https://www.facebook.com/PresidenciaTulancingo/?locale=es_LA","direcciondecultura@tulancingo.gob.mx",-98.36896,20.08085,"http://sic.gob.mx/ficha.php?table=institucion_cultural_mun&table_id=325","2026-06-10 13:41:57-06"
334,"Dirección de Educación y Cultura de Zacualtipán de Ángeles","1000-01-01","Ayuntamiento de Zacualtipán de Ángeles",13,"Hidalgo",81,"Zacualtipán de Ángeles",1,"Zacualtipán","Benito Juárez s/n","Centro","43200","","http://zacualtipan.hidalgo.gob.mx/","https://www.facebook.com/H-Ayuntamiento-Zacualtip%C3%A1n-de-%C3%81ngeles-Hidalgo-2020-2024-102472318437502","h.ayuntamientozacualtipan@gmail.com; educultzacualtipan@gmail.com",-98.65361,20.64518,"http://sic.gob.mx/ficha.php?table=institucion_cultural_mun&table_id=334","2021-04-13 05:00:30-05"
776,"Dirección de Cultura de Zempoala","1000-01-01","Ayuntamiento de Zempoala",13,"Hidalgo",83,"Zempoala",1,"Zempoala","Nicolás Bravo s/n","Centro","43830","","https://zempoala.gob.mx/","","zempoalacultura@gmail.com",-98.66841,19.91687,"http://sic.gob.mx/ficha.php?table=institucion_cultural_mun&table_id=776","2025-06-02 11:09:03-06"
517,"Dirección de Cultura de Acatic","1000-01-01","Ayuntamiento de Acatic",14,"Jalisco",1,"Acatic",1,"Acatic","Javier Mina 18","Centro","45470","","https://acatic.com.mx/","","cultura@acatic.gob.mx",-102.90932,20.77702,"http://sic.gob.mx/ficha.php?table=institucion_cultural_mun&table_id=517","2024-11-15 10:32:06-06"
585,"Dirección de Cultura de Acatlán de Juárez","1000-01-01","Ayuntamiento de Acatlán de Juárez",14,"Jalisco",2,"Acatlán de Juárez",1,"Acatlán de Juárez","Dr. Tranquilino Elizondo 71","Centro","45700","","","","gobierno_acatlan@hotmail.com",-103.58722,20.42139,"http://sic.gob.mx/ficha.php?table=institucion_cultural_mun&table_id=585","2024-01-31 04:54:01-06"
326,"Dirección de Cultura de Ahualulco de Mercado","1000-01-01","Ayuntamiento de Ahualulco de Mercado",14,"Jalisco",3,"Ahualulco de Mercado",1,"Ahualulco de Mercado","","","","","","","culturahualulco@hotmail.com",-103.97652,20.70111,"http://sic.gob.mx/ficha.php?table=institucion_cultural_mun&table_id=326","2025-10-07 18:34:03-06"
327,"Dirección de Cultura de Amacueca","2001-01-01","Ayuntamiento de Amacueca",14,"Jalisco",4,"Amacueca",1,"Amacueca","Pedro Moreno 2","Centro","49370","","https://amacueca.jalisco.gob.mx/","","cultura.amacueca@gmail.com",-103.59889,20.01188,"http://sic.gob.mx/ficha.php?table=institucion_cultural_mun&table_id=327","2024-01-10 06:03:29-06"
474,"Dirección de Cultura de Amatitán","2007-01-15","Ayuntamiento de Amatitán",14,"Jalisco",5,"Amatitán",1,"Amatitán","Brígido Ramírez 1","Centro","45380","","","","turismoyculturaamatitan@gmail.com ",-103.72561,20.83105,"http://sic.gob.mx/ficha.php?table=institucion_cultural_mun&table_id=474","2025-06-04 13:43:40-06"
328,"Dirección de Cultura de Ameca","1997-01-01","Ayuntamiento de Ameca",14,"Jalisco",6,"Ameca",1,"Ameca","Juárez s/n","Centro","46600","","","","presidencia.ameca15@gmail.com",-104.04702,20.54783,"http://sic.gob.mx/ficha.php?table=institucion_cultural_mun&table_id=328","2025-11-04 19:52:13-06"
580,"Dirección de Cultura de San Juanito de Escobedo","1000-01-01","Ayuntamiento de San Juanito de Escobedo",14,"Jalisco",7,"San Juanito de Escobedo",1,"San Juanito de Escobedo","Benito Juárez 13","Centro","46560","","","","bettygarcia1508@gmail.com",-104.00121,20.80011,"http://sic.gob.mx/ficha.php?table=institucion_cultural_mun&table_id=580","2023-11-21 06:33:16-06"
354,"Dirección de Cultura de Arandas","1000-01-01","Ayuntamiento de Arandas",14,"Jalisco",8,"Arandas",1,"Arandas","Francisco Mora 73","Centro","47180","","https://arandas.gob.mx/gobierno/","","cultura@arandas.gob.mx",-102.34515,20.70494,"http://sic.gob.mx/ficha.php?table=institucion_cultural_mun&table_id=354","2023-10-12 05:31:36-06"
578,"Dirección de Cultura de El Arenal","1000-01-01","",14,"Jalisco",9,"El Arenal",0,"Total del Municipio","","","","","","","elarenaljalisco2018.2021@gmail.com",0,0,"http://sic.gob.mx/ficha.php?table=institucion_cultural_mun&table_id=578","2019-07-28 18:38:17-05"
586,"Dirección de Cultura de Atemajac de Brizuela","1000-01-01","Ayuntamiento de Atemajac de Brizuela",14,"Jalisco",10,"Atemajac de Brizuela",1,"Atemajac de Brizuela","","","","","","","atemajacdebrizuela@yahoo.com; contacto@atemajac.gob.mx",-103.72444,20.13944,"http://sic.gob.mx/ficha.php?table=institucion_cultural_mun&table_id=586","2021-08-13 09:53:22-05"
555,"Dirección de Cultura de Atengo","1000-01-01","",14,"Jalisco",11,"Atengo",0,"Total del Municipio","","","","","","","casadelacultura_atengo@hotmail.com",-104.23891,20.27455,"http://sic.gob.mx/ficha.php?table=institucion_cultural_mun&table_id=555","2025-06-17 16:00:27-06"
572,"Dirección de Cultura de Atenguillo","1000-01-01","",14,"Jalisco",12,"Atenguillo",0,"Total del Municipio","","","","","","","cultura@atenguillo.gob.mx",0,0,"http://sic.gob.mx/ficha.php?table=institucion_cultural_mun&table_id=572","2019-07-28 08:26:25-05"
526,"Dirección de Cultura de Atotonilco El Alto","1000-01-01","",14,"Jalisco",13,"Atotonilco el Alto",1,"Atotonilco el Alto","Centro","Juárez 1","47550","","","","cultura@atotonilco.gob.mx; presidenciamunicipal@atotonilco.gob.mx",-102.50821,20.55142,"http://sic.gob.mx/ficha.php?table=institucion_cultural_mun&table_id=526","2025-10-06 18:35:34-06"
587,"Dirección de Cultura de Atoyac","1000-01-01","",14,"Jalisco",14,"Atoyac",0,"Total del Municipio","Independencia 96","Centro","49200","","","","culturaatoyac@hotmail.com",-103.51792,20.00852,"http://sic.gob.mx/ficha.php?table=institucion_cultural_mun&table_id=587","2026-06-23 18:13:17-06"
556,"Dirección de Cultura de Autlán de Navarro","1000-01-01","",14,"Jalisco",15,"Autlán de Navarro",0,"Total del Municipio","","","","","","","",0,0,"http://sic.gob.mx/ficha.php?table=institucion_cultural_mun&table_id=556","2019-07-27 16:56:47-05"
527,"Dirección de Cultura de Ayotlán","1000-01-01","",14,"Jalisco",16,"Ayotlán",0,"Total del Municipio","Ignacio Zaragoza 159","El Caracol","47930","","https://www.facebook.com/people/Cultura-y-Turismo-Ayotl%C3%A1n-Jalisco-2024-2027/61566983951906/","","culturamunicipal@ayotlan.mx",-102.32586,20.52559,"http://sic.gob.mx/ficha.php?table=institucion_cultural_mun&table_id=527","2026-06-22 17:04:28-06"
557,"Dirección de Cultura de Ayutla","1000-01-01","",14,"Jalisco",17,"Ayutla",1,"Ayutla","Ramón Corona 1","Centro","46730 ","","https://www.facebook.com/CulturaDeAyutla/","","culturaayutla@outlook.com; cultura@ayutla.gob.mx",-104.34648,20.13037,"http://sic.gob.mx/ficha.php?table=institucion_cultural_mun&table_id=557","2026-04-15 18:22:52-06"
529,"Dirección de Cultura de La Barca","1000-01-01","Ayuntamiento de La Barca",14,"Jalisco",18,"La Barca",1,"La Barca","Corregidora 139","Centro","47910","","","","casadelaculturalabarca@gmail.com",-102.54392,20.28763,"http://sic.gob.mx/ficha.php?table=institucion_cultural_mun&table_id=529","2024-11-25 12:13:23-06"
503,"Dirección de Cultura de Bolaños","1000-01-01","",14,"Jalisco",19,"Bolaños",1,"Bolaños","Palacio 5","Centro","46130 ","","https://bolanosjal.gob.mx/turismo/","","ayuntamientobolanos24.27@gmail.com",-103.78169,21.83055,"http://sic.gob.mx/ficha.php?table=institucion_cultural_mun&table_id=503","2026-04-15 17:46:37-06"
573,"Dirección de Cultura de Cabo Corrientes","1000-01-01","",14,"Jalisco",20,"Cabo Corrientes",0,"Total del Municipio","Portal Hidalgo 12","Ce","48400","","","","",-105.32735,20.32014,"http://sic.gob.mx/ficha.php?table=institucion_cultural_mun&table_id=573","2026-04-16 18:34:17-06"
475,"Dirección de Cultura de Casimiro Castillo","1985-01-07","Ayuntamiento de Casimiro Castillo",14,"Jalisco",21,"Casimiro Castillo",1,"La Resolana","Niños Héroes 79","Centro","48930","","www.casimirocastillojal.gob.mx","","casaculturacc@hotmail.com; uttransparencia@casimirocastillojal.gob.mx",-104.43963,19.6052,"http://sic.gob.mx/ficha.php?table=institucion_cultural_mun&table_id=475","2019-07-28 08:07:40-05"
567,"Dirección de Cultura de Cihuatlán","1000-01-01","",14,"Jalisco",22,"Cihuatlán",0,"Total del Municipio","","","","","","","cultura@cihuatlan.gob.mx",0,0,"http://sic.gob.mx/ficha.php?table=institucion_cultural_mun&table_id=567","2019-07-28 08:14:15-05"
554,"Dirección de Cultura de Zapotlán el Grande","1000-01-01","",14,"Jalisco",23,"Zapotlán el Grande",0,"Total del Municipio","","","","","",""," c_culturazapotlan@hotmail.com",0,0,"http://sic.gob.mx/ficha.php?table=institucion_cultural_mun&table_id=554","2019-07-27 16:51:59-05"
339,"Dirección de Cultura y Turismo de Cocula","1000-01-01","Ayuntamiento de Cocula",14,"Jalisco",24,"Cocula",0,"Total del Municipio","Álvaro Obregón s/n","Centro","48500","","https://www.facebook.com/p/Cultura-y-Turismo-Cocula-Jalisco-2024-2027-61567463130951/","","culturayturismococula@gmail.com",-103.82286,20.36542,"http://sic.gob.mx/ficha.php?table=institucion_cultural_mun&table_id=339","2026-04-16 17:47:23-06"
504,"Dirección de Cultura de Colotlán","1000-01-01","Ayuntamiento de Colotlán",14,"Jalisco",25,"Colotlán",1,"Colotlán","Nicolás Bravo 29","Centro","46200","","https://www.colotlan.gob.mx/","","cultura.colotlan2124@gmail.com",-103.2693,22.11477,"http://sic.gob.mx/ficha.php?table=institucion_cultural_mun&table_id=504","2024-05-31 11:49:43-06"
534,"Dirección de Cultura de Concepción de Buenos Aires","1000-01-01","Ayuntamiento de Concepción de Buenos Aires",14,"Jalisco",26,"Concepción de Buenos Aires",1,"Concepción de Buenos Aires","Aquiles Serdán 35","Centro","49170","","https://concepciondebuenosaires.jalisco.gob.mx","https://www.facebook.com/ConcepciondeBuenosAiresAyuntamiento","casadelaculturaconcepcion@gmail.com",-103.25857,19.97866,"http://sic.gob.mx/ficha.php?table=institucion_cultural_mun&table_id=534","2026-07-28 11:15:44-06"
568,"Dirección de Cultura de Cuautitlán de García Barragán","1000-01-01","Ayuntamiento de Cuautitlán de García Barragán",14,"Jalisco",27,"Cuautitlán de García Barragán",1,"Cuautitlán de García Barragán","Marcelino García Barragán 167","Centro","48950","","https://cuautitlan-jalisco.gob.mx/","","casa.cultura@cuautitlan-jalisco.gob.mx",-104.35857,19.45265,"http://sic.gob.mx/ficha.php?table=institucion_cultural_mun&table_id=568","2024-02-02 07:00:58-06"
356,"Dirección de Cultura de Cuautla","1000-01-01","Ayuntamiento de Cuautla",14,"Jalisco",28,"Cuautla",1,"Cuautla","","","","","",""," dircultura@cuautlajalisco.gob.mx",-98.95515,18.81283,"http://sic.gob.mx/ficha.php?table=institucion_cultural_mun&table_id=356","2025-10-20 19:52:12-06"
338,"Dirección de Cultura de Cuquío","2006-01-01","Ayuntamiento de Cuquío",14,"Jalisco",29,"Cuquío",1,"Cuquío","","","","","","","culturacuquio1821@hotmail.com",-103.02293,20.92902,"http://sic.gob.mx/ficha.php?table=institucion_cultural_mun&table_id=338","2025-10-06 19:08:27-06"
535,"Dirección de Cultura de Chapala","1000-01-01","Ayuntamiento de Chapala",14,"Jalisco",30,"Chapala",1,"Chapala","Francisco I. Madero 220","Centro","45900","","https://chapala.gob.mx/","","cultura@chapala.gob.mx",-103.19283,20.28999,"http://sic.gob.mx/ficha.php?table=institucion_cultural_mun&table_id=535","2025-09-25 17:25:25-06"
505,"Dirección de Cultura y Turismo de Chimaltitán","1000-01-01","",14,"Jalisco",31,"Chimaltitán",1,"Chimaltitán","Palacio Municipal s/n","Centro","46300","","","https://www.facebook.com/chimaltitancultura21.24/?paipv=0&eav=AfauD-fNb_tUjzti0A0iICfHtheZAjndjFVrkerVSm6kxrPhPw5s59WwVhtJE6jCUTw&_rdr","cultura2324chimaltitan@gmail.com",-103.78065,21.77985,"http://sic.gob.mx/ficha.php?table=institucion_cultural_mun&table_id=505","2024-01-29 05:02:08-06"
558,"Dirección de Cultura de Chiquilistlán","1000-01-01","Ayuntamiento de Chiquilistlán",14,"Jalisco",32,"Chiquilistlán",1,"Chiquilistlán","López Cotilla 1","Centro","48640","","","","presidencia@chiquilistlan.gob.mx",-103.85806,20.08861,"http://sic.gob.mx/ficha.php?table=institucion_cultural_mun&table_id=558","2021-10-11 08:57:39-05"
342,"Dirección de Educación, Cultura y Turismo de Degollado","1000-01-01","Ayuntamiento de Degollado",14,"Jalisco",33,"Degollado",1,"Degollado","Juárez 38","Centro","47980","","","","educacioncultura@degollado.gob.mx",-102.13412,20.44625,"http://sic.gob.mx/ficha.php?table=institucion_cultural_mun&table_id=342","2024-04-16 09:48:12-06"
559,"Dirección de Cultura de Ejutla","1000-01-01","",14,"Jalisco",34,"Ejutla",0,"Total del Municipio","","","","","","","cultura-turismo1821ejutla@outlook.com ",0,0,"http://sic.gob.mx/ficha.php?table=institucion_cultural_mun&table_id=559","2019-07-28 07:37:59-05"
340,"Dirección de Cultura de Encarnación de Díaz","1000-01-01","Ayuntamiento de Encarnación de Diaz",14,"Jalisco",35,"Encarnación de Díaz",1,"Encarnación de Díaz","Ramón Corona 117","Centro","47270","","","","casadeculturaenc1821@gmail.com",-102.23951,21.52535,"http://sic.gob.mx/ficha.php?table=institucion_cultural_mun&table_id=340","2025-08-15 17:27:02-06"
341,"Dirección de Cultura de Etzatlán","1000-01-01","Ayuntamiento de Etzatlán",14,"Jalisco",36,"Etzatlán",1,"Etzatlán","Antonio Escobedo 320","Centro","46500 ","","https://www.facebook.com/culturaetzatlan/?locale=es_LA","","culturayturismo@etzatlan.gob.mx",-104.08081,20.76372,"http://sic.gob.mx/ficha.php?table=institucion_cultural_mun&table_id=341","2026-04-15 19:31:26-06"
560,"Dirección de Cultura de El Grullo","1000-01-01","",14,"Jalisco",37,"El Grullo",0,"Total del Municipio","","","","","","","",-104.22586,19.80995,"http://sic.gob.mx/ficha.php?table=institucion_cultural_mun&table_id=560","2025-06-27 19:07:36-06"
343,"Dirección de Cultura de Guachinango","1000-01-01","Ayuntamiento de Guachinango",14,"Jalisco",38,"Guachinango",1,"Guachinango","","","","","http://www.guachinango-jalisco.org/","","",0,0,"http://sic.gob.mx/ficha.php?table=institucion_cultural_mun&table_id=343","2019-07-28 13:30:43-05"
289,"Dirección de Cultura de Guadalajara","2010-01-01","Ayuntamiento de Guadalajara",14,"Jalisco",39,"Guadalajara",1,"Guadalajara","Pino Suárez 254","Centro Histórico","44100","","https://guadalajara.gob.mx/gdlWeb/#/principal","","joluiscultura@gmail.com",-103.34589,20.68052,"http://sic.gob.mx/ficha.php?table=institucion_cultural_mun&table_id=289","2023-08-02 07:34:45-06"
579,"Dirección de Cultura de Hostotipaquillo","1000-01-01","",14,"Jalisco",40,"Hostotipaquillo",0,"Total del Municipio","","","","","","","",0,0,"http://sic.gob.mx/ficha.php?table=institucion_cultural_mun&table_id=579","2019-07-28 18:42:53-05"
506,"Dirección de Cultura de Huejúcar","1000-01-01","",14,"Jalisco",41,"Huejúcar",0,"Total del Municipio","","","","","","","",0,0,"http://sic.gob.mx/ficha.php?table=institucion_cultural_mun&table_id=506","2019-07-27 12:56:55-05"
507,"Dirección de Cultura de Huejuquilla el Alto","1000-01-01","",14,"Jalisco",42,"Huejuquilla el Alto",1,"Huejuquilla el Alto","Colón s/n esq. Victoria","Centro","46000","","","","miriencita83@gmail.com",-103.89417,22.62861,"http://sic.gob.mx/ficha.php?table=institucion_cultural_mun&table_id=507","2023-02-13 05:05:52-06"
569,"Dirección de Cultura de La Huerta","1000-01-01","",14,"Jalisco",43,"La Huerta",0,"Total del Municipio","Benito Juárez 15","Centro","48850","","https://www.facebook.com/Ayuntamiento.La.Huerta","","",-104.63909,19.48303,"http://sic.gob.mx/ficha.php?table=institucion_cultural_mun&table_id=569","2026-06-23 19:33:02-06"
457,"Dirección de Cultura de Ixtlahuacán de los Membrillos","1000-01-01","Ayuntamiento de Ixtlahuacán de los Membrillos",14,"Jalisco",44,"Ixtlahuacán de los Membrillos",1,"Ixtlahuacán de los Membrillos","Calle 16 de Septiembre s/n","Centro","45850","","","","veronica.ramirez@imembrillos.gob.mx; presidencia@imembrillos.gob.mx",0,0,"http://sic.gob.mx/ficha.php?table=institucion_cultural_mun&table_id=457","2023-10-27 06:25:02-06"
596,"Dirección de Cultura de Ixtlahuacán del Río","1000-01-01","Ayuntamiento de Ixtlahuacán del Río",14,"Jalisco",45,"Ixtlahuacán del Río",1,"Ixtlahuacán del Río","Industria 403","Col. de la Cruz","45260","","","","ccc.ixtlahuacandelrío@gmail.com",-103.24312,20.86451,"http://sic.gob.mx/ficha.php?table=institucion_cultural_mun&table_id=596","2025-08-21 19:11:09-06"
519,"Dirección de Cultura de Jalostotitlán","1000-01-01","",14,"Jalisco",46,"Jalostotitlán",0,"Total del Municipio","Allende 28","Centro","47120","","","","casaculturajalos@gmail.com",-102.46843,21.16721,"http://sic.gob.mx/ficha.php?table=institucion_cultural_mun&table_id=519","2026-04-15 18:32:50-06"
528,"Dirección de Cultura de Jamay","2006-05-15","Ayuntamiento de Jamay",14,"Jalisco",47,"Jamay",1,"Jamay","Francisco I. Madero 14","Centro","47900","","","","cultura.jamay@gmail.com",-102.71066,20.28996,"http://sic.gob.mx/ficha.php?table=institucion_cultural_mun&table_id=528","2024-05-22 10:01:25-06"
520,"Dirección de Cultura de Jesús María","1000-01-01","Ayuntamiento de Jesús María",14,"Jalisco",48,"Jesús María",1,"Jesús María","Constitución 56","Centro","47950","","","","cultura.jesus.maria.jalisco@gmail.com",-102.22231,20.60548,"http://sic.gob.mx/ficha.php?table=institucion_cultural_mun&table_id=520","2023-10-20 05:26:44-06"
545,"Dirección de Cultura de Jilotlán de los Dolores","1000-01-01","",14,"Jalisco",49,"Jilotlán de los Dolores",0,"Total del Municipio","Emiliano Zapata s/n","Centro","49950","","","","culturajilo15-18@gmail.com; h.ayuntamiento247@gmail.com",-103.01957,19.37158,"http://sic.gob.mx/ficha.php?table=institucion_cultural_mun&table_id=545","2026-06-22 16:37:26-06"
536,"Dirección de Cultura de Jocotepec","1000-01-01","",14,"Jalisco",50,"Jocotepec",0,"Total del Municipio","","","","","","","",0,0,"http://sic.gob.mx/ficha.php?table=institucion_cultural_mun&table_id=536","2019-07-27 15:21:18-05"
597,"Dirección de Cultura, Eduación y Deporte de Juanacatlán","1000-01-01","Goibierno Municipal de Juanacatlán",14,"Jalisco",51,"Juanacatlán",1,"Juanacatlán","Herrera y Cairo 84","Centro","45880","","https://juanacatlan.gob.mx/directorio.html","","presidencia@juanacatlan.gob.mx",-103.1697,20.51021,"http://sic.gob.mx/ficha.php?table=institucion_cultural_mun&table_id=597","2023-10-17 05:09:21-06"
562,"Dirección de Cultura de Juchitlán","2017-01-01","",14,"Jalisco",52,"Juchitlán",0,"Total del Municipio","","","","","","","",0,0,"http://sic.gob.mx/ficha.php?table=institucion_cultural_mun&table_id=562","2025-07-21 16:59:50-06"
335,"Dirección de Cultura de Lagos de Moreno","2012-10-02","Ayuntamiento de Lagos de Moreno",14,"Jalisco",53,"Lagos de Moreno",1,"Lagos de Moreno","2da. calle de Miguel Leandro Guerra s/n","Centro","47400","","https://www.instagram.com/centrocultural.museolagos/","https://www.facebook.com/GobiernodeLagosdeMoreno/","culturalagosdemoreno@gmail.com; culturalagos@ldm.gob.mx",-101.92959,21.35427,"http://sic.gob.mx/ficha.php?table=institucion_cultural_mun&table_id=335","2025-08-20 09:23:30-06"
561,"Dirección de Cultura de El Limón","1000-01-01","",14,"Jalisco",54,"El Limón",0,"Total del Municipio","","","","","","","",0,0,"http://sic.gob.mx/ficha.php?table=institucion_cultural_mun&table_id=561","2019-07-28 07:45:57-05"
336,"Dirección de Cultura de Magdalena","2010-01-01","Ayuintamiento de Magdalena",14,"Jalisco",55,"Magdalena",1,"Magdalena","Javier Mina 44","Centro","46470","","http://www.magdalenajalisco.org","","cultura@magdalenajalisco.gob.mx",-103.98038,20.90855,"http://sic.gob.mx/ficha.php?table=institucion_cultural_mun&table_id=336","2025-10-15 16:10:00-06"
540,"Dirección de Cultura de Santa María del Oro","1000-01-01","Ayuntamiento de Santa María del Oro",14,"Jalisco",56,"Santa María del Oro",1,"Santa María del Oro","Hidalgo 3","Centro","49970","","","","culturasantamaria@gmail.com",-102.90975,19.58708,"http://sic.gob.mx/ficha.php?table=institucion_cultural_mun&table_id=540","2023-10-12 07:09:51-06"
537,"Dirección de Cultura de La Manzanilla de la Paz","1000-01-01","",14,"Jalisco",57,"La Manzanilla de la Paz",0,"Total del Municipio","","","","","","","culturamanzanilla1821@gmail.com",-103.15563,20.00511,"http://sic.gob.mx/ficha.php?table=institucion_cultural_mun&table_id=537","2025-06-13 19:17:48-06"
337,"Dirección de Cultura de Mascota","2001-08-11","Ayuntamiento de Mascota",14,"Jalisco",58,"Mascota",1,"Mascota","Allende 115","Centro","46900","","","","casadelacultura.mascota@gmail.com",-104.78222,20.52556,"http://sic.gob.mx/ficha.php?table=institucion_cultural_mun&table_id=337","2024-10-22 13:12:44-06"
538,"Dirección de Cultura de Mazamitla","1000-01-01","",14,"Jalisco",59,"Mazamitla",0,"Total del Municipio","","","","","",""," cultura.maza@outlook.com",0,0,"http://sic.gob.mx/ficha.php?table=institucion_cultural_mun&table_id=538","2019-07-27 15:49:25-05"
521,"Dirección de Cultura de Mexticacán","1000-01-01","",14,"Jalisco",60,"Mexticacán",0,"Total del Municipio","Morelos 1","Centro","47340","","https://www.facebook.com/TurismoyCulturaMexticacan/","","casadeculturamexty@hotmail.com",-102.77729,21.26464,"http://sic.gob.mx/ficha.php?table=institucion_cultural_mun&table_id=521","2026-06-22 17:52:08-06"
508,"Dirección de Cultura de Mezquitic","1000-01-01","",14,"Jalisco",61,"Mezquitic",0,"Total del Municipio","","","","","","","casadelacultura_20182021@hotmail.com",0,0,"http://sic.gob.mx/ficha.php?table=institucion_cultural_mun&table_id=508","2019-07-27 12:58:20-05"
574,"Dirección de Cultura de Mixtlán","1000-01-01","",14,"Jalisco",62,"Mixtlán",0,"Total del Municipio","","","","","","","",0,0,"http://sic.gob.mx/ficha.php?table=institucion_cultural_mun&table_id=574","2019-07-28 13:37:42-05"
530,"Dirección de Arte y Cultura de Ocotlán","1000-01-01","",14,"Jalisco",63,"Ocotlán",0,"Total del Municipio","Miguel Hidalgo 65","Centro","47800 ","","https://gobiernodeocotlan.gob.mx/controller/dependences/culture_controller?op=index","","culturaocotlan2024@gmail.com",-102.77433,20.3466,"http://sic.gob.mx/ficha.php?table=institucion_cultural_mun&table_id=530","2026-04-15 20:00:38-06"
512,"Dirección de Cultura de Ojuelos de Jalisco","1000-01-01","Ayuntamiento de Ojuelos de Jalisco",14,"Jalisco",64,"Ojuelos de Jalisco",1,"Ojuelos de Jalisco","Plaza Principal 1","Centro","47540","","","","cultura.ojuelos2124@live.com",-101.59238,21.86572,"http://sic.gob.mx/ficha.php?table=institucion_cultural_mun&table_id=512","2025-10-22 19:22:12-06"
546,"Dirección de Cultura de Pihuamo","1000-01-01","",14,"Jalisco",65,"Pihuamo",0,"Total del Municipio","López Cotilla 15  ","Centro","49870","","","","casaculturapihuamo@hotmail.com",-103.37826,19.25507,"http://sic.gob.mx/ficha.php?table=institucion_cultural_mun&table_id=546","2026-04-16 18:04:48-06"
531,"Dirección de Cultura de Poncitlán","1000-01-01","",14,"Jalisco",66,"Poncitlán",0,"Total del Municipio","","","","","","","",0,0,"http://sic.gob.mx/ficha.php?table=institucion_cultural_mun&table_id=531","2019-07-27 15:04:04-05"
575,"Instituto Vallartense de Cultura","1000-01-01","Organismo Público Descentralizado del Gobierno Municipal",14,"Jalisco",67,"Puerto Vallarta",1,"Puerto Vallarta","Aquiles Serdán 437-Int. 38","Zona Romántica Emiliano Zapata","48380","","https://cultura.puertovallarta.gob.mx/","","info@institutovallartensecultura.com",-105.23237,20.60585,"http://sic.gob.mx/ficha.php?table=institucion_cultural_mun&table_id=575","2021-08-09 13:20:44-05"
571,"Dirección de Arte y Cultura de Villa Purificación","1000-01-01","",14,"Jalisco",68,"Villa Purificación",0,"Total del Municipio","","","","","","","arteyculturavp1821@gmail.com",0,0,"http://sic.gob.mx/ficha.php?table=institucion_cultural_mun&table_id=571","2019-07-28 08:24:12-05"
539,"Dirección de Cultura de Quitupan","1000-01-01","",14,"Jalisco",69,"Quitupan",1,"Quitupan","Libertad 42","Centro","49570","","https://www.facebook.com/QuitupanJal/?locale=es_LA","","faviorojas7520@gmail.com",-102.87765,19.92754,"http://sic.gob.mx/ficha.php?table=institucion_cultural_mun&table_id=539","2026-04-15 18:10:49-06"
595,"Dirección de Cultura de El Salto","1000-01-01","",14,"Jalisco",70,"El Salto",0,"Total del Municipio","","","","","","","",0,0,"http://sic.gob.mx/ficha.php?table=institucion_cultural_mun&table_id=595","2019-07-30 05:35:27-05"
598,"Dirección de Cultura de San Cristóbal de la Barranca","1000-01-01","",14,"Jalisco",71,"San Cristóbal de la Barranca",0,"Total del Municipio","","","","","","","",0,0,"http://sic.gob.mx/ficha.php?table=institucion_cultural_mun&table_id=598","2019-07-30 05:49:13-05"
513,"Dirección de Cultura de San Diego de Alejandría","1000-01-01","",14,"Jalisco",72,"San Diego de Alejandría",0,"Total del Municipio","","","","","","","casaculturasda@gmail.com",0,0,"http://sic.gob.mx/ficha.php?table=institucion_cultural_mun&table_id=513","2019-07-27 13:25:30-05"
514,"Dirección de Cultura de San Juan de los Lagos","1000-01-01","",14,"Jalisco",73,"San Juan de los Lagos",0,"Total del Municipio","","","","","","","culturasanjuan18@gmail.com",0,0,"http://sic.gob.mx/ficha.php?table=institucion_cultural_mun&table_id=514","2019-07-30 13:38:03-05"
522,"Dirección de Cultura de San Julián","1000-01-01","",14,"Jalisco",74,"San Julián",0,"Total del Municipio","Av. Hidalgo 49 Oriente","Centro","47170","","https://sanjulian.gob.mx/dependencias/cultura/","https://www.facebook.com/p/Direcci%C3%B3n-de-Cultura-San-Juli%C3%A1n-2024-2027-61566114191897/","cultura@sanjulian.gob.mx",-102.18098,21.011,"http://sic.gob.mx/ficha.php?table=institucion_cultural_mun&table_id=522","2026-08-19 12:11:11-06"
581,"Dirección de Cultura y Turismo de San Marcos","1000-01-01","",14,"Jalisco",75,"San Marcos",0,"Total del Municipio","Fransico Madero 27","Centro","46540","","https://www.facebook.com/p/Turismo-San-Marcos-61568686559661/","","culturayturismo.mc@outlook.com; turismo.sanmarcos2427@gmail.com",-104.19455,20.79077,"http://sic.gob.mx/ficha.php?table=institucion_cultural_mun&table_id=581","2026-06-23 18:31:39-06"
509,"Dirección de Cultura de San Martín de Bolaños","1000-01-01","Ayuntamiento de San Martín de Bolaños",14,"Jalisco",76,"San Martín de Bolaños",1,"San Martín de Bolaños","Cuauhtémoc s/n","Centro","46350","","","","ayuntamientosmb@yahoo.com.mx",-103.81417,21.68361,"http://sic.gob.mx/ficha.php?table=institucion_cultural_mun&table_id=509","2021-10-11 08:46:38-05"
588,"Dirección de Cultura de San Martín de Hidalgo","1000-01-01","",14,"Jalisco",77,"San Martín Hidalgo",1,"San Martín Hidalgo","Gabino Barreda 2","Centro","46770 ","","https://sanmartindehidalgo.gob.mx/","https://www.facebook.com/san.hidalgo.7","cultura@sanmartindehidalgo.gob.mx",-103.92941,20.43659,"http://sic.gob.mx/ficha.php?table=institucion_cultural_mun&table_id=588","2026-08-28 11:08:18-06"
523,"Dirección de Cultura de San Miguel el Alto","1000-01-01","",14,"Jalisco",78,"San Miguel el Alto",0,"Total del Municipio","","","","","","","casacultura_idolina@yahoo.com.mx",0,0,"http://sic.gob.mx/ficha.php?table=institucion_cultural_mun&table_id=523","2019-07-30 14:15:06-05"
544,"Dirección de Cultura de Gómez Farías","1000-01-01","Ayuntamiento de Gómez Farías",14,"Jalisco",79,"Gómez Farías",1,"San Sebastián del Sur","Leandro Valle 5","Centro","49120","","","","mariano_cano180493@outlook.com",-103.47815,19.79535,"http://sic.gob.mx/ficha.php?table=institucion_cultural_mun&table_id=544","2025-10-29 15:39:04-06"
576,"Dirección de Cultura de San Sebastián del Oeste","1000-01-01","",14,"Jalisco",80,"San Sebastián del Oeste",1,"San Sebastián del Oeste","Cuauhtémoc 90","Centro","46960","","https://www.facebook.com/p/Cultura-San-Sebasti%C3%A1n-del-Oeste-Jalisco-100066615104780/?locale=es_LA","","educación@sansebastiandeloeste.gob.mx; cultura@sansebastiandeloeste.gob.mx",-104.85167,20.76083,"http://sic.gob.mx/ficha.php?table=institucion_cultural_mun&table_id=576","2026-08-24 14:54:26-06"
510,"Dirección de Cultura de Santa María de los Angeles","1000-01-01","",14,"Jalisco",81,"Santa María de los Ángeles",1,"Santa María de los Ángeles","A. Valdéz 3","","46240","","","","culturasm1821@outlook.com; gobiernosantamaria2124@gmail.com",-103.22525,22.17305,"http://sic.gob.mx/ficha.php?table=institucion_cultural_mun&table_id=510","2026-08-19 11:17:11-06"
589,"Dirección de Cultura de Sayula","1000-01-01","Ayuntamiento de Sayula",14,"Jalisco",82,"Sayula",1,"Sayula","Portal Galeana 53","Centro","49300","","https://www.sayula.gob.mx/","https://www.facebook.com/w3noticias?locale=es_LA","culturasayula@gmail.com",-103.59722,19.88361,"http://sic.gob.mx/ficha.php?table=institucion_cultural_mun&table_id=589","2026-04-17 11:31:32-06"
582,"Dirección de Cultura de Tala","1000-01-01","",14,"Jalisco",83,"Tala",1,"Tala","Ramón Corona 5","Centro","45300","","https://tala.sapumu.com/municipio","https://www.facebook.com/GobiernoDeTala","cultura@talajalisco.gob.mx ",-103.70117,20.64949,"http://sic.gob.mx/ficha.php?table=institucion_cultural_mun&table_id=582","2026-08-25 14:32:12-06"
577,"Dirección de Cultura de Talpa de Allende","1000-01-01","",14,"Jalisco",84,"Talpa de Allende",0,"Total del Municipio","","","","","","","liz.peinado@talpadeallende.gob.mx",0,0,"http://sic.gob.mx/ficha.php?table=institucion_cultural_mun&table_id=577","2019-07-28 13:44:49-05"
548,"Dirección de Cultura de Tamazula de Gordiano","1000-01-01","",14,"Jalisco",85,"Tamazula de Gordiano",1,"Tamazula de Gordiano"," Hidalgo 238","San José del Platanar","49650","","https://tamazuladegordiano.gob.mx/new/","","casacultura@tamazuladegordiano.gob.mx ",-103.25785,19.67744,"http://sic.gob.mx/ficha.php?table=institucion_cultural_mun&table_id=548","2026-04-16 17:17:46-06"
590,"Dirección de Cultura de Tapalpa","1000-01-01","Ayuntamiento de Tapalpa",14,"Jalisco",86,"Tapalpa",1,"Tapalpa","Luis Enrique Bracamontes 1","Centro","49340","","https://www.tapalpa.gob.mx/","https://www.facebook.com/profile.php?id=100075601789769","culturatapalpa2124@gmail.com",-103.75918,19.9462,"http://sic.gob.mx/ficha.php?table=institucion_cultural_mun&table_id=590","2023-08-09 04:11:36-06"
549,"Dirección de Cultura de Tecalitlán","1000-01-01","Ayuntamiento de Tecatitlán",14,"Jalisco",87,"Tecalitlán",1,"Tecalitlán","Victoria 23","Centro","49900","","","","sergio.ramos@tecalitlan.gob.mx",-103.30665,19.47064,"http://sic.gob.mx/ficha.php?table=institucion_cultural_mun&table_id=549","2020-11-27 13:04:24-06"
563,"Dirección de Cultura de Tecolotlán","1000-01-01","",14,"Jalisco",88,"Tecolotlán",0,"Total del Municipio","Cristóbal de Ovejo 37","Centro","48540","","https://tecolotlan.gob.mx/municipio/area/cultura","","cultura@gobiernotecolotlan.com",-104.05039,20.20239,"http://sic.gob.mx/ficha.php?table=institucion_cultural_mun&table_id=563","2026-06-23 19:44:49-06"
591,"Dirección de Cultura de Techaluta de Montenegro","2005-12-09","Ayuntamiento de Techaluta de Montenegro",14,"Jalisco",89,"Techaluta de Montenegro",1,"Techaluta de Montenegro","Allende s/n","Centro","49230","","","","techaluta_jalisco@hotmail.com ",-103.55023,20.07246,"http://sic.gob.mx/ficha.php?table=institucion_cultural_mun&table_id=591","2024-09-05 10:10:39-06"
564,"Dirección de Cultura de Tenamaxtlán","1000-01-01","",14,"Jalisco",90,"Tenamaxtlán",0,"Total del Municipio","La Cadena s/n","Centro","48570","","","","casadelaculturatena@hotmail.com",-104.16188,20.21767,"http://sic.gob.mx/ficha.php?table=institucion_cultural_mun&table_id=564","2026-04-16 17:59:01-06"
391,"Dirección de Cultura de Teocaltiche","2013-09-01","Ayuntamiento de Teocaltiche",14,"Jalisco",91,"Teocaltiche",1,"Teocaltiche","Victoriano Salado Álvarez 84","Centro","47200","","",""," casapinta.teocal.cultura@hotmail.com",-102.57655,21.43479,"http://sic.gob.mx/ficha.php?table=institucion_cultural_mun&table_id=391","2025-10-17 18:41:06-06"
592,"Dirección de Cultura de Teocuitatlán de Corona","1000-01-01","",14,"Jalisco",92,"Teocuitatlán de Corona",0,"Total del Municipio","","","","","","","cculturateo@hotmail.com",0,0,"http://sic.gob.mx/ficha.php?table=institucion_cultural_mun&table_id=592","2019-07-30 05:20:19-05"
524,"Dirección de Arte y Cultura de Tepatitlán de Morelos","2014-01-01","Ayuntamiento de Tepatitlán de Morelos",14,"Jalisco",93,"Tepatitlán de Morelos",1,"Tepatitlán de Morelos","Hidalgo 197","Centro","47600","","https://www.tepatitlan.gob.mx/","https://www.facebook.com/GobiernodeTepatitlan","arteycultura@tepatitlan.gob.mx",-102.75816,20.81227,"http://sic.gob.mx/ficha.php?table=institucion_cultural_mun&table_id=524","2026-10-02 10:20:24-06"
583,"Dirección de Cultura de Tequila","1000-01-01","Ayuntamiento de Tequila",14,"Jalisco",94,"Tequila",1,"Tequila","Lerdo de Tejada s/n","Centro","46400","","https://tequilajalisco.gob.mx/","","cultura@tequilajalisco.gob.mx",-103.84007,20.88631,"http://sic.gob.mx/ficha.php?table=institucion_cultural_mun&table_id=583","2025-04-02 10:57:16-06"
584,"Dirección de Cultura de Teuchitlán","1000-01-01","",14,"Jalisco",95,"Teuchitlán",0,"Total del Municipio","16 de Septiembre 10","Centro","46760 ","","https://www.facebook.com/p/Gobierno-de-Teuchitl%C3%A1n-2024-2027-100076094149944/","https://teuchitlan.jalisco.gob.mx/inicio","presidencia@teuchitlan.gob.mx",-103.84738,20.68327,"http://sic.gob.mx/ficha.php?table=institucion_cultural_mun&table_id=584","2026-04-23 18:30:45-06"
541,"Dirección de Cultura de Tizapán el Alto","1000-01-01","",14,"Jalisco",96,"Tizapán el Alto",0,"Total del Municipio","","","","","","","tizapancultura@hotmail.com",0,0,"http://sic.gob.mx/ficha.php?table=institucion_cultural_mun&table_id=541","2019-07-27 15:58:42-05"
599,"Dirección de Cultura de Tlajomulco de Zúñiga","2021-10-01","Ayuntamiento de Tlajomulco de Zúñiga",14,"Jalisco",97,"Tlajomulco de Zúñiga",1,"Tlajomulco de Zúñiga","And. Zaragoza 9","Centro","45640","","http://www.tlajomulco.gob.mx","https://www.facebook.com/CulturaTlajo","cultura@tlajomulco.gob.mx",-103.44677,20.47545,"http://sic.gob.mx/ficha.php?table=institucion_cultural_mun&table_id=599","2026-06-26 13:56:54-06"
600,"Dirección de Cultura de Tlaquepaque","1000-01-01","",14,"Jalisco",98,"San Pedro Tlaquepaque",1,"Tlaquepaque","Donato Guerra 160","San Juan","45500","","https://www.facebook.com/TlaqueCultural/","","promocion.cultural.tlaquepaque@gmail.com",-103.31288,20.64194,"http://sic.gob.mx/ficha.php?table=institucion_cultural_mun&table_id=600","2026-04-16 17:41:05-06"
550,"Dirección de Cultura de Tolimán","1000-01-01","",14,"Jalisco",99,"Tolimán",0,"Total del Municipio","","","","","","","",0,0,"http://sic.gob.mx/ficha.php?table=institucion_cultural_mun&table_id=550","2019-07-27 16:38:44-05"
570,"Dirección de Cultura de Tomatlán","1000-01-01","",14,"Jalisco",100,"Tomatlán",0,"Total del Municipio","Av. Campesino 155","Col. las Delicias","48450","","https://tomatlanjal.gob.mx/index.html","https://www.facebook.com/culturaTomatlan/?fref=ts","cultura_tomatlan@hotmail.com",-105.25332,19.93426,"http://sic.gob.mx/ficha.php?table=institucion_cultural_mun&table_id=570","2025-10-06 18:49:51-06"
211,"Dirección de Cultura de Tonalá","1985-01-01","Ayuntamiento de Tonalá",14,"Jalisco",101,"Tonalá",1,"Tonalá","Morelos 180","Centro","45400","","https://tonala.gob.mx/portal/","","culturatonalamx@gmail.com",-103.24298,20.62766,"http://sic.gob.mx/ficha.php?table=institucion_cultural_mun&table_id=211","2026-02-12 10:07:52-06"
565,"Dirección de Cultura de Tonaya","1000-01-01","",14,"Jalisco",102,"Tonaya",0,"Total del Municipio","","","","","","","casacultura2018_2021@hotmail.com",0,0,"http://sic.gob.mx/ficha.php?table=institucion_cultural_mun&table_id=565","2019-07-28 07:55:47-05"
551,"Dirección de Cultura de Tonila","1000-01-01","",14,"Jalisco",103,"Tonila",0,"Total del Municipio","Ignacio Allende 3","Centro","49840","","https://www.facebook.com/p/Cultura-Tonila-61566556664967/","","direcciondeculturatonila@gmail.com",-103.54885,19.40925,"http://sic.gob.mx/ficha.php?table=institucion_cultural_mun&table_id=551","2026-06-22 16:25:47-06"
532,"Dirección de Cultura de Tototlán","1000-01-01","",14,"Jalisco",105,"Tototlán",0,"Total del Municipio","","","","","","","culturatototlan@gmail.com",0,0,"http://sic.gob.mx/ficha.php?table=institucion_cultural_mun&table_id=532","2019-07-27 15:07:55-05"
368,"Dirección de Cultura de Tuxcacuesco","1000-01-01","Ayuntamiento de Tuxcacuesco",14,"Jalisco",106,"Tuxcacuesco",1,"Tuxcacuesco","","","","","","","",-103.98341,19.69814,"http://sic.gob.mx/ficha.php?table=institucion_cultural_mun&table_id=368","2025-10-28 18:51:34-06"
542,"Dirección de Cultura de Tuxcueca","1000-01-01","Ayuntamiento de Texcueca",14,"Jalisco",107,"Tuxcueca",1,"Tuxcueca","Álvaro Obregón 16 A","Centro","49430","","","","tuxcuecacultura@hotmail.com; chatoaceves46@gmail.com",-103.18415,20.15451,"http://sic.gob.mx/ficha.php?table=institucion_cultural_mun&table_id=542","2023-11-06 05:42:24-06"
552,"Dirección de Cultura de Tuxpan","1000-01-01","",14,"Jalisco",108,"Tuxpan",0,"Total del Municipio","","","","","","","",-103.37603,19.55697,"http://sic.gob.mx/ficha.php?table=institucion_cultural_mun&table_id=552","2025-10-31 16:59:27-06"
515,"Dirección de Cultura de Unión de San Antonio","1000-01-01","",14,"Jalisco",109,"Unión de San Antonio",0,"Total del Municipio","Iturbide 1","Centro","47570","","","","cultura@uniondesanantonio.gob.mx",-102.00682,21.12909,"http://sic.gob.mx/ficha.php?table=institucion_cultural_mun&table_id=515","2026-06-23 17:51:09-06"
566,"Dirección de Cultura de Unión de Tula","1000-01-01","",14,"Jalisco",110,"Unión de Tula",0,"Total del Municipio","Juárez 56 Poniente","Centro","48000 ","","https://www.facebook.com/p/Gobierno-Uni%C3%B3n-de-TVLA-2024-2027-61565696385528/","","",-104.26797,19.95724,"http://sic.gob.mx/ficha.php?table=institucion_cultural_mun&table_id=566","2026-04-15 18:54:27-06"
471,"Dirección de Desarrollo Cultural de Valle de Guadalupe","2009-10-21","Ayuntamiento de Valle de Guadalupe",14,"Jalisco",111,"Valle de Guadalupe",1,"Valle de Guadalupe","Dr. José Barba Rubio 1","Centro","47380","","https://www.facebook.com/search/top/?q=Centro%20Cultural%20Valle%20de%20Guadalupe","","cultura.valledegpe@outlook.com",-102.62424,21.00614,"http://sic.gob.mx/ficha.php?table=institucion_cultural_mun&table_id=471","2024-02-12 04:28:08-06"
543,"Dirección de Cultura de Valle de Juárez","1000-01-01","",14,"Jalisco",112,"Valle de Juárez",0,"Total del Municipio","","","","","","","cultura.valle1821@gmail.com",0,0,"http://sic.gob.mx/ficha.php?table=institucion_cultural_mun&table_id=543","2019-07-27 16:02:49-05"
547,"Dirección de Cultura de San Gabriel","1000-01-01","",14,"Jalisco",113,"San Gabriel",0,"Total del Municipio","","","","","","","cultura1821@sangabrieljalisco.gob.mx",0,0,"http://sic.gob.mx/ficha.php?table=institucion_cultural_mun&table_id=547","2019-07-30 15:51:45-05"
511,"Dirección de Cultura de Villa Guerrero","1000-01-01","Ayuntamiento de Villa Guerrero",14,"Jalisco",115,"Villa Guerrero",1,"Villa Guerrero","López Rayón 38","Col. La Placita","46100","","","","casadelaculturavillaguerrero@gmail.com",-103.59667,21.98306,"http://sic.gob.mx/ficha.php?table=institucion_cultural_mun&table_id=511","2023-07-26 08:02:31-06"
516,"Dirección de Cultura de Villa Hidalgo","1000-01-01","",14,"Jalisco",116,"Villa Hidalgo",0,"Total del Municipio","","","","","","","casaculturavillahgo@hotmail.com",0,0,"http://sic.gob.mx/ficha.php?table=institucion_cultural_mun&table_id=516","2026-08-28 12:59:04-06"
518,"Dirección de Cultura de Cañadas de Obregón","1000-01-01","",14,"Jalisco",117,"Cañadas de Obregón",0,"Total del Municipio","","","","","","","culturacasa90@yahoo.com.mx",-102.68743,21.1483,"http://sic.gob.mx/ficha.php?table=institucion_cultural_mun&table_id=518","2025-06-12 15:46:44-06"
525,"Dirección de Arte y Cultura de Yahualica de González Gallo","1000-01-01","",14,"Jalisco",118,"Yahualica de González Gallo",0,"Total del Municipio","","","","","","","arteycultura@yahualica.gob.mx",0,0,"http://sic.gob.mx/ficha.php?table=institucion_cultural_mun&table_id=525","2019-07-30 14:23:33-05"
594,"Dirección de Educación y Cultura de Zacoalco de Torres","1000-01-01","",14,"Jalisco",119,"Zacoalco de Torres",1,"Zacoalco de Torres","Leandro Valle 13 ","Centro","45750","","https://zacoalcodetorres.gob.mx/","https://www.facebook.com/GobiernoZacoalco","culturazacoalc02427@gmail.com; eduyculturazacoalco@hotmail.com",-103.57048,20.23817,"http://sic.gob.mx/ficha.php?table=institucion_cultural_mun&table_id=594","2026-08-28 12:36:58-06"
105,"Dirección de Cultura de Zapopan","2004-01-01","Ayuntamiento de Zapopan",14,"Jalisco",120,"Zapopan",1,"Zapopan","Vicente Guerrero 233 esq. Hidalgo","Col. La Huerta","45146","","http://www.zapopan.gob.mx/dependencias/instituto-cultural/","https://www.facebook.com/ZapopanCultura/?locale=es_LA","correo@zapopan.gob.mx",-103.39418,20.72181,"http://sic.gob.mx/ficha.php?table=institucion_cultural_mun&table_id=105","2026-01-27 12:14:14-06"
467,"Regiduría de Cultura de Zapotiltic","2015-10-15","Ayuntamiento de Zapotiltic",14,"Jalisco",121,"Zapotiltic",1,"Zapotiltic","Reforma 32","Centro","49600","","http://zapotiltic.gob.mx","","casaculturazapotiltic@hotmail.com",-103.41696,19.62705,"http://sic.gob.mx/ficha.php?table=institucion_cultural_mun&table_id=467","2025-10-08 18:24:54-06"
553,"Dirección de Cultura de Zapotitlán de Vadillo","1000-01-01","Ayuntamiento de Zapotitlán de Vadillo",14,"Jalisco",122,"Zapotitlán de Vadillo",1,"Zapotitlán de Vadillo","Anacleto Álvarez 21","Centro","49770","","","","casacultura@zapotitlandevadillo.gob.mx",-103.80917,19.5475,"http://sic.gob.mx/ficha.php?table=institucion_cultural_mun&table_id=553","2021-11-10 08:52:58-06"
533,"Dirección de Cultura de Zapotlán del Rey","1000-01-01","",14,"Jalisco",123,"Zapotlán del Rey",0,"Total del Municipio","Juárez 26","Centro","45980","","","","",-102.92485,20.46738,"http://sic.gob.mx/ficha.php?table=institucion_cultural_mun&table_id=533","2026-06-22 16:47:44-06"
601,"Dirección de Cultura de Zapotlanejo","1000-01-01","",14,"Jalisco",124,"Zapotlanejo",0,"Total del Municipio","","","","","","","reportescvc1716@gmail.com",0,0,"http://sic.gob.mx/ficha.php?table=institucion_cultural_mun&table_id=601","2019-07-30 06:00:17-05"
473,"Dirección de Cultura, Turismo y Educación de San Ignacio de Cerro Gordo","1000-01-01","Ayuntamiento de San Ignacio de Cerro Gordo",14,"Jalisco",125,"San Ignacio Cerro Gordo",1,"San Ignacio Cerro Gordo","Ignacio L. Prado 89","Centro","47190","","","","casadelaculturasanignacio@gmail.com",-102.54179,20.73992,"http://sic.gob.mx/ficha.php?table=institucion_cultural_mun&table_id=473","2026-06-22 17:18:43-06"
729,"Dirección de Educación y Cultura de Almoloya de Alquisiras","1000-01-01","Ayuntamiento de Almoloya de Alquisiras",15,"México",4,"Almoloya de Alquisiras",1,"Almoloya de Alquisiras","Benito Juárez s/n","Col. Saltepec","51860","","","https://www.facebook.com/pages/Presidencia%20Municipal%20de%20Almoloya%20de%20Alquisiras/199713353719119/","casadeculturaalmoloyadealquisiras2019@hotmail.com",-99.89301,18.86693,"http://sic.gob.mx/ficha.php?table=institucion_cultural_mun&table_id=729","2021-08-23 05:55:28-05"
795,"Subdirección de Cultura de Atizapán de Zaragoza","1000-01-01","Ayuntamiento de Atizapán de Zaragoza/Dirección de Desarrollo Social",15,"México",13,"Atizapán de Zaragoza",1,"Ciudad López Mateos","Calle 5 núm. 21","Fracc. Bosques de Atizapán","52967","","https://atizapan.gob.mx/","","julio.martinez@atizapan.gob.mx",-99.235,19.54317,"http://sic.gob.mx/ficha.php?table=institucion_cultural_mun&table_id=795","2026-05-11 14:50:31-06"
108,"Instituto Cultural Lic. Guillermo Colín Sánchez","1999-11-27","Ayuntamiento de Atlacomulco",15,"México",14,"Atlacomulco",1,"Atlacomulco de Fabela","Av. Roberto Barrios Castro 2","Col. Las Fuentes","50450","","https://www.facebook.com/profile.php?id=100064534518879","","",-99.88889,19.79669,"http://sic.gob.mx/ficha.php?table=institucion_cultural_mun&table_id=108","2024-11-14 11:55:34-06"
118,"Centro Regional de Cultura Lic. Isidro Fabela","1969-09-13","Secretaría de Cultura del Estado de México",15,"México",14,"Atlacomulco",1,"Atlacomulco de Fabela","Plaza de la Constitución 1","Centro","50450","","http://culturarte.com.mx<br>http://www.edomexico.gob.mx/imc/","","atlacomulcoimc@yahoo.com.mx",-99.87382,19.79839,"http://sic.gob.mx/ficha.php?table=institucion_cultural_mun&table_id=118","2025-09-23 19:55:51-06"
757,"Dirección de Casa de la Cultura y Tradiciones de Calimaya","1000-01-01","Ayuntamiento de Calimaya",15,"México",18,"Calimaya",1,"Calimaya de Díaz González","Juárez s/n","Centro","52200","","https://calimaya.gob.mx/","https://www.facebook.com/AyuntamientoDeCalimaya","cultura.tradicion.turismo@calimaya.gob.mx",-99.61828,19.16331,"http://sic.gob.mx/ficha.php?table=institucion_cultural_mun&table_id=757","2026-01-20 12:10:16-06"
119,"Centro Regional de Cultura Chilmalpahín","1978-11-15","Secretaría de Cultura del Estado de México",15,"México",25,"Chalco",1,"Chalco de Díaz Covarrubias","Cuahutémoc 2 esq. Enseñanza Técnica","Centro","56600","","ttps://www.facebook.com/pages/Centro%20Regional%20De%20Cultura%20De%20Chalco%20Chimalpahin/521763257886412/about/?ref","","chalcoimc@yahoo.com.mx",-98.89962,19.26337,"http://sic.gob.mx/ficha.php?table=institucion_cultural_mun&table_id=119","2024-08-08 14:25:08-06"
838,"Dirección de Cultura de Chimalhuacán","1000-01-01","Ayuntamiento de Chimahualpán",15,"México",31,"Chimalhuacán",1,"Chimalhuacán","Av. Guerrero 6","Centro","56330","","https://chimalhuacan.gob.mx/direccion-de-cultura/","https://www.facebook.com/p/Direcci%C3%B3n-de-Cultura-2025-2027-61574203657587/","dgcultura.chimal@gmail.com",-98.94575,19.41865,"http://sic.gob.mx/ficha.php?table=institucion_cultural_mun&table_id=838","2025-12-10 14:43:55-06"
764,"Dirección de Cultura de Donato Guerra","1000-01-01","Ayuntamiento de Donato Guerra",15,"México",32,"Donato Guerra",1,"Villa Donato Guerra","Porfirio Díaz 1 esq. Allende","Centro","51030","","","","jmmontoya11@hotmail.com",-100.14322,19.30844,"http://sic.gob.mx/ficha.php?table=institucion_cultural_mun&table_id=764","2023-12-06 06:50:40-06"
848,"Instituto Municipal de Cultura de Ecatepec","1000-01-01","Ayuntamiento de Ecatepec",15,"México",33,"Ecatepec de Morelos",1,"Ecatepec de Morelos","Av. Juárez s/n","Col. San Cristóbal Centro","55000","","","","culturainstitutois@gmail.com; secretariaayuntamiento@ecatepec.gob.mx",-99.04756,19.59967,"http://sic.gob.mx/ficha.php?table=institucion_cultural_mun&table_id=848","2026-04-20 14:31:14-06"
756,"Dirección de Cultura de Ecatzingo","1000-01-01","Ayuntamiento de Ecatzingo",15,"México",34,"Ecatzingo",1,"Ecatzingo de Hidalgo","Plaza de la Constitución 1","Barrio San José","56990","","","","atiane39@gmail.com",-98.7525,18.95872,"http://sic.gob.mx/ficha.php?table=institucion_cultural_mun&table_id=756","2023-08-07 07:56:20-06"
777,"Dirección de Educación y Fomento a la Cultura","1000-01-01","Ayuntamiento de Huehuetoca",15,"México",35,"Huehuetoca",1,"Huehuetoca","Río Bajres s/n esq. Río Dever","Col. Salitrillo","54683","","","","mayela.marind@gmail.com",-99.21891,19.83377,"http://sic.gob.mx/ficha.php?table=institucion_cultural_mun&table_id=777","2024-03-07 08:02:26-06"
817,"Subdirección de Cultura de Huixquilucan","2016-01-01","Ayuntamiento de Huixquilucan",15,"México",37,"Huixquilucan",1,"Huixquilucan de Degollado","Jardín de la Cultura, Carr. a Zacamulpa Km. 1.5","Localidad Quinto Cuartel, Barrio San Juan Bautista","52760","","https://huixquilucan.gob.mx/","https://www.facebook.com/HuixquiGob/","vliramx@yahoo.com.mx",-99.34093,19.35772,"http://sic.gob.mx/ficha.php?table=institucion_cultural_mun&table_id=817","2026-08-06 13:12:12-06"
807,"Dirección de Cultura de Ixtapaluca","1000-01-01","Ayuntamiento de Ixtapaluca",15,"México",39,"Ixtapaluca",1,"Ixtapaluca","Hidalgo 77-A","Centro","56530","","https://www.ixtapaluca.gob.mx/cultura","","cultura@ixtapaluca.gob.mx",-98.88434,19.31572,"http://sic.gob.mx/ficha.php?table=institucion_cultural_mun&table_id=807","2024-12-03 11:15:55-06"
836,"Dirección de Educación y Cultura de Jilotepec","1000-01-01","Ayuntamiento de Jilotepec",15,"México",45,"Jilotepec",1,"Jilotepec de Molina Enríquez","Lic. Ismael Reyes Retana s/n esq. Ignacio Allende","Centro","54240","","https://www.jilotepecmex.gob.mx/","https://www.facebook.com/JilotepecMex","educacion@jilotepecmex.gob.mx",-99.53236,19.94986,"http://sic.gob.mx/ficha.php?table=institucion_cultural_mun&table_id=836","2026-09-11 12:13:23-06"
294,"Dirección de Cultura de Metepec","1000-01-01","Ayuntamiento de Metepec",15,"México",54,"Metepec",1,"Metepec","Calle 16 de septiembre 43","Barrio de San Miguel","52140","","https://www.metepec.gob.mx","","cultura@metepec.gob.mx",-99.6007,19.24653,"http://sic.gob.mx/ficha.php?table=institucion_cultural_mun&table_id=294","2021-07-21 06:25:57-05"
792,"Dirección de Cultura de Mexicaltzingo","1000-01-01","Ayuntamiento de Mexicaltzingo",15,"México",55,"Mexicaltzingo",1,"San Mateo Mexicaltzingo","Av. Cuauhtémoc Sur 406","Col. La Estación","52180","","https://mexicaltzingo.gob.mx/presidencia-municipal/","","culturamexicaltzingo2025@gmail.com; Correo sa.mexicaltzingo25.27@gmail.com",-99.58866,19.20809,"http://sic.gob.mx/ficha.php?table=institucion_cultural_mun&table_id=792","2026-01-08 13:35:26-06"
347,"Instituto de Cultura y Parque Naucalli","1982-10-02","Ayuntamiento de Naucalpan",15,"México",57,"Naucalpan de Juárez",1,"Naucalpan de Juárez","Av. Juárez 39","Fracc. El Mirador","54300","","","","mariela.cultura.naucalpan@gmail.com",0,0,"http://sic.gob.mx/ficha.php?table=institucion_cultural_mun&table_id=347","2025-10-07 16:02:03-06"
296,"Dirección de Cultura de Nezahualcóyotl","2010-09-07","Ayuntamiento de Nezahualcóyotl",15,"México",58,"Nezahualcóyotl",1,"Ciudad Nezahualcóyotl","Av. San Ángel s/n esq. San Bartolo","Col. Vicente Villada","57710","","https://www.neza.gob.mx/","https://www.facebook.com/profile.php?id=100064059964381","nezacultura@neza.gob.mx; presidenciamunicipal@neza.gob.mx",-99.01148,19.39795,"http://sic.gob.mx/ficha.php?table=institucion_cultural_mun&table_id=296","2026-05-12 11:43:40-06"
788,"Dirección de Cultura de Nextlalpan","2019-01-19","Ayuntamiento de Nextlalpan",15,"México",59,"Nextlalpan",1,"Santa Ana Nextlalpan","Primer Cjón. de Amargura 45","Col. Santa Ana Nextlalpan ","55790","","https://nextlalpan.gob.mx/","https://www.facebook.com/search/top?q=ayuntamiento%20de%20nextlalpan%2C%20estado%20de%20m%C3%A9xico","cultura.nextlalpan@gmail.com; d.cultura.nex@gmail.com",-99.07844,19.73367,"http://sic.gob.mx/ficha.php?table=institucion_cultural_mun&table_id=788","2026-09-28 10:09:29-06"
733,"Coordinación de Cultura","1000-01-01","Ayuntamiento de Nicolás Romero",15,"México",60,"Nicolás Romero",1,"Ciudad Nicolás Romero","Benito Juárez s/n","Centro","54400","","","","",-99.31583,19.62572,"http://sic.gob.mx/ficha.php?table=institucion_cultural_mun&table_id=733","2022-09-20 04:02:56-05"
793,"Dirección de Cultura de Nopaltepec","1000-01-01","Ayuntamiento de Nopaltepec",15,"México",61,"Nopaltepec",1,"Nopaltepec","Huastecas s/n","Centro","55970","","https://nopaltepec.gob.mx/","","ayuntamiento@nopaltepec.gob.mx",-98.71162,19.78187,"http://sic.gob.mx/ficha.php?table=institucion_cultural_mun&table_id=793","2024-07-10 11:30:27-06"
724,"Dirección de Casa de Cultura de Otzoloapan","2019-01-02","Ayuntamiento de Otzoloapan",15,"México",66,"Otzoloapan",1,"Otzoloapan","El Mirador s/n","Centro, localidad El Mirador","51130","","http://www.otzoloapan.gob.mx","","lucilavillafanamaldonado°gmail.com",-100.29467,19.11412,"http://sic.gob.mx/ficha.php?table=institucion_cultural_mun&table_id=724","2021-04-30 04:54:01-05"
758,"Dirección de Cultura de San Felipe del Progreso","1000-01-01","Ayuntamiento de San Felipe del Progreso",15,"México",74,"San Felipe del Progreso",1,"San Felipe del Progreso","Plaza Pozada y Garduño s/n","Centro","50640","","https://sanfelipedelprogreso.gob.mx/","https://www.facebook.com/H.Ayuntamiento.San.Felipe.Del.Progreso","ing.lizethsandoval16@gmail.com",-99.95323,19.7139,"http://sic.gob.mx/ficha.php?table=institucion_cultural_mun&table_id=758","2023-08-09 06:00:44-06"
745,"Coordinación de Cultura de Técamac","1000-01-01","Ayuntamiento de Técamac",15,"México",81,"Tecámac",1,"Tecámac de Felipe Villanueva","","","","","","","educacionculturadeporte@tecamac.gob.mx",-98.96694,19.71021,"http://sic.gob.mx/ficha.php?table=institucion_cultural_mun&table_id=745","2023-03-17 02:40:03-06"
759,"Dirección de Arte, Cultura y Turismo de Tejupilco","1000-01-01","Ayuntamiento de Tejupilco",15,"México",82,"Tejupilco",1,"Tejupilco de Hidalgo","Unidad Deportiva de Tejupilco, Blvd. de los Planetas s/n","Col. del Sol","51412","","","","velazquezpenaalfredo@gmail.com",-100.14316,18.89807,"http://sic.gob.mx/ficha.php?table=institucion_cultural_mun&table_id=759","2023-08-09 07:14:26-06"
357,"Dirección de Cultura de Teotihuacán","1000-01-01","Ayuntamiento de Teotihuacán",15,"México",92,"Teotihuacán",1,"Teotihuacán de Arista","Juárez 1","Centro","55800","","https://teotihuacan.gob.mx/inicio","","direccioncultura7@gmail.com",-98.86885,19.68594,"http://sic.gob.mx/ficha.php?table=institucion_cultural_mun&table_id=357","2023-10-23 03:52:53-06"
348,"Dirección de Cultura de Texcoco","2011-01-01","Ayuntamiento de Texcoco",15,"México",99,"Texcoco",1,"Texcoco de Mora","Av. Juárez Sur 322","Centro","56100","","","","mariaelenatllz@gmail.com",-98.88294,19.50972,"http://sic.gob.mx/ficha.php?table=institucion_cultural_mun&table_id=348","2025-10-30 18:19:11-06"
740,"Coordinación de Educación y Cultura de Santiago Tianguistenco","1000-01-01","Ayuntamiento de Tianguistengo",15,"México",101,"Tianguistenco",1,"Santiago Tianguistenco de Galeana","Av. Aldama esq. Independencia s/n","Centro","52600","","https://tianguistenco.gob.mx/","","marconavamartinez@gmail.com; proftkd0606@gmail.com",-99.46745,19.18407,"http://sic.gob.mx/ficha.php?table=institucion_cultural_mun&table_id=740","2023-02-16 06:02:24-06"
458,"Instituto Municipal de la Cultura y las Artes de Tlalnepantla de Baz (IMCA)","2016-01-01","Ayuntamiento de Tlalnepantla de Baz",15,"México",104,"Tlalnepantla de Baz",1,"Tlalnepantla","Av. Riva Palacio s/n esq. Vallarta","Col. Tlalnepantla Centro    ","54000","","https://tlalnepantla.gob.mx/pages/directorio/instituto-municipal-de-la-cultura-y-las-artes","https://www.facebook.com/IMCulturaTlalnepantla/?fref=ts","culturatlalne@gmail.com",-99.19574,19.53648,"http://sic.gob.mx/ficha.php?table=institucion_cultural_mun&table_id=458","2024-09-18 11:36:08-06"
139,"Dirección de Cultura del Consejo Estatal para el Desarrollo Integral de los  Pueblos Indígenas del Estado de México","1994-10-10","Gobierno del Estado de México/Secretaría de Desarrollo Social",15,"México",106,"Toluca",1,"Toluca de Lerdo","Nigromante 305","Col. La Merced Alameda","50000","","https://cedipiem.edomex.gob.mx/","","cedipiem_cultura@edomex.gob.mx",-99.66044,19.2912,"http://sic.gob.mx/ficha.php?table=institucion_cultural_mun&table_id=139","2023-07-26 04:24:05-06"
369,"Coordinación de Cultura y Turismo de Toluca","2013-01-01","Ayuntamiento de Toluca",15,"México",106,"Toluca",1,"Toluca de Lerdo","José Vicente Villada 114 primer piso","Convergencia Miguel Hidalgo s/n y Av. José María Morelos Ote.","50150","","http://www.toluca.gob.mx","https://www.facebook.com/DirCulturaToluca","coord.culturayturismodetoluca@gmail.com",-99.63429,19.28881,"http://sic.gob.mx/ficha.php?table=institucion_cultural_mun&table_id=369","2025-07-16 19:26:42-06"
482,"Dirección de Cultura de Toluca","1000-01-01","Ayuntamiento de Toluca",15,"México",106,"Toluca",1,"Toluca de Lerdo","Av. José Vicente Villada","Col. Merced Alameda","50000","","https://www.toluca.gob.mx/","","cecilia.portilla@toluca.gob.mx",-99.65819,19.28863,"http://sic.gob.mx/ficha.php?table=institucion_cultural_mun&table_id=482","2022-12-05 01:43:36-06"
754,"Regiduría de Turismo, Asuntos Internacionales y Apoyo al Migrante, Cultura y Recreación","1000-01-01","Ayuntamiento de Tonatico",15,"México",107,"Tonatico",1,"Tonatico","Benito Juárez s/n","Barrio San Sebastian","51950","","https://www.tonatico.gob.mx","https://www.facebook.com/gobiernotonatico22","casacultareynaldamorales007@gmail.com; educacion.cultura@tonatico.gob.mx",-99.67083,18.80202,"http://sic.gob.mx/ficha.php?table=institucion_cultural_mun&table_id=754","2023-08-07 03:43:48-06"
798,"Dirección de Educación, Cultura y Turismo de Tultitlán","1000-01-01","Ayuntamiento de Tultitlán",15,"México",109,"Tultitlán",1,"Tultitlán de Mariano Escobedo","Plaza Hidalgo 1","Centro","54900","","https://tultitlan.gob.mx/","","m-rojaslopz@hotmail.com",-99.16923,19.64757,"http://sic.gob.mx/ficha.php?table=institucion_cultural_mun&table_id=798","2024-09-12 11:03:15-06"
377,"Dirección de Educación y Cultura de Zinacantepec","1000-01-01","Ayuntamiento de Zinacantepec",15,"México",118,"Zinacantepec",1,"San Miguel Zinacantepec","Benito Juárez 205","Barrio de San Miguel","51350","","http://www.zinacantepec.gob.mx","","",-99.73506,19.28427,"http://sic.gob.mx/ficha.php?table=institucion_cultural_mun&table_id=377","2023-12-06 06:42:26-06"
361,"Regiduría de Cultura","1000-01-01","Ayuntamiento de Zumpahuacán",15,"México",119,"Zumpahuacán",1,"Zumpahuacán","Benito Juárez 1","Centro","51980","","","https://www.facebook.com/profile.php?id=61571087567174","quinta.r@zumpahuacan.gob.mx",-99.58588,18.84095,"http://sic.gob.mx/ficha.php?table=institucion_cultural_mun&table_id=361","2025-07-02 11:44:35-06"
770,"Dirección de Cultura de Zumpango","1000-01-01","Ayuntamiento de zumpango",15,"México",120,"Zumpango",1,"Zumpango de Ocampo","Zaragoza s/n","Barrio de Santiago 1ra. Sección","55600","","","","educacionjefatura@gmail.com",-99.10123,19.79969,"http://sic.gob.mx/ficha.php?table=institucion_cultural_mun&table_id=770","2024-01-24 07:24:29-06"
849,"Dirección de Educación, Cultura y Turismo de Valle de Chalco","1000-01-01","Ayuntamiento de Valle de Chalco",15,"México",122,"Valle de Chalco Solidaridad",1,"Xico","Av. Alfredo del Mazo s/n esq. Tezozomoc","Col. Alfredo Baranda","56610","","https://valledechalco.gob.mx/","","educacion.cultura@valledechalco.gob.mx",-98.94357,19.27887,"http://sic.gob.mx/ficha.php?table=institucion_cultural_mun&table_id=849","2026-04-22 12:54:26-06"
785,"Dirección de Educación y Cultura de Tonanitla","1000-01-01","Ayuntamiento de Tonanitla",15,"México",125,"Tonanitla",1,"Santa María Tonanitla","Av. 20 de Noviembre s/n","Centro","55785","","","","educacionycultura@tonanitla.gob.mx",-99.05075,19.68726,"http://sic.gob.mx/ficha.php?table=institucion_cultural_mun&table_id=785","2024-05-09 11:11:02-06"
401,"Dirección de Educación y Cultura","2012-01-01","Ayuntamiento de Acuitzio",16,"Michoacán de Ocampo",1,"Acuitzio",1,"Acuitzio del Canje","Palacio Municipal s/n","Centro","58460","","","","dan_tea8@hotmail.com",-101.33337,19.49134,"http://sic.gob.mx/ficha.php?table=institucion_cultural_mun&table_id=401","2023-04-19 07:22:17-06"
318,"Dirección de Cultura de Angangueo","1000-01-01","Ayuntamiento de Angangueo",16,"Michoacán de Ocampo",5,"Angangueo",1,"Mineral de Angangueo","","","","","","","nubia_tefl@hotmail.com",0,0,"http://sic.gob.mx/ficha.php?table=institucion_cultural_mun&table_id=318","2024-09-11 12:13:24-06"
331,"Dirección de Fomento y Desarrollo Cultural","1000-01-01","Ayuntamiento de Apatzingán",16,"Michoacán de Ocampo",6,"Apatzingán",1,"Apatzingán de la Constitución","Av. constitución de 1814 núm. 1","Centro","60600","","","","casadelacultura_arte@hotmail.com",-102.35505,19.08722,"http://sic.gob.mx/ficha.php?table=institucion_cultural_mun&table_id=331","2024-04-26 09:47:57-06"
332,"Dirección de Cultura de Ario de Rosales","1000-01-01","Ayuntamiemto de Ario de Rosales",16,"Michoacán de Ocampo",9,"Ario",1,"Ario de Rosales","","","","","","","mirandayani@hotmail.com",0,0,"http://sic.gob.mx/ficha.php?table=institucion_cultural_mun&table_id=332","2021-03-10 16:10:42-06"
364,"Regiduría de Cultura de Buenavista","1000-01-01","Ayuntamiento de Buenavista",16,"Michoacán de Ocampo",12,"Buenavista",1,"Buenavista Tomatlán","","","","","","","vplorenzo@hotmail.com",-102.58796,19.21168,"http://sic.gob.mx/ficha.php?table=institucion_cultural_mun&table_id=364","2025-11-10 19:52:05-06"
333,"Dirección de Educación, Turismo y Cultura de Carácuaro","1000-01-01","Ayuntamiento de Carácuaro",16,"Michoacán de Ocampo",13,"Carácuaro",1,"Carácuaro de Morelos","José María Cuevas 14","Centro","61920","","https://www.facebook.com/Gob.Mpal.Caracuaro/about?locale=es_LA","","",-101.12704,19.01728,"http://sic.gob.mx/ficha.php?table=institucion_cultural_mun&table_id=333","2024-05-14 12:06:19-06"
293,"Dirección de Educación y Cultura de Charapan","1000-01-01","Ayuntamiento de Charapan",16,"Michoacán de Ocampo",21,"Charapan",1,"Charapan","Nacional s/n","Centro","60240","","","","pascual.galvan@hotmail.com",-102.25046,19.6493,"http://sic.gob.mx/ficha.php?table=institucion_cultural_mun&table_id=293","2024-06-25 11:55:33-06"
731,"Dirección de Cultura de Huandacareo","1000-01-01","Ayuntamiento de Huandacareo",16,"Michoacán de Ocampo",36,"Huandacareo",1,"Huandacareo","Hidalgo Pte. 29","Centro","58821","","","","casadeculturadiegorivera@gmail.com",-101.27651,19.98961,"http://sic.gob.mx/ficha.php?table=institucion_cultural_mun&table_id=731","2025-08-13 16:17:46-06"
407,"Coordinación de  Cultura de Lázaro Cárdenas","1000-01-01","Ayuntamiento de Lázaro Cárdenas",16,"Michoacán de Ocampo",52,"Lázaro Cárdenas",1,"Ciudad Lázaro Cárdenas","Av. Camichin s/n","2o. Sector del Fidelac","50960","","","https://www.facebook.com/CasaDeLaCulturaLzc/","casadelaculturajv@hotmail.com",-102.2078,17.95782,"http://sic.gob.mx/ficha.php?table=institucion_cultural_mun&table_id=407","2023-12-04 03:39:00-06"
811,"Secretaría de Cultura del Municipio de Morelia","1000-01-01","Ayuntamiento de Morelia",16,"Michoacán de Ocampo",53,"Morelia",1,"Morelia","Av. Madero Pte. 398 PA-3 al 10","Centro Histórico","58000","","https://www.morelia.gob.mx/","","presidencia@morelia.gob.mx",-101.19518,19.70293,"http://sic.gob.mx/ficha.php?table=institucion_cultural_mun&table_id=811","2026-08-26 11:04:53-06"
127,"Dirección de Cultura Municipal de Nuevo Parangaricutiro","1998-11-06","Ayuntamiento de Nuevo Parangaricutiro",16,"Michoacán de Ocampo",58,"Nuevo Parangaricutiro",1,"Nuevo San Juan Parangaricutiro","16 de Septiembre s/n","Centro","60490","","http://www.nparangaricutiro.gob.mx","","parangaricutiro_lasletraspmsjn@hotmail.com; betokurpite@hotmail.com",-102.12979,19.41656,"http://sic.gob.mx/ficha.php?table=institucion_cultural_mun&table_id=127","2023-09-06 07:15:04-06"
800,"Dirección de Cultura de Paracho","1000-01-01","Ayuntamiento de Parachao",16,"Michoacán de Ocampo",65,"Paracho",1,"Paracho de Verduzco","Francisco de Castro s/n esq. Av. 20 de Noviembre","Centro","60250","","https://paracho.gob.mx","","culturaparacho2024@gmail.com",-102.04781,19.64693,"http://sic.gob.mx/ficha.php?table=institucion_cultural_mun&table_id=800","2024-12-20 12:29:24-06"
396,"Dirección de Cultura de Pátzcuaro","1000-01-01","Ayuntamiento de Pátzcuaro",16,"Michoacán de Ocampo",66,"Pátzcuaro",1,"Pátzcuaro","Portal Hidalgo 1","Centro","61600","","","","direccionculturapatzcuaro@gmail.com",-101.60988,19.51366,"http://sic.gob.mx/ficha.php?table=institucion_cultural_mun&table_id=396","2026-06-23 11:53:30-06"
398,"Dirección de Cultura de Penjamillo","1000-01-01","Ayuntamiento de Penjamillo",16,"Michoacán de Ocampo",67,"Penjamillo",1,"Penjamillo de Degollado","","","","","","","presidenciapenjamillohotmail.com",0,0,"http://sic.gob.mx/ficha.php?table=institucion_cultural_mun&table_id=398","2021-04-09 06:18:15-05"
835,"Dirección de Cultura de la Piedad","1000-01-01","Ayuntamiento de La Piedad",16,"Michoacán de Ocampo",69,"La Piedad",1,"La Piedad de Cabadas","Salvador Aceves Parra 224","Centro","59300","","http://www.lapiedad.gob.mx/","https://www.facebook.com/LaPiedadMunicipio","contactocultura.lp@gmail.com",-102.02255,20.34145,"http://sic.gob.mx/ficha.php?table=institucion_cultural_mun&table_id=835","2025-10-24 13:14:21-06"
402,"Dirección de Cultura de Tacámbaro","1996-10-15","Ayuntamiento de Tacámbaro",16,"Michoacán de Ocampo",82,"Tacámbaro",1,"Tacámbaro de Codallos","Vicente Guerrero 46","Centro","61650","","","","nei-gtz@hotmail.com; presidente_tacambaro@hotmail.com",-101.45892,19.23709,"http://sic.gob.mx/ficha.php?table=institucion_cultural_mun&table_id=402","2021-04-10 09:29:43-05"
480,"Dirección de Educación, Cultura, Turismo, Juventud y Deporte de Taretan","1000-01-01","Ayuntamiento de Taretan",16,"Michoacán de Ocampo",87,"Taretan",1,"Taretan","Portal Hidalgo 1","Centro","61710","","","","poncho_chavez@hotmail.com",-101.918,19.33472,"http://sic.gob.mx/ficha.php?table=institucion_cultural_mun&table_id=480","2025-07-17 17:47:23-06"
803,"Coordinación de Arte y Cultura de Tingüindín","1000-09-01","Ayuntamiento de Tingüindín",16,"Michoacán de Ocampo",91,"Tingüindín",1,"Tingüindín","Mariano Matamoros 62 esq. Allende","Col. La Purísima","59980","","https://www.tinguindin.gob.mx/","https://www.facebook.com/AyuntamientoDeTinguindin/?_rdr","arteyculturacoordinacion@gmail.com; mikuusel@gmail.com",-102.48158,19.73816,"http://sic.gob.mx/ficha.php?table=institucion_cultural_mun&table_id=803","2025-04-03 10:20:21-06"
317,"Coordinación de Cultura de Tlalpujahua","1000-01-01","Ayuntamiento de Tlalpujahua",16,"Michoacán de Ocampo",93,"Tlalpujahua",1,"Tlalpujahua de Rayón","Galeana 1","Centro","61060","","https://tlalpujahua.gob.mx/",""," ayuntamiento@tlalpujahua.gob.mx ",-100.17386,19.80437,"http://sic.gob.mx/ficha.php?table=institucion_cultural_mun&table_id=317","2023-09-15 05:54:47-06"
399,"Dirección de Cultura de Tuxpan","1000-01-01","Ayuntamiento de Tuxpan",16,"Michoacán de Ocampo",98,"Tuxpan",1,"Tuxpan","Av. Morelos 4","Centro","61420","","","","culturayturismol@tuxpanmichoacan.gob.mx; brandonip_19@hotmail.com",-100.46388,19.56805,"http://sic.gob.mx/ficha.php?table=institucion_cultural_mun&table_id=399","2024-05-22 13:35:38-06"
486,"Dirección de Promoción y Difusión Cultural de Tuzantla","2016-12-31","Ayuntamiento de Tuzantla",16,"Michoacán de Ocampo",99,"Tuzantla",1,"Tuzantla","Av. Sixto Verduzco Nte. 6","Centro","61540","","https://www.tuzantla.gob.mx","https://www.facebook.com/p/Ayuntamiento-de-Tuzantla-2024-2027-61565196630929/","secretariatuzantla2124@hotmail.com ",-100.57308,19.20774,"http://sic.gob.mx/ficha.php?table=institucion_cultural_mun&table_id=486","2026-06-04 12:34:29-06"
400,"Regiduría de Educación y Cultura de Tzintzuntzan","1000-01-01","Ayuntamiento de Tzintzuntzan",16,"Michoacán de Ocampo",100,"Tzintzuntzan",1,"Tzintzuntzan","","","","","","","goyocamposrey@hotmail.com",0,0,"http://sic.gob.mx/ficha.php?table=institucion_cultural_mun&table_id=400","2021-03-09 16:45:06-06"
330,"Dirección de Cultura de Uruapan","1000-01-01","Ayuntamiento de Uruapan, Secretaría de Turismo y Cultura",16,"Michoacán de Ocampo",102,"Uruapan",1,"Uruapan","García Ortíz 1","Centro","60000","","","","comunica.cultura.upn@gmail.com",-102.06337,19.42153,"http://sic.gob.mx/ficha.php?table=institucion_cultural_mun&table_id=330","2026-06-30 10:15:21-06"
719,"Dirección de Arte y Cultura de Vista Hermosa","1000-01-01","Ayuntamiento de Vista Hermosa",16,"Michoacán de Ocampo",105,"Vista Hermosa",1,"Vista Hermosa de Negrete","Hidalgo 1-C","Centro","59200","","","","aquezada60@hotmail.com",-102.47365,20.27312,"http://sic.gob.mx/ficha.php?table=institucion_cultural_mun&table_id=719","2020-02-04 02:18:41-06"
427,"Dirección de Educación, Cultura y Recreación de Atlahuacan","2003-11-20","Ayuntamiento de Atlatlahucan",17,"Morelos",2,"Atlatlahucan",1,"Atlatlahucan","Independencia  12 "," Barrio San Mateo","62840","","https://www.atlatlahucan.gob.mx/contacto/","","cultura_atlatlahucan@outlook.com",-98.89911,18.93611,"http://sic.gob.mx/ficha.php?table=institucion_cultural_mun&table_id=427","2023-12-06 04:33:48-06"
814,"Dirección de Cultura de Axochiapan","1000-01-01","Ayuntamiento de Axochiapan",17,"Morelos",3,"Axochiapan",1,"Axochiapan","Plaza Leandro Valle 1","Centro","62950","","http://www.axochiapan.gob.mx/","","yubansky.14@gmail.com",-98.75417,18.50242,"http://sic.gob.mx/ficha.php?table=institucion_cultural_mun&table_id=814","2026-08-28 10:31:32-06"
455,"Dirección de Arte y Cultura de Cuautla","1000-01-01","Ayuntamiento de Cuautla, Morelos",17,"Morelos",6,"Cuautla",1,"Cuautla","Ant. Estación del Ferrocarril, Batalla 19 de Febrero s/n","Centro","62740","","","","culturacuautlagob@gmail.com",-98.95391,18.81672,"http://sic.gob.mx/ficha.php?table=institucion_cultural_mun&table_id=455","2025-10-09 18:39:18-06"
159,"Instituto de Cultura de Cuernavaca","1000-01-01","Ayuntamiento de Cuernavaca, Secretaría de Desarrollo Humano y Participación Social",17,"Morelos",7,"Cuernavaca",1,"Cuernavaca","Av. José Ma. Morelos y Pavón 265","Centro","62000","","","","jcoteyza@gmail.com",-99.23754,18.92033,"http://sic.gob.mx/ficha.php?table=institucion_cultural_mun&table_id=159","2025-02-12 09:59:10-06"
821,"Dirección de Cultura de Emiliano Zapata","1000-01-01","Ayuntamiento de Emiliano Zapata",17,"Morelos",8,"Emiliano Zapata",1,"Emiliano Zapata","Int. Estadio Emiliano Zapata, Constitución s/n","Centro","62760","","","","direccioncultura25.27@gmail.com",-99.18224,18.84034,"http://sic.gob.mx/ficha.php?table=institucion_cultural_mun&table_id=821","2025-05-29 14:11:31-06"
818,"Dirección de Cultura y Turismo de Jantetelco","1000-01-01","Ayuntamiento de Jantetelco",17,"Morelos",10,"Jantetelco",1,"Jantetelco","Reforma s/n","Centro","62970","","","https://www.facebook.com/p/Ayuntamiento-del-Hist%C3%B3rico-Municipio-de-Jantetelco-2022-2024-100076507305564/?locale=es_LA","quintero.turismo24@gmail.com",-98.7772,18.71519,"http://sic.gob.mx/ficha.php?table=institucion_cultural_mun&table_id=818","2026-05-14 14:47:07-06"
443,"Dirección de Cultura y Turismo de Jonacatepec","2000-01-02","Ayuntamiento de Jonacatepec",17,"Morelos",13,"Jonacatepec de Leandro Valle",1,"Jonacatepec de Leandro Valle","Plaza Emiliano Zapata s/n","Centro","62930","","","","cul.tur.jonacatepec@gmail.com",-98.80344,18.6814,"http://sic.gob.mx/ficha.php?table=institucion_cultural_mun&table_id=443","2023-12-07 05:09:49-06"
779,"Coordinación de Cultura y Turismo de Mazatepec","2017-02-13","Ayuntamiento de Mazatepec",17,"Morelos",14,"Mazatepec",1,"Mazatepec","Panamá s/n esq. 5 de Febrero ","Col. Justo Sierra","62630","","","https://www.facebook.com/profile.php?id=100076917671643","culturamaza2224@gmail.com; mpio.mazatepec2024@gmail.com",-99.36443,18.73064,"http://sic.gob.mx/ficha.php?table=institucion_cultural_mun&table_id=779","2024-03-27 13:21:20-06"
428,"Dirección de Cultura, Artes y Oficios de Temixco","2013-01-01","Ayuntamiento de Temixco",17,"Morelos",18,"Temixco",1,"Temixco","Av. Emiliano Zapata 16 ","Centro","62580","","https://www.facebook.com/rafael.pineda.7315?fref=ts","","dic.cultura.temixco@gmail.com",-99.22401,18.84518,"http://sic.gob.mx/ficha.php?table=institucion_cultural_mun&table_id=428","2025-01-27 11:24:52-06"
349,"Dirección de Cultura, Recreación y Protección del Patrimonio Cultural  de Tepoztlán","2014-03-22","Ayuntamiento de Tepoztlán",17,"Morelos",20,"Tepoztlán",1,"Tepoztlán","Envila s/n","Centro","62520","","https://tepoztlan.gob.mx/Direcciones/cultura.html","https://www.facebook.com/ayuntamientodetepoztlan","secretariatepoztlan.2224@gmail.com; culturatepoz2224@gmail.com",-99.10124,18.98649,"http://sic.gob.mx/ficha.php?table=institucion_cultural_mun&table_id=349","2024-10-17 11:13:35-06"
97,"Dirección de Educación, Cultura, Deporte y Turismo","2009-11-01","Ayuntamiento de Tlayacapan",17,"Morelos",26,"Tlayacapan",1,"Tlayacapan","Plaza de la Corregidora s/n","Centro","62540","","http://www.tlayacapan.gob.mx/","","",-98.9827,18.95671,"http://sic.gob.mx/ficha.php?table=institucion_cultural_mun&table_id=97","2023-09-15 05:43:46-06"
319,"Dirección de Desarrollo Turístico y Fomento Cultural de Xochitepec","1000-01-01","Ayuntamiento de Xochitepec",17,"Morelos",28,"Xochitepec",1,"Xochitepec","Av. República de Guatemala s/n entre República de Argentina y República de Guatemala","Centro","62790","","","","turismo@xochitepec.gob.mx",-99.23139,18.78187,"http://sic.gob.mx/ficha.php?table=institucion_cultural_mun&table_id=319","2024-02-19 06:02:09-06"
389,"Dirección de Cultura de Yautepec","1000-01-01","Ayuntamiento de Yautepec",17,"Morelos",29,"Yautepec",1,"Yautepec de Zaragoza","Av. Solidaridad s/n","Centro","62000","","","","enelcerrodelpericon@gmail.com",-99.06604,18.88887,"http://sic.gob.mx/ficha.php?table=institucion_cultural_mun&table_id=389","2025-10-27 14:11:43-06"
801,"Dirección de Cultura de Temoac","1000-01-01","Ayuntamiento de Temoac",17,"Morelos",33,"Temoac",1,"Temoac","Carr. Emiliano Zapata s/n","Centro","62870","","","","presidente@ayuntamientotemoac.gob.mx",-98.77778,18.77232,"http://sic.gob.mx/ficha.php?table=institucion_cultural_mun&table_id=801","2024-10-29 11:17:19-06"
843,"Dirección de Cultura de Amatlán de Cañas","1000-01-01","Ayuntamiento de Amatlán de Cañas",18,"Nayarit",3,"Amatlán de Cañas",1,"Amatlán de Cañas","Morelos s/n esq. Cuauhtémoc","Centro","63960","","","https://www.facebook.com/GobiernoDeAmatlan","secretaria@amatlan.gob.mx",-104.40626,20.80645,"http://sic.gob.mx/ficha.php?table=institucion_cultural_mun&table_id=843","2026-03-13 11:11:51-06"
844,"Dirección de Arte y Cultura de Compostela","1000-01-01","Ayuntamiento de Compostela",18,"Nayarit",4,"Compostela",1,"Compostela","Moreno s/n esq. Hidalgo","Centro","63900","","https://compostela.gob.mx/","https://www.facebook.com/CompostelaPuebloMagicoNayarit","secretariaparticular@compostela.gob.mx",-104.9006,21.23753,"http://sic.gob.mx/ficha.php?table=institucion_cultural_mun&table_id=844","2026-03-11 12:06:08-06"
365,"Dirección de Arte y Cultura de Ixtlán del Río","1994-05-14","Ayuntamiento de Ixtlán del Río",18,"Nayarit",6,"Ixtlán del Río",1,"Ixtlán del Río","Av. Hidalgo 45","Centro","63940","","","https://www.facebook.com/GobiernoIxtlan/","cultura.gobixtlan@gmail.com",-104.368,21.03496,"http://sic.gob.mx/ficha.php?table=institucion_cultural_mun&table_id=365","2025-08-14 18:45:19-06"
744,"Dirección de Cultura Del Nayar","1000-01-01","Ayuntamiento Del Nayar",18,"Nayarit",9,"Del Nayar",1,"Jesús María","Principal s/n","Centro","73530","","","","ing.patronglez@mail.com",-104.51782,22.25125,"http://sic.gob.mx/ficha.php?table=institucion_cultural_mun&table_id=744","2025-10-30 18:49:18-06"
742,"Dirección de eventos cívicos y culturales de Ruiz","1993-01-01","Ayuntamiento de Ruiz",18,"Nayarit",11,"Ruíz",1,"Ruiz","Hidalgo 47 entre Dr. Salazar y Art. 123","Centro","63620","","","","culturaruiz2124@gmail.com",-105.14514,21.95032,"http://sic.gob.mx/ficha.php?table=institucion_cultural_mun&table_id=742","2023-02-09 07:45:01-06"
142,"Secretaría de Cultura de San Pedro Garza García","1000-01-01","Ayuntamiento de San Pedro Garza García",19,"Nuevo León",19,"San Pedro Garza García",1,"San Pedro Garza García","Reforma 208 esq. Aldama","Centro","66200","","http://www.sanpedro.gob.mx/gabinete.asp?secretaria=4#gsc.tab=0","","enrique.gonzalez@sanpedro.gob.mx",-100.40392,25.66441,"http://sic.gob.mx/ficha.php?table=institucion_cultural_mun&table_id=142","2024-03-13 02:49:36-06"
460,"Secretaría de Cultura, Educación y Recreación Social de General Escobedo","1000-01-01","Ayuntamiento de General Escobedo",19,"Nuevo León",21,"General Escobedo",1,"Ciudad General Escobedo","Nicolás Bravo 100 esq. Allende","Centro","66054","","https://www.escobedo.gob.mx/","","secretariadecultura@escobedo.gob.mx",-100.32135,25.80608,"http://sic.gob.mx/ficha.php?table=institucion_cultural_mun&table_id=460","2026-05-20 12:22:22-06"
485,"Dirección de Educación y Cultura de General Zaragoza","1000-01-01","Ayuntamiento de General Zaragoza",19,"Nuevo León",24,"General Zaragoza",1,"General Zaragoza","Calle 5 de Mayo s/n","Centro","67960","","https://www.generalzaragoza.mx/","https://www.facebook.com/gob.generalzaragozanl?mibextid=wwXIfr&rdid=vaSM05bFJLf7LwGN&share_url=https%3A%2F%2Fwww.facebook.com%2Fshare%2F1F4YmGA3HZ%2F%3Fmibextid%3DwwXIfr#","isabel_cultura@outlook.es; melva_771@hotmail.com",-99.77244,23.97334,"http://sic.gob.mx/ficha.php?table=institucion_cultural_mun&table_id=485","2026-02-20 17:21:22-06"
778,"Dirección de Cultura de Iturbide","1000-01-01","Ayuntamiento de Iturbe",19,"Nuevo León",30,"Iturbide",1,"Iturbide","","Centro","67830","","","","juliabazdam83@gmail.com",-99.90484,24.72588,"http://sic.gob.mx/ficha.php?table=institucion_cultural_mun&table_id=778","2024-03-11 07:53:15-06"
141,"Dirección de Cultura de Monterrey","1000-01-01","Ayuntamiento de Monterrey",19,"Nuevo León",39,"Monterrey",1,"Monterrey","Zaragoza s/n entre Corregidora e Hidalgo","Centro","64000","","","","cultura@monterrey.gob.mx; armando.guerrero@monterrey.gob.mx",-100.31108,25.66643,"http://sic.gob.mx/ficha.php?table=institucion_cultural_mun&table_id=141","2024-02-16 07:41:14-06"
161,"Departamento de Acción Social, Cultural y Deportiva del ISSSTE de Monterrey","1000-01-01","ISSSTE",19,"Nuevo León",39,"Monterrey",1,"Monterrey","Josefa Ortíz de Domínguez 2598 Altos","Col. Burócratas Federales","64380","","http://www.isssteags.gob.mx","","ts.gr@outlook.es",-100.36221,25.70649,"http://sic.gob.mx/ficha.php?table=institucion_cultural_mun&table_id=161","2024-02-12 05:04:19-06"
766,"Secretaría de Cultura de Sabinas Hidalgo","1000-01-01","Ayuntamiento de Sabinas Hidalgo",19,"Nuevo León",44,"Sabinas Hidalgo",1,"Ciudad Sabinas Hidalgo","Melchor Ocampo 190","Centro","65200","","https://sabinashidalgo.gob.mx/gobiernompal/","","secretariadecultuasabinashgo@gmai.com",-100.18578,26.49825,"http://sic.gob.mx/ficha.php?table=institucion_cultural_mun&table_id=766","2024-01-04 04:42:57-06"
459,"Instituto Municipal para el Desarrollo Cultural","1000-01-01","Ayuntamiento de San Nicolás de los Garza",19,"Nuevo León",46,"San Nicolás de los Garza",1,"San Nicolás de los Garza","Av. Juventud s/n esq. Ojo de Agua","Col. Potrero Anáhuac","66456","","","","indec.sn@gmail.com; ccarrasco@indec.gob.mx; espaciosculturales.sn@gmail.com",-100.28959,25.75525,"http://sic.gob.mx/ficha.php?table=institucion_cultural_mun&table_id=459","2024-01-17 07:41:19-06"
387,"Coordinación de Arte y Cultura","1000-01-01","Ayuntamiento de Santiago",19,"Nuevo León",49,"Santiago",1,"Santiago","José Mariano Abasolo 100","Centro","67310","","","https://www.facebook.com/santiago.gob.mx/?locale=es_LA","contacto@santiago.gob.mx",-100.15197,25.42409,"http://sic.gob.mx/ficha.php?table=institucion_cultural_mun&table_id=387","2023-12-04 04:50:37-06"
431,"Regiduría de Cultura y Recreación del Municipio de Asunción Nochixtlán, Oaxaca.","2014-01-01","H. Ayuntamiento de Asunción  Nochixtlán Oax. 2014-2016",20,"Oaxaca",6,"Asunción Nochixtlán",1,"Asunción Nochixtlán","Hidalgo 1","Barrio La Peña","69600","","https://www.facebook.com/photo/?fbid=310525455480239&set=a.104253052774148","https://l.facebook.com/l.php?u=https%3A%2F%2Finstagram.com%2Fayuntamientonochixtlan%3Figshid%3DMzRlODBiNWFlZA%253D%253D%26fbclid%3DIwZXh0bgNhZW0CMTAAAR0pdh7pYiXNI76itqFYjsgNgK_R649vmqzAtS-C3qsvg2iAluo0k9Vq0QY_aem_M70Kk0ByO-EcmTadoCxJPg&h=AT0HMx0-SAmMZUw31XrfzeQiKcuUCpnhxKne2XPfH0VQNsuXus045w1-AN_4MjdFpMUGFaYoLlDIsTcNJHEbTp4ev4M6T5WNocYdH2FY3dMGuZ4S7CY9CwOeqOAPiwpKPZYM-g","presidenciamunicipal2012@live.com/ casaculturanochixtlán@hotmail.com ",-97.22484,17.45833,"http://sic.gob.mx/ficha.php?table=institucion_cultural_mun&table_id=431","2025-10-28 10:41:23-06"
403,"Regiduría de Cultura de Juchitán de Zaragoza","1000-01-01","Ayuntamiento de Juchitán de Zaragoza",20,"Oaxaca",43,"Juchitán de Zaragoza",1,"Juchitán de Zaragoza","","","","","","https://www.facebook.com/gobjuch22/","megustajuchitan2022@gmail.com",-95.02169,16.43322,"http://sic.gob.mx/ficha.php?table=institucion_cultural_mun&table_id=403","2025-09-29 17:00:26-06"
397,"Dirección de Cultura y Turismo","2014-01-01","H. Ayuntamiento de Oaxaca de Juárez",20,"Oaxaca",67,"Oaxaca de Juárez",1,"Oaxaca de Juárez","Belisario Domínguez  603","Reforma ","68050","","","","secretariadearteycultura_22-24@municipiodeoaxaca.gob.mx",-96.73019,17.06375,"http://sic.gob.mx/ficha.php?table=institucion_cultural_mun&table_id=397","2023-11-16 05:41:15-06"
439,"Regiduría de Educación del Municipio de Putla Villa de Guerrero","1000-01-01","Ayuntamiento de Putla Villa de Guerrero",20,"Oaxaca",73,"Putla Villa de Guerrero",1,"Putla Villa de Guerrero","Palacio Municipal s/n","Centro","71009","","presidencia.municipiodeputla@gmail.com","https://www.facebook.com/Honorable.Ayuntamiento.Putla.2022.2024","",-97.9282,17.02622,"http://sic.gob.mx/ficha.php?table=institucion_cultural_mun&table_id=439","2024-10-22 13:48:24-06"
404,"Regiduría de Educación, Deporte y Cultura","1000-01-01","Ayuntamiento de Reyes Etla",20,"Oaxaca",77,"Reyes Etla",1,"Reyes Etla","","","","","REYEZETLA@hotmail.com","","",0,0,"http://sic.gob.mx/ficha.php?table=institucion_cultural_mun&table_id=404","2021-03-23 15:19:23-06"
367,"Dirección de Cultura de San Andrés Zautla","1000-01-01","Ayuntamiento de San Andrés Zautla",20,"Oaxaca",102,"San Andrés Zautla",1,"San Andrés Zautla","Insurgentes 1","Centro","68244","","","https://www.facebook.com/HAyuntamientodeSanAndresZautla20192021/?locale=es_LA","presidencia@zautla.gob.mx",-96.86359,17.18639,"http://sic.gob.mx/ficha.php?table=institucion_cultural_mun&table_id=367","2026-09-09 12:22:05-06"
444,"Regiduría de Educación de San Pedro Apóstol","1990-01-01","Ayuntamiento de San Pedro Apóstol",20,"Oaxaca",301,"San Pedro Apóstol",1,"San Pedro Apóstol","Plaza reforma s/n","Centro","71540","","","","municipio_villasanpedroa@hotmail.com",-96.72616,16.73528,"http://sic.gob.mx/ficha.php?table=institucion_cultural_mun&table_id=444","2025-02-19 11:47:29-06"
734,"Dirección de Cultura de San Pedro Comitancillo","1000-01-01","Ayuntamiento de San Pedro Comitancillo",20,"Oaxaca",305,"San Pedro Comitancillo",1,"San Pedro Comitancillo","Av. Centenario s/n","Barrio Tecnológico","70750","","https://sanpedrocomitancillo.gob.mx/","","sanpedrocomitancillo@oaxaca.gob.mx",-95.15972,16.4903,"http://sic.gob.mx/ficha.php?table=institucion_cultural_mun&table_id=734","2022-09-21 06:15:45-05"
847,"Dirección de Cultura de Vila de Etla","1000-01-01","Ayuntamiento de Villa de Etla",20,"Oaxaca",338,"Villa de Etla",1,"Villa de Etla","Priv. de Hidalgo s/n","Centro","68200","","https://www.iztapalapa.cdmx.gob.mx/","https://www.facebook.com/Gob.VilladeEtla/","mvilladeetla@mail.com",-96.80414,17.20645,"http://sic.gob.mx/ficha.php?table=institucion_cultural_mun&table_id=847","2026-04-14 13:16:28-06"
735,"Regiduría de Cultura y Educación de San Pedro y San Pablo Teposcolula","2022-01-01","Ayuntamiento de San Pedro y San Pablo Teposcolula",20,"Oaxaca",339,"San Pedro y San Pablo Teposcolula",1,"San Pedro y San Pablo Teposcolula","Francisco I. Madero s/n","Centro","69500","","","","tepos2022@hotmail.com",-97.48866,17.51249,"http://sic.gob.mx/ficha.php?table=institucion_cultural_mun&table_id=735","2022-09-28 02:32:47-05"
478,"Regiduría de Cultura y Deporte de Santa Ana ","1000-01-01","San Ana Oaxaca",20,"Oaxaca",353,"Santa Ana",1,"Santa Ana","Calle Hidalgo S/N","Centro","70820","","","","municipiosantana@hotmail.com",0,0,"http://sic.gob.mx/ficha.php?table=institucion_cultural_mun&table_id=478","2017-08-24 14:48:42-05"
751,"Coordinación de Cultura de  Santa María Colotepec","1000-01-01","Ayuntamiento de Santa María Colotepec/Regiduría de Cultura y Deportes",20,"Oaxaca",401,"Santa María Colotepec",1,"Santa María Colotepec","Palacio Municipal s/n","Centro","70934","","","","cyd@gobiernosantamariacolotepec.gob.mx",-96.93833,15.89779,"http://sic.gob.mx/ficha.php?table=institucion_cultural_mun&table_id=751","2023-06-07 04:55:37-06"
723,"Dirección de Cultura de Santiago Llano Grande","1000-01-01","Ayuntamiento de de Santiago Llano Grande",20,"Oaxaca",474,"Santiago Llano Grande",1,"Santiago Llano Grande","Independencia s/n","Barrio la Laguna","71660","","","","gopa_pato@hotmail.com",-98.29034,16.49121,"http://sic.gob.mx/ficha.php?table=institucion_cultural_mun&table_id=723","2021-04-30 03:43:41-05"
746,"Regiduría de Cultura de Santo Tomás Jalieza","1000-01-01","Ayuntamiento de Santo Tomás Jalieza",20,"Oaxaca",530,"Santo Tomás Jalieza",1,"Santo Tomás Jalieza","Plazuela Josefa Ortiz de Domínguez 1","Centro","71507","","","","secretariamunicipalstj@gmail.com",-96.67219,16.84451,"http://sic.gob.mx/ficha.php?table=institucion_cultural_mun&table_id=746","2023-04-12 06:52:52-06"
435,"Regiduría de Educación del Municipio de Teotitlán de Flores Magón","1000-01-01","Municipio de Teotitlán de Flores Magón, Oaxaca.",20,"Oaxaca",545,"Teotitlán de Flores Magón",1,"Teotitlán de Flores Magón","Avenida José Silones 15","Centro"," 68540","","","https://www.facebook.com/profile.php?id=100077890584123","ayuntamiento_teotitlan2224@hotmail.com",-97.07083,18.13234,"http://sic.gob.mx/ficha.php?table=institucion_cultural_mun&table_id=435","2024-11-27 13:24:15-06"
791,"Instituto de Patrimonio Cultural del Estado de Oaxaca","1000-01-01","Gobierno del Estado de Oaxaca",20,"Oaxaca",553,"Tlalixtac de Cabrera",1,"Tlalixtac de Cabrera","Carr. Internacional Oaxaca-Istmo km 11.5, edif. 3","Ciudad Administrativa, Benemérito de las Américas","68270","","https://www.oaxaca.gob.mx/inpac","https://www.facebook.com/INPACOAX","",-96.65588,17.05617,"http://sic.gob.mx/ficha.php?table=institucion_cultural_mun&table_id=791","2024-06-06 12:21:19-06"
452,"Regiduría de Educación Cultural, Deportes y Eventos Sociales de Cuautlancingo","1999-01-01","Regiduría de Educación",21,"Puebla",41,"Cuautlancingo",1,"San Juan Cuautlancingo","Calle 2 de Abril s/n","Centro, Barrio del Calvario","72700","","http://www.cuautlancingo.gob.mx/index.php/ayuntamiento/regidores/","","coord_gobernacion@cuautlancingo.gob.mx",-98.27268,19.08877,"http://sic.gob.mx/ficha.php?table=institucion_cultural_mun&table_id=452","2020-10-31 08:42:40-06"
739,"Regiduría de Cultura de Cuetzalan del Progreso","1000-01-01","Ayuntamiento de Cuetzalan del Progreso",21,"Puebla",43,"Cuetzalan del Progreso",1,"Ciudad de Cuetzalan","Palacio Nacional s/n","Centro","73560","","","","regiduriacuetzalan2124@gmail.com",-97.52056,20.01852,"http://sic.gob.mx/ficha.php?table=institucion_cultural_mun&table_id=739","2023-01-27 06:45:12-06"
837,"Dirección de Cultura de Chignahuapan","1000-01-01","Ayuntamiento de Chignahuapan",21,"Puebla",53,"Chignahuapan",1,"Ciudad de Chignahuapan","Juan N. Méndez s/n","Centro","73300","","https://www.chignahuapan.gob.mx/","","cultura@chignahuapan.gob.mx",-98.03094,19.83817,"http://sic.gob.mx/ficha.php?table=institucion_cultural_mun&table_id=837","2026-09-18 12:47:26-06"
783,"Dirección de Cultura de Mazapiltepec de Juárez","1000-01-01","Ayuntamiento de Mazapiltepec de Juárez",21,"Puebla",96,"Mazapiltepec de Juárez",1,"Mazapiltepec de Juárez","Av. 16 de septiembre 101","Centro","75130","","","","mazapiltepec2019@hotmail.com",-97.70783,19.11958,"http://sic.gob.mx/ficha.php?table=institucion_cultural_mun&table_id=783","2024-05-08 12:52:14-06"
763,"Dirección de Educación, Cultura y Deporte de Pahuatlán","1000-01-01","Ayuntamiento de Pahuatlán",21,"Puebla",109,"Pahuatlán",1,"Ciudad de Pahuatlán de Valle","Leandro Valle 1","Centro","73100","","https://municipiopahuatlan.org/","https://www.facebook.com/profile.php?id=61574744685565","pahuatlan@puebla.gob.mx; educacioncyd.mpiopahuatlan@gmail.com",-98.14984,20.27576,"http://sic.gob.mx/ficha.php?table=institucion_cultural_mun&table_id=763","2026-04-15 11:35:40-06"
71,"Instituto Municipal de Arte y Cultura de Puebla (IMACP)","2005-12-12","Ayuntamiento de Puebla",21,"Puebla",114,"Puebla",1,"Heroica Puebla de Zaragoza","Av. Reforma 1519","Barrio de San Sebastián","72090","","https://imacp.pueblacapital.gob.mx","https://www.facebook.com/IMACP/","direccion.general.imacp@ayuntamientopuebla.gob.mx; oficialiadepartes.imacp@ayuntamientopuebla.gob.mx",-98.21016,19.05014,"http://sic.gob.mx/ficha.php?table=institucion_cultural_mun&table_id=71","2025-02-07 11:31:36-06"
379,"Secretaría de Cultura y Turismo de San Pedro Cholula","1975-01-01","Ayuntamiento de San Pedro Cholula",21,"Puebla",119,"San Andrés Cholula",1,"San Andrés Cholula","Calle 4 Ote. 3","Centro","72760","","http://cholula.gob.mx/servicios-interior/category/unidad-de-cultura-y-tradiciones-2?f=1","","eva.toxqui@sach.gob.mx; secretariadelayuntamieto@sach.gob.mx; guadalupe.cuautle@sach.gob.mx",-98.31432,19.03035,"http://sic.gob.mx/ficha.php?table=institucion_cultural_mun&table_id=379","2026-04-20 10:25:25-06"
423,"Dirección de Turismo y Cultura de San Martín Texmelucan","2011-02-16","Ayuntamiento de San Martín Texmelucan",21,"Puebla",132,"San Martín Texmelucan",1,"San Martín Texmelucan de Labastida","Libertad Nte. 1","Centro","74000","","https://www.facebook.com/TurismoGobTex?locale=es_LA","","turismoyculturasmt@gmail.com",-98.42391,19.28816,"http://sic.gob.mx/ficha.php?table=institucion_cultural_mun&table_id=423","2024-07-10 11:39:01-06"
501,"Casa de Cultura XJUIN SJU, Hermosa Flor","2013-09-20","Ayuntamiento de Santa Inés Ahuatempan",21,"Puebla",147,"Santa Inés Ahuatempan",1,"Santa Inés Ahuatempan","Orquidea s/n","Barrio Los Reyes","74820","","",""," presidencia@ahuatempan.gob.mx",-98.0175,18.41272,"http://sic.gob.mx/ficha.php?table=institucion_cultural_mun&table_id=501","2026-04-15 16:41:43-06"
92,"Dirección de Cultura de Tehuacán","2014-02-14","Ayuntamiento de Tehuacán",21,"Puebla",156,"Tehuacán",1,"Tehuacán","Int. Complejo Cultural El Carmen, Av. Reforma Nte. 210","Centro","75700","","http://web.tehuacan.gob.mx/","","cultura@tehuacan.gob.mx",-97.39391,18.46555,"http://sic.gob.mx/ficha.php?table=institucion_cultural_mun&table_id=92","2019-05-16 06:02:28-05"
490,"Casa de Cultura Tepeojuma","2014-08-15","Tepeojuma",21,"Puebla",166,"Tepeojuma",1,"Tepeojuma","Matamoros s/n","Tepeojuma","74390","","","","",-98.45028,18.72245,"http://sic.gob.mx/ficha.php?table=institucion_cultural_mun&table_id=490","2018-10-23 06:31:04-05"
437,"Dirección de Cultura de Tepexi de Rodríguez","1994-12-17","Ayuntamiento Tepexi de Rodríguez",21,"Puebla",169,"Tepexi de Rodríguez",1,"Tepexi de Rodríguez","Hidalgo 1   ","Centro","74690","","https://www.facebook.com/people/Cultura-Educaci%C3%B3n-Turismo-H-Ayuntamiento-de-Tepexi-de-Rodr%C3%ADguez-2025/61577147276514/","","coordinacionregional2@hotmail.com",-97.92611,18.58091,"http://sic.gob.mx/ficha.php?table=institucion_cultural_mun&table_id=437","2025-12-02 19:19:05-06"
750,"Dirección de Cultura de Tetela de Ocampo","1000-01-01","Ayuntamiento de Tetela de Ocampo",21,"Puebla",172,"Tetela de Ocampo",1,"Ciudad de Tetela de Ocampo","Plaza de la Constitución 1","Centro","73640","","","","culturatetela2021202@gmail.com",-97.80583,19.81676,"http://sic.gob.mx/ficha.php?table=institucion_cultural_mun&table_id=750","2023-06-06 07:59:00-06"
449,"Dirección de Arte y Cultura de Teziutlán","2006-02-01","Ayuntamiento de Teziutlán",21,"Puebla",174,"Teziutlán",1,"Teziutlán","Av. Hidalgo s/n","Centro","73800","","https://teziutlan.gob.mx","","arte_cultura@teziutlan.gob.mx",-97.36047,19.81364,"http://sic.gob.mx/ficha.php?table=institucion_cultural_mun&table_id=449","2020-10-31 10:14:42-06"
378,"Dirección de Turismo y Cultura de Tochimilco","1995-08-27","Ayuntamiento de Tochimilco",21,"Puebla",188,"Tochimilco",1,"Tochimilco","Kiosco Municipal s/n","Centro Histórico","74330","","https://www.facebook.com/TurismoTochimilco?fref=ts","","casacultura.tochimilco1418@hotmail.com",-98.57196,18.8918,"http://sic.gob.mx/ficha.php?table=institucion_cultural_mun&table_id=378","2024-12-26 17:27:37-06"
450,"Dirección de Cultura y Turismo de Xicotepec","1980-11-20","Ayuntamiento de Xicotepec",21,"Puebla",197,"Xicotepec",1,"Xicotepec de Juárez","Tejeria 115","Centro","73080","","","","infoturismoxicotepec@gmail.com",-97.95535,20.2778,"http://sic.gob.mx/ficha.php?table=institucion_cultural_mun&table_id=450","2020-06-02 13:31:34-05"
493,"Dirección de Cultura y Turismo de Xiutetelco","2021-10-15","Ayuntamiento de Xiutetelco",21,"Puebla",199,"Xiutetelco",1,"San Juan Xiutetelco","Aquiles Serdán 1","Centro","73970","","https://xiutetelco.gob.mx/Vista/index.php","https://www.facebook.com/GobiernoMunicipalXiutetelco2018.2021/","cultura@xiutetelco.gob.mx; solmorelos71@gmail.com",-97.32579,19.796,"http://sic.gob.mx/ficha.php?table=institucion_cultural_mun&table_id=493","2023-02-07 03:02:55-06"
424,"Dirección de Cultura Zacapoaxtla","2011-02-15","Ayuntamiento de Zacapoaxtla",21,"Puebla",207,"Zacapoaxtla",1,"Zacapoaxtla","Plaza de la Constitución s/n","Centro","73680","","","","afyee@hotmail.com",-97.59026,19.87335,"http://sic.gob.mx/ficha.php?table=institucion_cultural_mun&table_id=424","2024-02-16 05:45:46-06"
463,"Dirección de Cultura de Zacatlán","2014-02-14","Ayuntamiento de Zacatlán",21,"Puebla",208,"Zacatlán",1,"Zacatlán","Josefa Ortiz de Domínguez 4","Centro","73310","","","","cultura@zacatlan.gob.mx",-97.96072,19.93106,"http://sic.gob.mx/ficha.php?table=institucion_cultural_mun&table_id=463","2020-02-11 06:22:25-06"
355,"Dirección de Cultura de Pinal de Amoles","1994-09-28","Ayuntamiento de Pinal de Amoles",22,"Querétaro",2,"Pinal de Amoles",1,"Pinal de Amoles","Independencia 2","Centro","76300","","","","esenciaculturapinal@hotmail.com; victorinorr@yahoo.com.mx",-99.62463,21.13321,"http://sic.gob.mx/ficha.php?table=institucion_cultural_mun&table_id=355","2025-11-06 18:08:56-06"
445,"Secretaría de Cultura y Tradiciones Corregidora","1000-01-01","Ayuntamiento de Corregidora",22,"Querétaro",6,"Corregidora",1,"El Pueblito","Av. Cumbres s/n","Col. Candiles","76903","","https://corregidora.gob.mx/portal/llama-secretaria-de-cultura-a-participar-en-taller-culturales-y-artisticos/","https://www.facebook.com/p/Secretar%C3%ADa-de-Cultura-y-Tradiciones-Corregidora-61566981017251/","corregidorasecretariadecultura@gmail.com; estela.lopez@corregidora.gob.mx",-100.40431,20.5501,"http://sic.gob.mx/ficha.php?table=institucion_cultural_mun&table_id=445","2026-01-12 14:31:24-06"
772,"Coordinación de Cultura de Jalpan de Serra","1000-01-01","Ayuntamiento de Jalpan de Serra",22,"Querétaro",9,"Jalpan de Serra",1,"Jalpan de Serra","Nicolás Bravo s/n","Centro","76340","","","","colprackm3@gmail.com; anggie_08sanchez@hotmail.com",-99.47278,21.2168,"http://sic.gob.mx/ficha.php?table=institucion_cultural_mun&table_id=772","2024-02-01 06:48:24-06"
441,"Dirección de Cultura de El Marqués","1989-03-03","Ayuntamiento de El Marqués",22,"Querétaro",11,"El Marqués",1,"La Cañada","Venustiano Carranza  12","Col. La Cañada","76240","","","","vvalencia@elmarquez.gob.mx",-100.33101,20.60659,"http://sic.gob.mx/ficha.php?table=institucion_cultural_mun&table_id=441","2025-04-02 12:46:46-06"
430,"Secretaría de Cultura del Municipio de Querétaro","1995-01-31","Ayuntamiento de Querétaro",22,"Querétaro",14,"Querétaro",1,"Santiago de Querétaro","Juárez Nte. 9 entre Madero y 16 de Septiembre","Centro Histórico","76000","","https://municipiodequeretaro.gob.mx/secretaria-de-cultura/?fbclid=IwAR22veC54-eLuDwo0O69SaC1043oTLFhoLZO7DCqym9bVj134CfYsWt8HF0","","martha.salgado@municipiodequeretaro.gob.mx",-100.39239,20.59269,"http://sic.gob.mx/ficha.php?table=institucion_cultural_mun&table_id=430","2026-05-14 10:18:28-06"
370,"Dirección de Cultura San Juan del Río","1000-01-01","Ayuntamiento Municipal de San Juan del Río",22,"Querétaro",16,"San Juan del Río",1,"San Juan del Río","Av. Juarez 30 Pte.","Centro","76800","","https://www.sanjuandelrio.gob.mx/","","direccionbellasartesjr@gmail.com",-99.99945,20.38658,"http://sic.gob.mx/ficha.php?table=institucion_cultural_mun&table_id=370","2024-11-27 09:41:35-06"
753,"Coordinación de Cultura de Tolimán","1000-01-01","Ayuntamiento de Tolimán",22,"Querétaro",18,"Tolimán",1,"Tolimán","Plaza Independencia 4","Centro","76600","","","","coordinacioncultura@toliman.gob.mx",-99.93056,20.90815,"http://sic.gob.mx/ficha.php?table=institucion_cultural_mun&table_id=753","2023-07-28 06:38:41-06"
462,"Subdirección de Cultura de Cozumel","2001-04-01","Ayuntamiento de Cozumel",23,"Quintana Roo",1,"Cozumel",1,"Cozumel","Dr. Adolfo Rosado Salas esq. Av. 105 y Av. 120","Col. Juan Bautista Vega","77645","","","","culturacozumel2024@gmail.com",-86.93353,20.49517,"http://sic.gob.mx/ficha.php?table=institucion_cultural_mun&table_id=462","2023-11-24 07:52:29-06"
476,"Instituto de la Cultura y las Artes de Isla Mujeres","2015-04-29","Ayuntamiento de Isla Mujeres",23,"Quintana Roo",3,"Isla Mujeres",1,"Isla Mujeres","Av. Guerrero por Abasolo, Smza 001, Edif. del Instituto","Centro","77400","","http://islamujeres.gob.mx/instituto-de-la-cultura/","","",-86.74736,21.25846,"http://sic.gob.mx/ficha.php?table=institucion_cultural_mun&table_id=476","2025-07-07 13:26:08-06"
371,"Instituto de la Cultura y las Artes de Benito Juárez","1000-01-01","Ayuntamiento de Benito Juárez",23,"Quintana Roo",5,"Benito Juárez",1,"Cancún","Av. Chichén Itzá SM-23 M-55 L-1 esq. Av. Tulum","","77500","","http://cancun.gob.mx/cultura/","https://www.facebook.com/somosculturacun/","institutodelaculturacancun@gmail.com",-86.82715,21.16959,"http://sic.gob.mx/ficha.php?table=institucion_cultural_mun&table_id=371","2025-02-18 13:21:00-06"
372,"Dirección de Cultura de Aquismón","1000-01-01","Ayuntamiento de Aquismón",24,"San Luis Potosí",3,"Aquismón",1,"Aquismón","Damian Carmona ","Zona Centro","79760","","http://www.aquismon-slp.gob.mx/2018-2021/","","cultura_aquismon@hotmail.com; ayuntamientodeaquismon@gmail.com",-99.01957,21.62136,"http://sic.gob.mx/ficha.php?table=institucion_cultural_mun&table_id=372","2026-08-07 13:20:06-06"
765,"Dirección de Turismo y Cultura de Catorce","1000-01-01","Ayuntamiento de Catorce",24,"San Luis Potosí",6,"Catorce",1,"Real de Catorce","Constitución 27","Zona Centro","78550","","","","turismoycultura20212024@gmail.com",-100.88629,23.69043,"http://sic.gob.mx/ficha.php?table=institucion_cultural_mun&table_id=765","2023-12-07 07:58:03-06"
110,"Dirección de Cultura de Ciudad Fernández","1995-01-01","Ayuntamiento de Ciudad Fernández",24,"San Luis Potosí",11,"Ciudad Fernández",1,"Ciudad Fernández","Plaza Principal s/n","Centro","79650","","http://www.cdfernandez-slp.gob.mx","","cultura@cdfdz.gob.mx",-460.01088,21.94345,"http://sic.gob.mx/ficha.php?table=institucion_cultural_mun&table_id=110","2019-10-18 05:43:39-05"
123,"Dirección de Cultura Tancanhuitz de Santos","1000-01-01","Ayuntamiento de Tancanhuitz de Santos",24,"San Luis Potosí",12,"Tancanhuitz",1,"Tancanhuitz","Plaza Principal","Zona Centro","79800","","http://tancanhuitzaccionesquehablan.gob.mx/","","culturatancanhuitz@hotmail.com",-98.9664,21.59727,"http://sic.gob.mx/ficha.php?table=institucion_cultural_mun&table_id=123","2026-04-28 18:15:02-06"
852,"Dirección de Cultura de Ciudad Valles","1000-01-01","Ayuntamiento de Ciudad Valles",24,"San Luis Potosí",13,"Ciudad Valles",1,"Ciudad Valles","Pedro Antonio Santos 5","Centro","79000","","","","cultura@vallesslp.gob.mx; culturavalles.2427@gmail.com",-99.02042,21.98854,"http://sic.gob.mx/ficha.php?table=institucion_cultural_mun&table_id=852","2026-08-13 09:34:08-06"
126,"Dirección de Fomento de Cultura","2001-04-01","Ayuntamiento de Matehuala",24,"San Luis Potosí",20,"Matehuala",1,"Matehuala","Hidalgo 201 Norte","Centro","78715","","http://matehuala.gob.mx/","","cultura.matehuala@gmail.com",-100.6434,23.64987,"http://sic.gob.mx/ficha.php?table=institucion_cultural_mun&table_id=126","2019-10-18 06:13:01-05"
109,"Instituto Municipal de Arte y Cultura IMAC","2003-01-31","Ayuntamiento de Rioverde",24,"San Luis Potosí",24,"Rioverde",1,"Rioverde","Julián de los Reyes 200","Centro","79610","","http://www.rioverde.gob.mx","","culturarioverde@hotmail.com",-99.9913,21.93263,"http://sic.gob.mx/ficha.php?table=institucion_cultural_mun&table_id=109","2019-10-18 06:44:40-05"
133,"División de Difusión Cultural de la UASLP","1979-07-13","Universidad Autónoma de San Luis Potosí",24,"San Luis Potosí",28,"San Luis Potosí",1,"San Luis Potosí","Álvaro Obregón 64","Centro","78000","","http://www.difusion.uaslp.mx","","difusion.cultural@uaslp.mx",-100.9778,22.15307,"http://sic.gob.mx/ficha.php?table=institucion_cultural_mun&table_id=133","2025-06-06 11:01:17-06"
111,"Coordinación de Difusión Cultural y Artística de la SEGE","1999-11-01","Secretaría de Educación del Gobierno del Estado de San Luis Potosí",24,"San Luis Potosí",28,"San Luis Potosí",1,"San Luis Potosí","Av. Mariano Jiménez 1240","Fracc. Estadio","78280","","http://www.seslp.gob.mx","","ddcasege@yahoo.com.mx",-100.98752,22.13904,"http://sic.gob.mx/ficha.php?table=institucion_cultural_mun&table_id=111","2019-09-26 07:49:10-05"
134,"Dirección de Cultura y Deporte Escolar del Sistema Educativo Estatal Regular","1993-11-10","Gobierno del Estado/Secretaría de Educación Pública del Estado de San Luis Potosí",24,"San Luis Potosí",28,"San Luis Potosí",1,"San Luis Potosí","Coronel Romero 660","Col. ISSSTE","78280","","http://seer.slp.gob.mx/","https://www.facebook.com/people/Sistema-Educativo-Estatal-Regular/61571729003752/","dg@seer.gob.mx; sistema.educativo.estatal.regular@gmail.com",-100.98386,22.13746,"http://sic.gob.mx/ficha.php?table=institucion_cultural_mun&table_id=134","2026-04-24 17:04:35-06"
135,"Instituto Educativo y Cultural Sección 26 del S.N.T.E.","1991-10-01","Sindicato Nacional de Trabajadores de la Educación",24,"San Luis Potosí",28,"San Luis Potosí",1,"San Luis Potosí","República s/n esq. Zamarripa","Col. Himno Nacional","78280","","http://www.snte26.org.mx","","centroculturaldelaseccion26@hotmail.com",-101.00065,22.14273,"http://sic.gob.mx/ficha.php?table=institucion_cultural_mun&table_id=135","2019-10-18 07:19:35-05"
137,"Dirección de Cultura de San Luis Potosí","1000-01-01","Ayuntamiento de San Luis Potosí",24,"San Luis Potosí",28,"San Luis Potosí",1,"San Luis Potosí","Jardín Hidalgo 5","Centro Histórico","78000","","http://www.sanluis.gob.mx","","lap.joseluis.pc@hotmail.com",-100.97587,22.15187,"http://sic.gob.mx/ficha.php?table=institucion_cultural_mun&table_id=137","2022-12-01 04:51:25-06"
132,"Instituto Potosino de Bellas Artes","1955-07-01","Organismo Descentralizado del Gobierno del Estado de San Luis Potosí",24,"San Luis Potosí",28,"San Luis Potosí",1,"San Luis Potosí","Av. Universidad s/n esq. Constitución","Centro Histórico","78000","","http://www.institutopotosinodebellasartes.com","https://www.facebook.com/InstitutoPotosinodeBellasArtes/?locale=es_LA","informes@ipba.com.mx",-100.97212,22.14988,"http://sic.gob.mx/ficha.php?table=institucion_cultural_mun&table_id=132","2026-04-28 18:06:19-06"
166,"Departamento de Acción Social, Cultural y Deportivo del ISSSTE de SLP","1000-01-01","ISSSTE",24,"San Luis Potosí",28,"San Luis Potosí",1,"San Luis Potosí","Recursos Hidraulicos s/n","Col. Las Aguilas 1ra Secc","78270","","http://www.issste.gob.mx","","agordillo@hotmail.com; julietadeleonr@hotmail.com",-100.98008,22.1479,"http://sic.gob.mx/ficha.php?table=institucion_cultural_mun&table_id=166","2024-02-16 08:08:18-06"
359,"Dirección de Servicios Culturales y Turismo de Santa María del Río","1000-01-01","Ayuntamiento de Santa María del Río",24,"San Luis Potosí",32,"Santa María del Río",1,"Santa María del Río","Pascual M. Hernández Segura 8","Centro Histórico","79560","","","","municipio_santamaria@yahoo.com.mx; casa_cultura@hotmail.com",-100.73417,21.80058,"http://sic.gob.mx/ficha.php?table=institucion_cultural_mun&table_id=359","2025-10-20 18:12:58-06"
112," Dirección de Educación y Cultura","2006-01-01","Ayuntamiento de Soledad de Graciano Sánchez",24,"San Luis Potosí",35,"Soledad de Graciano Sánchez",1,"Soledad de Graciano Sánchez","Blas Escontría 604","Centro","78430","","","","cultura@municipiosoledad.gob.mx",-100.94421,22.18421,"http://sic.gob.mx/ficha.php?table=institucion_cultural_mun&table_id=112","2019-09-27 05:30:30-05"
839,"Dirección de Cultura de Tamasopo","1000-01-01","Ayuntamiento de Tamasopo",24,"San Luis Potosí",36,"Tamasopo",1,"Tamasopo","Francisco Javier Mina s/n","Centro","79700","","https://2024-2027.tamasopo-slp.gob.mx/","","juancrisostomodesantiagoortiz@gmail.com",-99.3917,21.92272,"http://sic.gob.mx/ficha.php?table=institucion_cultural_mun&table_id=839","2026-02-17 09:21:57-06"
390,"Dirección de Cultura de Villa de Reyes","1000-01-01","Ayuntamiento de Villa de Reyes",24,"San Luis Potosí",50,"Villa de Reyes",1,"Villa de Reyes","Bustamante s/n esq. Jardín Colón","Centro","79500","","","","martinezmayavsf@hotmail.com",-100.93262,21.80305,"http://sic.gob.mx/ficha.php?table=institucion_cultural_mun&table_id=390","2019-09-27 07:39:08-05"
113,"Instituto Xilitlense de Bellas Artes (IXBA)","1997-09-24","Organización Xilitlense para las Artes la Cultura y la Ciencia. A.C.  (OXACC. A.C. ) ",24,"San Luis Potosí",54,"Xilitla",1,"Xilitla","Cuauhtémoc 215 ","Centro","79900","","https://www.ixba.org/","https://www.facebook.com/centro.cultural.ixba/","contacto.ixba@gmail.com ",-98.99468,21.3866,"http://sic.gob.mx/ficha.php?table=institucion_cultural_mun&table_id=113","2022-09-29 01:57:14-05"
103,"Dirección de Cultura de Angostura","2005-01-01","Ayuntamiento de Angostura",25,"Sinaloa",2,"Angostura",1,"Angostura","Calle 16 de Septiembre s/n esq. Cjón. del Ayuntamiento","Centro","81600","","http://www.angostura.gob.mx","","secretaria@ang.gob.mx",-108.15949,25.36436,"http://sic.gob.mx/ficha.php?table=institucion_cultural_mun&table_id=103","2023-08-15 04:53:50-06"
755,"Coordinación de Cultura de Badiraguato","1000-01-01","Ayuntamiento de Badiraguato",25,"Sinaloa",3,"Badiraguato",1,"Badiraguato","Teófilo Alvarez Barboa s/n esq. Fernando Cuen","Centro","80500","","","","coordinaciondecultura22@gmail.com",-107.55169,25.36269,"http://sic.gob.mx/ficha.php?table=institucion_cultural_mun&table_id=755","2023-08-02 05:30:54-06"
767,"Dirección de Cultura de Concordia","1000-01-01","Ayuntamiento de Concordia",25,"Sinaloa",4,"Concordia",1,"Heroica Ciudad Concordia","Onofre Campaña s/n esq. Gral. Gutiérrez","Centro","82600","","","","presidencia@concordia.gob.mx",-106.06968,23.28807,"http://sic.gob.mx/ficha.php?table=institucion_cultural_mun&table_id=767","2025-10-31 18:17:24-06"
726,"Instituto Municipal de la Cultura de Cosalá","2014-01-01","Ayuntamiento de Cosalá",25,"Sinaloa",5,"Cosalá",1,"Cosalá","Antonio Rosales s/n","Centro","80700","","http://www.cosala.gob.mx/index.php/paramunicipales/instituto-municipal-de-la-cultura","","coordinaciondeeventos2014@hotmail.com",-106.69082,24.41178,"http://sic.gob.mx/ficha.php?table=institucion_cultural_mun&table_id=726","2021-05-12 06:15:09-05"
115,"Instituto Municipal de la Cultura de Culiacán","2007-01-01","Ayuntamiento de Culiacán ",25,"Sinaloa",6,"Culiacán",1,"Culiacán Rosales","Col. Jorge Almada","Álvaro Obregón 617 Sur","80010","","http://transparencia.culiacan.gob.mx/dependencias/instituto-municipal-de-la-cultura/directorio","","institutoculturaculiacan@gmail.com",0,0,"http://sic.gob.mx/ficha.php?table=institucion_cultural_mun&table_id=115","2024-02-22 07:55:09-06"
85,"Dirección de Cultura de Choix","5000-01-01","Ayuntamiento de Choix",25,"Sinaloa",7,"Choix",1,"Choix","Benito Juárez 5","Centro","81700","","http://www.choix.gob.mx","https://www.facebook.com/profile.php?id=100076097001497","cultura@choix.gob.mx",-108.32301,26.70716,"http://sic.gob.mx/ficha.php?table=institucion_cultural_mun&table_id=85","2025-01-09 12:13:23-06"
768,"Instituto Municipal de la Cultura de Elota","1000-01-01","Ayuntamiento de Elota",25,"Sinaloa",8,"Elota",1,"La Cruz","Aquiles Serdán s/n esq. Reyes de Reforma","Centro","82700","","https://elota.gob.mx/cms/directorios/","","jesus.cruz@elota.gob.mx",-106.89262,23.91535,"http://sic.gob.mx/ficha.php?table=institucion_cultural_mun&table_id=768","2024-01-17 07:59:11-06"
725,"Instituto Municipal de Cultura de Escuinapa","1000-01-01","Ayuntamiento de Escuinapa",25,"Sinaloa",9,"Escuinapa",1,"Escuinapa de Hidalgo","Sandra Calderón s/n esq. María de los Ángeles Polanco","Col. Emiliano Zapata","82400","","","","paulina.loro8898@gmail.com; ccasadelacultura9@gmail.com",-105.77788,22.83505,"http://sic.gob.mx/ficha.php?table=institucion_cultural_mun&table_id=725","2021-05-14 06:55:53-05"
101,"Dirección de Educación y Cultura del El Fuerte","1000-01-01","Ayuntamiento de El Fuerte",25,"Sinaloa",10,"El Fuerte",1,"El Fuerte","Calle 5 de Mayo s/n","Centro","81820","","https://elfuerte.gob.mx/municipio/area/educacion-y-cultura","","",-108.61695,26.42004,"http://sic.gob.mx/ficha.php?table=institucion_cultural_mun&table_id=101","2023-07-27 06:36:50-06"
86,"Dirección General de Educación, Cultura y Promoción Social de Guasave","1000-01-01","Ayuntamiento de Guasave",25,"Sinaloa",11,"Guasave",1,"Guasave","Av. Adolfo López Mateos s/n","Col. Del Bosque","81000","","http://www.guasave.gob.mx","","educacionycultura@guasave.gob.mx",0,0,"http://sic.gob.mx/ficha.php?table=institucion_cultural_mun&table_id=86","2021-04-12 07:18:49-05"
116,"Instituto Municipal de Cultura, Turismo y Arte de Mazatlán","2005-07-02","Ayuntamiento de Mazatlán",25,"Sinaloa",12,"Mazatlán",1,"Mazatlán","Miguel Alemán 203","Centro","82000","","http://www.culturamazatlan.com","","presidencia@mazatlán.gob.mx; direccion@culturamazatlan.com; contacto@culturamazatlan.com",-106.42255,23.1955,"http://sic.gob.mx/ficha.php?table=institucion_cultural_mun&table_id=116","2025-08-29 18:14:34-06"
102,"Dirección de Cultura de Salvador Alvarado","1000-01-01","Ayuntamiento de Salvador Alvarado",25,"Sinaloa",15,"Salvador Alvarado",1,"Guamúchil","Casa de la Cultura, Carr. Angostura Km. 0.5","Col. Infonavit Jobari","81470","","http://www.salvadoralvarado.gob.mx","","lavis-gallardo@live.com.mx",0,0,"http://sic.gob.mx/ficha.php?table=institucion_cultural_mun&table_id=102","2021-04-12 05:28:51-05"
360,"Dirección de Cultura de Sinaloa","1981-12-10","Ayuntamiento de Sinaloa de Leyva",25,"Sinaloa",17,"Sinaloa",1,"Sinaloa de Leyva","Lic. Benito Juárez 56","Centro","81900 ","","","","",-108.22291,25.82096,"http://sic.gob.mx/ficha.php?table=institucion_cultural_mun&table_id=360","2025-07-18 19:08:18-06"
796,"Instituto Navolatense de la Cultura y las Artes (INCA)","1000-01-01","Ayuntamiento de Navolato",25,"Sinaloa",18,"Navolato",1,"Navolato","Int. Biblioteca Municipal de Navolato, Carr. Navolato-El Castillo km 1.2","","80320","","https://navolato.gob.mx/","","inca@navolato.gob.mx; recepcion.presidencia@navolato.gob.mx",-107.69048,24.75118,"http://sic.gob.mx/ficha.php?table=institucion_cultural_mun&table_id=796","2024-08-02 11:49:51-06"
22,"Dirección de Cultura de Alamos","2006-12-10","Ayuntamiento de Alamos",26,"Sonora",3,"Alamos",1,"Álamos","Calle de la Cárcel s/n","Col. Loma de Guadalupe","85760","","https://alamos.transparenciasonora.org/","https://www.facebook.com/CulturaAlamos","cultura.alamos@gmail.com; meztliestrada@gmail.com",-108.93676,27.02232,"http://sic.gob.mx/ficha.php?table=institucion_cultural_mun&table_id=22","2023-02-03 08:58:41-06"
472,"Dirección de Acción Cívica y Cultural de Caborca","1988-01-01","Ayuntamiento de Caborca",26,"Sonora",17,"Caborca",1,"Heroica Caborca","Av. Domingo Quiroz y Mora s/n esq. Obregón","Centro","83600","","https://caborcasonora.gob.mx/","https://www.facebook.com/AyuntamientoCaborcaSon?locale=es_LA","cultura@caborca.gob.mx",-112.14949,30.71258,"http://sic.gob.mx/ficha.php?table=institucion_cultural_mun&table_id=472","2024-09-24 12:16:37-06"
84,"Instituto Municipal de Cultura de Cajeme (IMCCA)","1956-01-01","Ayuntamiento de Cajeme",26,"Sonora",18,"Cajeme",1,"Ciudad Obregón","Int. Deportivo Nainari 2000, Prol. Vicente Guerrero 2610","Col. Morelos","85134","","http://www.cajeme.gob.mx","https://www.facebook.com/CulturaCajeme","culturamunicipalcajeme@gmail.com",-109.96954,27.5002,"http://sic.gob.mx/ficha.php?table=institucion_cultural_mun&table_id=84","2024-01-18 07:14:17-06"
80,"Instituto Municipal de Cultura y Arte de Guaymas","2010-11-30","Ayuntamiento de Guaymas",26,"Sonora",29,"Guaymas",1,"Heroica Guaymas","Av. Serdán 355 esq. Calle 14","Centro","85400","","http://guaymas.gob.mx/imca/","","imca@guaymas.gob.mx; daniel.moreno@guaymas.gob.mx; comunicacionsocialgym@gmail.com",-110.89784,27.92306,"http://sic.gob.mx/ficha.php?table=institucion_cultural_mun&table_id=80","2026-08-14 14:30:47-06"
104,"Instituto Municipal de Cultura y Arte de Hermosillo (IMCA)","2010-02-01","Ayuntamiento de Hermosillo",26,"Sonora",30,"Hermosillo",1,"Hermosillo","Av. Dr. Fernando Aguilar Aguilar 33 entre Galeana y Campodónico","Col. El Centenario","83260","","https://www.facebook.com/pages/Instituto-Municipal-de-Cultura-Arte-y-Turismo-IMCATUR/346828295414237","http://www.imcahermosillo.com.mx/","marianna.gonzalez@hermosillo.gob.mx",-110.96198,29.07726,"http://sic.gob.mx/ficha.php?table=institucion_cultural_mun&table_id=104","2026-06-02 13:54:51-06"
741,"Dirección de Cultura de Huatabampo","1000-01-01","Ayuntamiento de Huatabampo",26,"Sonora",33,"Huatabampo",1,"Huatabampo","Calle 16 de Septiembre s/n extremo sur","Centro","85910","","","","juandedioscp61@gmail.com",-109.64415,26.8269,"http://sic.gob.mx/ficha.php?table=institucion_cultural_mun&table_id=741","2023-02-07 08:46:06-06"
362,"Dirección de Cultura de Magdalena","1000-01-01","Ayuntamiento de Magdalena",26,"Sonora",36,"Magdalena",1,"Magdalena de Kino","Hidalgo 119, frente a plaza monumental","Centro","84160","","","","magdalenakino-magico@hotmail.com",0,0,"http://sic.gob.mx/ficha.php?table=institucion_cultural_mun&table_id=362","2021-04-09 09:25:20-05"
62,"Dirección de Educación y Cultura de Navojoa","1000-01-01","Ayuntamiento de Navojoa",26,"Sonora",42,"Navojoa",1,"Navojoa","Palacio Municipal, Blvd. No Reelección s/n","Centro","85800","","http://www.navojoa.gob.mx","","decnavojoa@hotmail.com; presidencia@navojoa.gob.mx",-109.44627,27.081,"http://sic.gob.mx/ficha.php?table=institucion_cultural_mun&table_id=62","2021-04-27 09:15:11-05"
23,"Instituto Municipal de Fomento a la Cultura y las Artes de Nogales (IMFOCULTA)","1982-01-01","Ayuntamiento de Nogales",26,"Sonora",43,"Nogales",1,"Heroica Nogales","Anillo Periférico Blvd. Adolfo Ruiz Cortinez 1537 ","Col. Altamira","84047","","https://heroicanogales.gob.mx/dependencia/imfoculta","","imfoculta@heroicanogales.gob.mx",-110.94053,31.30719,"http://sic.gob.mx/ficha.php?table=institucion_cultural_mun&table_id=23","2023-07-19 05:45:05-06"
774,"Dirección de Arte y Cultura de Puerto Peñasco","1000-01-01","Ayuntamiento de Puerto Peñasco",26,"Sonora",48,"Puerto Peñasco",1,"Puerto Peñasco","Blvd. Benito Juárez s/n esq. Luis Encinas","Centro","83550","","","","randy.vegah@gmail.com",-113.5405,31.30635,"http://sic.gob.mx/ficha.php?table=institucion_cultural_mun&table_id=774","2024-02-06 08:04:11-06"
752,"Dirección de Cultura de San Luis Río Colorado","1000-01-01","Ayuntamiento de San Luis Río Colorado",26,"Sonora",55,"San Luis Río Colorado",1,"San Luis Río Colorado","Av. Madero y Calle 29 s/n ","","83450","","https://sanluisrc.gob.mx//gobierno/dependencias/direccion-municipal-de-cultura","https://www.facebook.com/CulturaSLRC","culturaslrc@gmail.com",-114.74559,32.47172,"http://sic.gob.mx/ficha.php?table=institucion_cultural_mun&table_id=752","2023-07-18 06:54:23-06"
736,"Coordinación de Educación y Cultura de Ures","1000-01-01","Ayuntamiento de Ures",26,"Sonora",66,"Ures",1,"Heroica Ciudad de Ures","Centro","Obregón 10 entre Raúl Terán y Pesqueira","84900","","https://ures.gob.mx/","","presidenciaures@ures.gob.mx; presidenciaures24.27@gmail.com;  secretariaures24.27@gmail.com",-110.39047,29.42662,"http://sic.gob.mx/ficha.php?table=institucion_cultural_mun&table_id=736","2025-06-25 14:50:39-06"
366,"Dirección de Educación, Cultura y Recreación de Centro (Decur) ","2003-12-07","Ayuntamiento de Centro",27,"Tabasco",4,"Centro",1,"Villahermosa","Prol. Paseo Tabasco 1401","Col. Tabasco 2000","86035","","https://www.villahermosa.gob.mx","https://x.com/gobcentro?lang=en","cultura@centro.gob.mx; arebolledo@villahermosa.gob.mx",-92.94484,17.99885,"http://sic.gob.mx/ficha.php?table=institucion_cultural_mun&table_id=366","2025-07-02 13:56:15-06"
456,"Dirección de Educación, Cultura y Recreación (DECUR) de Emiliano Zapata","1971-01-01","Ayuntamiento de Emiliano Zapata",27,"Tabasco",7,"Emiliano Zapata",1,"Emiliano Zapata","Gregorio Méndez s/n","Centro","86996","","https://emilianozapatatab.gob.mx/","https://www.facebook.com/AyuntamientoEZapata2016","decur.ezapata20242027@gmail.com; mimi15salazar98@gmail.com",-91.7649,17.74147,"http://sic.gob.mx/ficha.php?table=institucion_cultural_mun&table_id=456","2026-02-06 10:40:37-06"
769,"Dirección de Educación, Cultura y Recreación (Decur)","1000-01-01","Ayuntamiento de Huimanguillo",27,"Tabasco",8,"Huimanguillo",1,"Huimanguillo","Av. Miguel Hidalgo s/n esq. Av. Rafael Martínez Escobar","Centro","86400","","https://www.huimanguillo.gob.mx/","https://www.facebook.com/GobiernoDeHuimanguillo","presidencia@huimanguillo.gob.mx",-93.39095,17.83503,"http://sic.gob.mx/ficha.php?table=institucion_cultural_mun&table_id=769","2025-10-31 14:21:04-06"
303,"Dirección de Educación, Cultura y Recreación de Jalpa de Méndez","1000-01-01","Ayuntamiento de Jalpa de Méndez",27,"Tabasco",10,"Jalpa de Méndez",1,"Jalpa de Méndez","Plaza Hidalgo 1","Centro","86200","","http://www.jalpademendez.gob.mx","","hjalpademendez.2021@gmail.com",-93.06123,18.17672,"http://sic.gob.mx/ficha.php?table=institucion_cultural_mun&table_id=303","2024-04-30 11:37:47-06"
773,"Dirección de Educación, Cultura y Recreación (Decur) de Teapa","1000-01-01","Ayuntamiento de Teapa",27,"Tabasco",16,"Teapa",1,"Teapa","Blvd. Francisco Trujillo s/n","Col. Sierra Ríos","86800","","","","decur.teapa2124@gmail.com",-92.94769,17.55631,"http://sic.gob.mx/ficha.php?table=institucion_cultural_mun&table_id=773","2024-02-06 03:33:16-06"
419,"Dirección de Educación y Cultura de Aldama","1000-01-01","Ayuntamiento de Aldama",28,"Tamaulipas",2,"Aldama",1,"Aldama","Complejo Bicentenario 523 entre Centenario y Blvd. Leopoldo","Col. Constitución","89670","","","","lupitaarguelles925@gmail.com",-98.07347,22.91941,"http://sic.gob.mx/ficha.php?table=institucion_cultural_mun&table_id=419","2025-09-23 18:45:48-06"
380,"Dirección de Cultura de Burgos","1985-01-01","Ayuntamiento de Burgos",28,"Tamaulipas",5,"Burgos",1,"Burgos","Hidalgo s/n","Centro","88890","","","","jositonyrene@hotmail.com",-98.79899,24.94672,"http://sic.gob.mx/ficha.php?table=institucion_cultural_mun&table_id=380","2025-10-20 17:30:45-06"
381,"Dirección de Cultura de Bustamante","1000-01-01","Ayuntamiento de Bustamante",28,"Tamaulipas",6,"Bustamante",1,"Bustamante","Benito Juárez 24","Zona Centro","87960","","","https://www.facebook.com/BustamanteCaminaHaciaAdelante/about","presidencia.bustamante@hotmail.com",-99.75769,23.43536,"http://sic.gob.mx/ficha.php?table=institucion_cultural_mun&table_id=381","2024-08-09 12:24:05-06"
382,"Dirección de Cultura de Camargo","1000-01-01","Ayuntamiento de Camargo",28,"Tamaulipas",7,"Camargo",1,"Ciudad Camargo","","","","","","","palomaytony@hotmail.com",0,0,"http://sic.gob.mx/ficha.php?table=institucion_cultural_mun&table_id=382","2021-03-31 08:19:19-06"
383,"Dirección de Cultura de Casas","1000-01-01","Ayuntamiento de Casas",28,"Tamaulipas",8,"Casas",1,"Casas","calle Hidalgo s/n","Villa de casas","","","","","nora.delosreyes@hotmail.com",-98.73788,23.72713,"http://sic.gob.mx/ficha.php?table=institucion_cultural_mun&table_id=383","2024-07-11 14:26:33-06"
384,"Dirección de Educación, Cultura y Deporte de Gómez Farías","1000-01-01","Ayuntamiento de Gómez Farías",28,"Tamaulipas",11,"Gómez Farías",36,"Gómez Farías","","","","","","","edutrubec3@hotmail.com",-99.15544,23.04714,"http://sic.gob.mx/ficha.php?table=institucion_cultural_mun&table_id=384","2025-07-11 19:03:14-06"
385,"Dirección de Cultura de González","1000-01-01","Ayuntamiento de González",28,"Tamaulipas",12,"González",1,"González","Francisco I. Madero 206","Zona Centro","89706","","https://www.tamaulipas.gob.mx/estado/municipios/gonzalez/","https://www.facebook.com/p/Gobierno-Municipal-de-Gonz%C3%A1lez-Tam-2021-2024-100075913611947/?locale=hi_IN&paipv=0&eav=AfYRG7s0CxIXbMduO872ilzXJ3pKOS1HifY_z-8Lp0NZoeVo2kvXsjQGh04kEDXQw3c&_rdr","",-98.42578,22.82815,"http://sic.gob.mx/ficha.php?table=institucion_cultural_mun&table_id=385","2024-02-15 08:36:47-06"
386,"Dirección de Cultura de Jaumave","1000-01-01","Ayuntamiento de Jaumave",28,"Tamaulipas",17,"Jaumave",1,"Jaumave","Hidalgo 221","Zona Centro","87930","","","","presidencia.jaumave@tam.gob.mx",-99.37568,23.40519,"http://sic.gob.mx/ficha.php?table=institucion_cultural_mun&table_id=386","2025-10-08 17:51:46-06"
414,"Dirección de Cultura de  Matamoros","2006-09-21","Ayuntamiento de Matamoros",28,"Tamaulipas",22,"Matamoros",1,"Heroica Matamoros","Av. Constitución 57","Col. Jardín Matamoros","87300","","https://www.facebook.com/search/top/?q=imaculta%20heroica%20matamoros","https://www.facebook.com/imaculta","direccioncultura.mat@gmail.com",-97.50132,25.8873,"http://sic.gob.mx/ficha.php?table=institucion_cultural_mun&table_id=414","2024-11-08 13:49:50-06"
77,"Dirección de Arte y Cultura de Nuevo Laredo","2004-10-12","Ayuntamiento de Nuevo Laredo",28,"Tamaulipas",27,"Nuevo Laredo",1,"Nuevo Laredo","Blvd. Luis Donaldo Colosio Km. 2.5 Sur a Norte ","Col. Bonanzas","88277","","https://nld.gob.mx/","https://www.facebook.com/ArteyCulturaNuevoLaredo/?locale=es_LA","felipe.flores@nld.gob.mx",-99.50711,27.42607,"http://sic.gob.mx/ficha.php?table=institucion_cultural_mun&table_id=77","2025-06-09 10:50:14-06"
415,"Instituto Reynosense para la Cultura y las Artes","2008-01-01","Ayuntamiento de Reynosa",28,"Tamaulipas",32,"Reynosa",1,"Reynosa","Mina 1017 esq. Zaragoza","Col. Longoria","88660","","https://www.irca.org.mx/","https://www.irca.org.mx/quienes-somos","",-98.29648,26.08071,"http://sic.gob.mx/ficha.php?table=institucion_cultural_mun&table_id=415","2025-06-25 13:40:03-06"
416,"Dirección de Cultura de Río Bravo","1000-01-01","Ayuntamiento de Río Bravo",28,"Tamaulipas",33,"Río Bravo",1,"Ciudad Río Bravo","Plaza Hidalgo, Av. Las Américas s/n","Zona Centro","88900","","","","cultura_rb@hotmail.com",-98.09042,25.98112,"http://sic.gob.mx/ficha.php?table=institucion_cultural_mun&table_id=416","2025-10-31 16:54:04-06"
802,"Dirección de Cultura de San Fernando","1000-01-01","Ayuntamiento de San Fernando/Secretaría de Educación, Cultura y Deporte",28,"Tamaulipas",35,"San Fernando",1,"San Fernando","Hidalgo s/n entre José Escamilla y Benito Juárez","Centro","87600","","","","veronicaaguirreoficial@gmail.com",-98.1577,24.84734,"http://sic.gob.mx/ficha.php?table=institucion_cultural_mun&table_id=802","2024-11-11 11:29:23-06"
822,"Coordinación de Educación, Cultura y Deporte de San Nicolás","1000-01-01","Ayuntamiento de San Nicolás",28,"Tamaulipas",36,"San Nicolás",1,"San Nicolás","César López de Lara s/n","Zona Centro","87660","","http://www.sannicolas.gob.mx/","","juangarciabecerra2016@gmail.com",-98.82884,24.69373,"http://sic.gob.mx/ficha.php?table=institucion_cultural_mun&table_id=822","2026-08-06 13:02:20-06"
502,"Secretaría de Cultura de Tampico","1999-01-01","Ayuntamiento de Tampico",28,"Tamaulipas",38,"Tampico",1,"Tampico","Av. Hidalgo s/n","Col. Melchor Ocampo","89270","","","","sandraedith.munoz@tampico.gob.mx",22.22103,22.22103,"http://sic.gob.mx/ficha.php?table=institucion_cultural_mun&table_id=502","2019-07-23 06:42:13-05"
748,"Dirección de Protección del Patrimonio Cultural y Turismo","1000-01-01","Ayuntamiento de Chiautempan",29,"Tlaxcala",10,"Chiautempan",1,"Santa Ana Chiautempan","Palacio Municipal s/n","Centro","90800","","","","chiautempan.patromonio@gmail.com",-98.19278,19.31398,"http://sic.gob.mx/ficha.php?table=institucion_cultural_mun&table_id=748","2023-04-21 06:54:19-06"
470,"Regiduría de Educación, Cultura y Deporte de Guadalupe Victoria","1000-01-01","Ayuntamiento de Guadalupe Victoria",29,"Tlaxcala",23,"Natívitas",5,"Guadalupe Victoria","Av. 5 de Mayo 1","Centro","75040","","https://www.facebook.com/p/Regidur%C3%ADa-de-Educaci%C3%B3n-Guadalupe-Victoria-2021-2024-100075736876102/","","educacion_victoria@hotmail.com;  redieducaciongv21.24@gmail.com",-98.32902,19.2324,"http://sic.gob.mx/ficha.php?table=institucion_cultural_mun&table_id=470","2025-07-01 10:01:30-06"
799,"Dirección de  Cultura y Turismo de Papalotla de Xicoténcatl","1000-01-01","Ayuntamiento de Papalotla de Xicoténcatl",29,"Tlaxcala",41,"Papalotla de Xicohténcatl",1,"Papalotla","Allende 2","Barrio Potrero","90790","","https://www.papalotla.gob.mx/","https://www.facebook.com/groups/516797083025516","marinohdez90@gmail.com",-98.20444,19.16985,"http://sic.gob.mx/ficha.php?table=institucion_cultural_mun&table_id=799","2024-10-16 12:09:37-06"
604,"Dirección de Turismo y Cultura de Acajete","1000-01-01","Municipal",30,"Veracruz de Ignacio de la Llave",1,"Acajete",1,"Acajete","Ayuntamiento esq. Francisco G. Bocanegra","Centro","91320","","https://www.facebook.com/municipiodeacajete/","http://www.acajete.gob.mx/","regiduriaacajete20182021@gmail.com ",-97.00961,19.58607,"http://sic.gob.mx/ficha.php?table=institucion_cultural_mun&table_id=604","2021-03-02 05:04:48-06"
605,"Dirección de Cultura de Acatlán","1000-01-01","Municipal",30,"Veracruz de Ignacio de la Llave",2,"Acatlán",1,"Acatlán","5 de mayo, esq. Allende","Centro","91420","","http://www.acatlanveracruz.mx","","arteycultura88@outlook.com",-96.84243,19.69826,"http://sic.gob.mx/ficha.php?table=institucion_cultural_mun&table_id=605","2021-03-02 05:06:08-06"
603,"Dirección de Cultura de Acayucan ","1000-01-01","Ayuntamiento de Acayucan",30,"Veracruz de Ignacio de la Llave",3,"Acayucan",1,"Acayucan","Benito Juárez s/n esq. Ramón Corona","Barrio La Palma","96056","","https://gobiernomunicipaldeacayucan.com.mx/","https://www.facebook.com/AcayucanCultura2225","acayucancultura2225@gmail.com",-94.92147,17.95248,"http://sic.gob.mx/ficha.php?table=institucion_cultural_mun&table_id=603","2024-07-30 11:34:32-06"
825,"Dirección de Educación y Cultura de Actopan","1000-01-01","Ayuntamiento de Actopan",30,"Veracruz de Ignacio de la Llave",4,"Actopan",1,"Actopan","Morelos 3 ","Santa Cruz","91480","","https://actopanver.gob.mx","https://www.facebook.com/gobiernoconvisionhumanista","actopaneducacionycultura@gmail.com",-96.61695,19.50383,"http://sic.gob.mx/ficha.php?table=institucion_cultural_mun&table_id=825","2026-02-18 08:36:34-06"
607,"Dirección de Cultura de Alpatláhuac","1000-01-01","Municipal",30,"Veracruz de Ignacio de la Llave",8,"Alpatláhuac",1,"Alpatláhuac","Av. Iturbide s/n","Centro","94130","","https://www.facebook.com/AlpatlahuacVeracruz","http://www.alpatlahuacver.gob.mx/directorio.html# ","alpatlahuac1821@gmail.com",-97.09399,19.12009,"http://sic.gob.mx/ficha.php?table=institucion_cultural_mun&table_id=607","2021-03-02 05:11:47-06"
608,"Dirección de Cultura de Alto Lucero de Gutiérrez Barrios","1000-01-01","Ayuntamiento de Alto Lucero de Gutiérrez Barrios",30,"Veracruz de Ignacio de la Llave",9,"Alto Lucero de Gutiérrez Barrios",1,"Alto Lucero","Manuel Vázquez s/n","Centro","91460","","http://www.altolucero.gob.mx/","https://www.facebook.com/ElAltoLuceroQueQuiero/","alcaldealtolucero2022225@gmail.com; educacionaltolucero2022@gmail.com,",-96.73361,19.62235,"http://sic.gob.mx/ficha.php?table=institucion_cultural_mun&table_id=608","2025-10-09 12:11:20-06"
680,"Dirección de Cultura de Alvarado","1000-01-01","Municipal",30,"Veracruz de Ignacio de la Llave",11,"Alvarado",1,"Alvarado","Parque 15 de Octubre s/n","Centro","95270","","https://www.alvarado.gob.mx","https://www.facebook.com/AytoAlvarado","maryant.rojas@alvarado.gob.mx elichavez_11@hotmail.com alberto_cobos@hotmail.com",-95.76389,18.77428,"http://sic.gob.mx/ficha.php?table=institucion_cultural_mun&table_id=680","2021-03-02 05:13:04-06"
701,"Dirección de Cultura de Amatitlán","1000-01-01","Municipal",30,"Veracruz de Ignacio de la Llave",12,"Amatitlán",1,"Amatitlán","Morelos 1, esq. Francisco Hernández","Centro","95450","","https://www.facebook.com/UnGobiernoConValor/","","adm.pub.amatitlan_2018-2021@hotmail.com",-95.76323,18.44725,"http://sic.gob.mx/ficha.php?table=institucion_cultural_mun&table_id=701","2020-01-28 08:22:19-06"
833,"Dirección de Cultura de Naranjos Amatlán","1000-01-01","Ayuntamiento de Naranjos Amatlán",30,"Veracruz de Ignacio de la Llave",13,"Naranjos Amatlán",1,"Naranjos","Calle 16 de Septiembre s/n esq. 1o. de Mayo","Centro","92300","","https://www.naranjos.gob.mx/","https://www.facebook.com/naranjosamatlangob/?locale=es_LA","secretario.ayuntamiento@naranjos.gob.mx",-97.6864,21.3503,"http://sic.gob.mx/ficha.php?table=institucion_cultural_mun&table_id=833","2026-09-09 09:40:48-06"
609,"Dirección de Turismo y Cultura de Amatlán de los Reyes","1000-01-01","Municipal",30,"Veracruz de Ignacio de la Llave",14,"Amatlán de los Reyes",1,"Amatlán de los Reyes","16 de Septiembre s/n","Centro","94950","","https://www.facebook.com/people/Direcci%C3%B3n-de-Cultura-de-Amatl%C3%A1n-2026-2029/61586896602434/#","","",-96.91547,18.84451,"http://sic.gob.mx/ficha.php?table=institucion_cultural_mun&table_id=609","2026-05-13 18:21:01-06"
820,"Dirección de Educación y Cultura de La Antigua","1000-01-01","Ayuntamiento de La Antigua",30,"Veracruz de Ignacio de la Llave",16,"La Antigua",1,"José Cardel","Revolución 23","Centro","91680","","https://laantigua.gob.mx/","","educacion@laantiguamunicipio.gob.mx; presidencia@laantiguamunicipio.gob.mx",-96.37468,19.36903,"http://sic.gob.mx/ficha.php?table=institucion_cultural_mun&table_id=820","2026-06-11 11:45:07-06"
679,"Dirección de Turismo y Cultura de Apazapan","1000-01-01","Municipal",30,"Veracruz de Ignacio de la Llave",17,"Apazapan",1,"Apazapan","16 de septiembre s/n","Centro","94440","","www.apazapan.gob.mx","facebook.com/17AyuntamientoApz","presidenciaapazapan2018@gmail.com",-96.71861,19.32042,"http://sic.gob.mx/ficha.php?table=institucion_cultural_mun&table_id=679","2021-03-02 05:16:25-06"
702,"Dirección de Cultura de Aquila","1000-01-01","Municipal",30,"Veracruz de Ignacio de la Llave",18,"Aquila",1,"Aquila","Av. Hidalgo s/n","Centro","94750","","facebook.com/H-Ayuntamiento-Aquila-Ver","","municipio.aquila18@gmail.com",-97.30806,18.79574,"http://sic.gob.mx/ficha.php?table=institucion_cultural_mun&table_id=702","2021-03-02 05:23:35-06"
629,"Dirección de Cultura de Atlahuilco","1000-01-01","Municipal",30,"Veracruz de Ignacio de la Llave",20,"Atlahuilco",1,"Atlahuilco","Calle principal s/n","Centro","94830","","www.atlahuilco.gob.mx","https://www.facebook.com/pages/category/Government-Organization/H-Ayuntamiento-de-Atlahuilco-270674553470149/","tzanahua74@gmail.com",-97.09056,18.69743,"http://sic.gob.mx/ficha.php?table=institucion_cultural_mun&table_id=629","2020-01-29 04:02:32-06"
611,"Dirección de Educación y Cultura de Atoyac","1000-01-01","Ayuntamiento de Atoyac",30,"Veracruz de Ignacio de la Llave",21,"Atoyac",1,"Atoyac","Francisco I. Madero s/n ","Centro","94960","","http://municipioatoyac.com.mx/","https://www.facebook.com/H-Ayuntamiento-de-Atoyac-1964900003829983/","educacioncultura@atoyac.com.mx; fivette84@outlook.com",-96.77941,18.91489,"http://sic.gob.mx/ficha.php?table=institucion_cultural_mun&table_id=611","2026-08-10 09:46:59-06"
615,"Dirección de Educación y Cultura de Atzacan","1000-01-01","Municipal",30,"Veracruz de Ignacio de la Llave",22,"Atzacan",1,"Atzacan","Sur 2 s/n","Centro","94440","","https://www.facebook.com/H-Ayuntamiento-de-Atzacan-","https://www.atzacan.gob.mx/organigrama-directorio ","renecarti8312@gmail.com",-97.08389,18.90697,"http://sic.gob.mx/ficha.php?table=institucion_cultural_mun&table_id=615","2021-03-02 05:25:27-06"
695,"Dirección de Turismo y Cultura de Tlaltetela","1000-01-01","Municipal",30,"Veracruz de Ignacio de la Llave",24,"Tlaltetela",1,"Tlaltetela","Av. Independencia s/n","Centro","94020","","www.tlaltetela.gob.mx","facebook.com/H-Ayuntamiento-de-Tlaltetela-Ver","ayuntamientotlaltetela1821@gmail.com, turismo1@tlaltetela.gob.mx",-96.90042,19.31525,"http://sic.gob.mx/ficha.php?table=institucion_cultural_mun&table_id=695","2020-02-04 06:49:34-06"
703,"Dirección de Cultura de Ayahualulco","1000-01-01","Municipal",30,"Veracruz de Ignacio de la Llave",25,"Ayahualulco",1,"Ayahualulco","Ayuntamiento s/n  ","Centro","91260","","www.ayahualulco.gob.mx","facebook.com/hayuntamientode.ayahualulcover ","afiliate_ayahualulco@hotmail.com",-97.14861,19.35159,"http://sic.gob.mx/ficha.php?table=institucion_cultural_mun&table_id=703","2021-03-02 05:32:06-06"
616,"Dirección de Turismo y Cultura de Banderilla","1000-01-01","Ayuntamiento de Banderilla",30,"Veracruz de Ignacio de la Llave",26,"Banderilla",1,"Banderilla","Benito Juárez 61","Centro","91300","","https://www.banderillaveracruz.org/","https://www.facebook.com/BanderillaOficial/","turycultbanderilla22.25@outlook.com",-96.94377,19.58952,"http://sic.gob.mx/ficha.php?table=institucion_cultural_mun&table_id=616","2025-09-03 14:57:56-06"
632,"Dirección de Cultura de Benito Juárez","1000-01-01","Municipal",30,"Veracruz de Ignacio de la Llave",27,"Benito Juárez",1,"Benito Juárez","Av. Juárez s/n","Centro","94220","","facebook.com/Ayuntamiento-Benito-Juarez","http://www.benitojuarez.gob.mx/","",-98.20528,20.88656,"http://sic.gob.mx/ficha.php?table=institucion_cultural_mun&table_id=632","2020-01-29 05:37:56-06"
99,"Dirección de Educación y Cultura de Boca del Río","2014-01-01","Ayuntamiento de Boca del Río",30,"Veracruz de Ignacio de la Llave",28,"Boca del Río",1,"Boca del Río","Av. Veracruz 320","Centro","94290","","http://bocadelrio.gob.mx/","https://www.facebook.com/BocaCiudadDeTodos/","",-96.10542,19.10557,"http://sic.gob.mx/ficha.php?table=institucion_cultural_mun&table_id=99","2020-11-27 10:53:56-06"
617,"Regiduría de Cultura de Camerino Z. Mendoza","1000-01-01","Ayuntamiento de Camerino Z. Mendoza",30,"Veracruz de Ignacio de la Llave",30,"Camerino Z. Mendoza",1,"Ciudad Mendoza","Av. Hidalgo s/n esq. Madero","Centro","94740","","https://www.mendoza.gob.mx","https://www.facebook.com/AyuntamientoConstitucionalCamerinoZMendoza20182021/ ","secretaria@mendoza.gob.mx; cultura@mendoza.gob.mx; secretaria@mendoza.gob.mx; educacion@mendoza.gob.mx",-97.18444,18.80424,"http://sic.gob.mx/ficha.php?table=institucion_cultural_mun&table_id=617","2026-08-27 11:57:41-06"
619,"Coordinación de Cultura de Carrillo Puerto","1000-01-01","Municipal",30,"Veracruz de Ignacio de la Llave",31,"Carrillo Puerto",1,"Tamarindo","Número 1 s/n","Centro","94980","","https://www.facebook.com/H-Ayuntamiento-de-Carrillo-Puerto-Veracruz-126323681502043/ ","http://carrillopuerto.emunicipios.gob.mx/pagina-ejemplo/ ","utcp1821@hotmail.com",-96.57083,18.79989,"http://sic.gob.mx/ficha.php?table=institucion_cultural_mun&table_id=619","2021-03-02 05:53:39-06"
621,"Dirección de Cultura de Catemaco","1000-01-01","Municipal",30,"Veracruz de Ignacio de la Llave",32,"Catemaco",1,"Catemaco","Av. Carranza s/n","Centro","95870","","https://www.facebook.com/HAYUNTAMIENTODECATEMACO/","http://www.municipiocatemacover.gob.mx/directorio.html ","alfredopmartinez@municipiocatemacover.gob.mx",-95.11222,18.42461,"http://sic.gob.mx/ficha.php?table=institucion_cultural_mun&table_id=621","2020-01-29 07:33:31-06"
623,"Dirección de Cultura de Cerro Azul","1000-01-01","Municipal",30,"Veracruz de Ignacio de la Llave",34,"Cerro Azul",1,"Cerro Azul","Ramón Jaúregui esq, 5 de Mayo","La curva","92510","","http://cerro-azul.gob.mx/directorio.html","","ayuntamiento@cerro-azul.gob.mx",-97.74222,21.19147,"http://sic.gob.mx/ficha.php?table=institucion_cultural_mun&table_id=623","2020-01-29 07:43:56-06"
610,"Dirección de Cultura de Citlaltépetl","1000-01-01","Municipal",30,"Veracruz de Ignacio de la Llave",35,"Citlaltépetl",1,"Citlaltépec","Vicente Guerrero 1","Centro","92230","","http://www.citlaltepetl.gob.mx/","https://www.facebook.com/H-Ayuntamiento-de-Citlaltepetl-Ver-2018-2021-2330268273918946/","teocaly@live.com.mx",-97.87917,21.32847,"http://sic.gob.mx/ficha.php?table=institucion_cultural_mun&table_id=610","2020-01-29 08:26:07-06"
854,"Dirección de Cultura de Coatcoatzintla","1000-01-01","Ayuntamiento de Coatcoatzintla",30,"Veracruz de Ignacio de la Llave",36,"Coacoatzintla",1,"Coacoatzintla","Libertad s/n","Centro","91370","","","https://www.facebook.com/p/H-Ayuntamiento-Coacoatzintla-2026-2029-61586185942295/","turicultura2026@gmail.com; secretaria26.29Coatcoatzintla@gmail.com",-96.94514,19.65274,"http://sic.gob.mx/ficha.php?table=institucion_cultural_mun&table_id=854","2026-09-08 13:36:42-06"
710,"Dirección de Educación, Cultura y Deportes de Coatepec","1000-01-01","Municipal",30,"Veracruz de Ignacio de la Llave",38,"Coatepec",1,"Coatepec","Matías Rebolledo S/N","Centro","91500","","www.coatepec.gob.mx","https://www.facebook.com/GobiernoMunicipalDeCoatepec","gobiernoenaccioncoatepec@gmail.com",-96.96027,19.45472,"http://sic.gob.mx/ficha.php?table=institucion_cultural_mun&table_id=710","2025-09-23 10:32:56-06"
628,"Departamento de Cultura de Coatzacoalcos","1000-01-01","Municipal",30,"Veracruz de Ignacio de la Llave",39,"Coatzacoalcos",1,"Coatzacoalcos","Av. Ignacio Zaragoza 404","Centro","96400","","https://www.facebook.com/GobiernoCoatzacoalcos/","https://www.coatzacoalcos.gob.mx/","amalpica@coatzacoalcos.gob.mx",-94.45278,18.13788,"http://sic.gob.mx/ficha.php?table=institucion_cultural_mun&table_id=628","2020-01-30 04:21:58-06"
637,"Dirección de Cultura de Coatzintla","1000-01-01","Ayuntamiento de Coatzintla",30,"Veracruz de Ignacio de la Llave",40,"Coatzintla",1,"Coatzintla","Miguel Hidalgo 1 esq, Benito Juárez","Centro","93160","","https://www.municipiocoatzintla.gob.mx/","https://www.facebook.com/GobiernoCoatzintla","alanism.jorgea@gmail.com",-97.46083,20.4824,"http://sic.gob.mx/ficha.php?table=institucion_cultural_mun&table_id=637","2026-09-09 13:03:07-06"
638,"Dirección de Cultura de Colipa","1000-01-01","Municipal",30,"Veracruz de Ignacio de la Llave",42,"Colipa",1,"Colipa","Morelos 3","Centro","93951","","http://hayuntamientocolipa.gob.mx/Gobierno.html","facebook.com/H-Ayuntamiento-Colipa-2018-2021","presidencia@hayuntamientocolipa.gob.mx",-96.72667,19.924,"http://sic.gob.mx/ficha.php?table=institucion_cultural_mun&table_id=638","2020-01-30 04:49:19-06"
639,"Dirección de Cultura, Educación e INJUVE de Comapa","1000-01-01","Municipal",30,"Veracruz de Ignacio de la Llave",43,"Comapa",1,"Comapa","Vicente Guerrero s/n esq. Benito Juárez","Centro","94200","","www.comapa.gob.mx","https://facebook.com/H.AyuntamientodeComapa.Ver.2018.2021","ayuntamiento.comapa18_21@hotmail.com",-96.88611,19.16463,"http://sic.gob.mx/ficha.php?table=institucion_cultural_mun&table_id=639","2020-01-30 05:08:12-06"
90,"Dirección de Turismo y Cultura de Córdoba","2005-01-01","Ayuntamiento",30,"Veracruz de Ignacio de la Llave",44,"Córdoba",1,"Córdoba","Calle 3 entre Av. 1 y 3","Centro","94500","","http://www.cordoba.gob.mx","","turismoycultura@cordoba.gob.mx; zillinadia50@gmail.com; monsegamboa@outlook.com",-96.93471,18.89388,"http://sic.gob.mx/ficha.php?table=institucion_cultural_mun&table_id=90","2020-01-30 05:26:04-06"
713,"Dirección de Cultura y Turismo de Cosautlán de Carvajal","1000-01-01","Ayuntamiento de Cosautlán de Carvajal",30,"Veracruz de Ignacio de la Llave",46,"Cosautlán de Carvajal",1,"Cosautlán de Carvajal","Reforma s/n esq, Lerdo","Centro","91620","","","","culturayturismo@cosautlan.gob.mx; cosautlan2022.2025@gmail.com",-96.99111,19.33264,"http://sic.gob.mx/ficha.php?table=institucion_cultural_mun&table_id=713","2023-08-10 05:29:23-06"
640,"Dirección Municipal de Cultura de Coscomatepec","1000-01-01","Municipal",30,"Veracruz de Ignacio de la Llave",47,"Coscomatepec",1,"Coscomatepec de Bravo","Ames y Arguelles s/n ","Centro","94140","","www.coscomatepec.gob.mx","facebook.com/ayuntamientocosco","secretaria@coscomatepec.gob.mx",-97.04639,19.0729,"http://sic.gob.mx/ficha.php?table=institucion_cultural_mun&table_id=640","2020-01-30 06:54:33-06"
787,"Dirección de Educación y Cultura de Cotaxtla","1000-01-01","Ayuntamiento de Cotaxtla",30,"Veracruz de Ignacio de la Llave",49,"Cotaxtla",1,"Cotaxtla","Palacio Municipal s/n","Centro","94990","","","","cremeriacapulines@gmail.com",-96.39528,18.83553,"http://sic.gob.mx/ficha.php?table=institucion_cultural_mun&table_id=787","2024-05-16 09:59:53-06"
715,"Dirección de Cultura de Cuitláhuac","1000-01-01","Ayuntamiento ",30,"Veracruz de Ignacio de la Llave",53,"Cuitláhuac",1,"Cuitláhuac","Av. 2 entre Calle 1 y 2","Centro","94910","","https://cuitlahuac.gob.mx/webmail","","contacto@cuitlahuac.gob.mx",-96.72222,18.81454,"http://sic.gob.mx/ficha.php?table=institucion_cultural_mun&table_id=715","2023-10-13 07:22:03-06"
634,"Dirección de Cultura de Chacaltianguis","1000-01-01","Municipal",30,"Veracruz de Ignacio de la Llave",54,"Chacaltianguis",1,"Chacaltianguis","Av. Porfirio Diaz  1","Centro","95561","","www.chacaltianguis.gob.mx","facebook.com/MunicipioDeChacaltianguisVeracruz","",-95.84139,18.30534,"http://sic.gob.mx/ficha.php?table=institucion_cultural_mun&table_id=634","2020-01-29 07:51:25-06"
635,"Dirección de Cultura de Chiconamel","1000-01-01","Municipal",30,"Veracruz de Ignacio de la Llave",56,"Chiconamel",1,"Chiconamel","Calle principal s/n","Centro","92150","","www.presidenciachiconamel.gob.mx","facebook.com/Chiconamel20182021","",-98.45944,21.23056,"http://sic.gob.mx/ficha.php?table=institucion_cultural_mun&table_id=635","2020-01-29 07:59:31-06"
624,"Dirección de Turismo, Promoción y Difusión Cultural de Chicontepec","1000-01-01","Municipal",30,"Veracruz de Ignacio de la Llave",58,"Chicontepec",1,"Chicontepec de Tejeda","Av. Adolfo López Mateos s/n","Centro","92709","","https://www.chicontepec.com.mx","https://www.facebook.com/profile.php?id=100083314392500&locale=es_LA","reyes66_66@hotmail.com",-98.17833,20.97198,"http://sic.gob.mx/ficha.php?table=institucion_cultural_mun&table_id=624","2025-09-11 15:27:21-06"
636,"Dirección de Cultura de Chontla ","1000-01-01","Municipal",30,"Veracruz de Ignacio de la Llave",63,"Chontla",1,"Chontla","Allende esq. Galeana s/n","Centro","92200","","https://www.facebook.com/people/Ayuntamiento-Chontla/61585188726541/?locale=es_LA#","","",-97.925,21.29351,"http://sic.gob.mx/ficha.php?table=institucion_cultural_mun&table_id=636","2026-05-13 17:54:07-06"
641,"Dirección de Turismo y Cultura de Emiliano Zapata","1000-01-01","Ayuntamiento de Emiliano Zapata",30,"Veracruz de Ignacio de la Llave",65,"Emiliano Zapata",1,"Dos Ríos","CARRETERA XALAPA-VERACRUZ KM. 12.5","","91640","","https://www.emilianozapata.gob.mx/","https://www.facebook.com/profile.php?id=100095227051244","turismo.ezver@gmail.com; presidencia.bgez@gmail.com",-96.79806,19.4831,"http://sic.gob.mx/ficha.php?table=institucion_cultural_mun&table_id=641","2026-09-02 13:01:31-06"
642,"Coordinación de Educación y Cultura de Fortín","1000-01-01","Municipal",30,"Veracruz de Ignacio de la Llave",68,"Fortín",1,"Fortín de las Flores","Av. 7 Oriente entre 5 Sur y Popocatépetl","Fracc. Fortín","","","www.fortin.gob.mx","facebook.com/HAyuntamientoFortin","educacion@fortin.gob.mx",-96.99917,18.90366,"http://sic.gob.mx/ficha.php?table=institucion_cultural_mun&table_id=642","2020-01-31 03:43:48-06"
643,"Comisión de Educación, Recreación, Cultura, Actos cívicos y Fomento deportivo de Gutiérrez Zamora","1000-01-01","Municipal",30,"Veracruz de Ignacio de la Llave",69,"Gutiérrez Zamora",1,"Gutiérrez Zamora","Hernández y Hernández 1","Centro","93550","","www.gutierrezzamora.mx","facebook.com/Ayuntamiento-de-Gutierrez-Zamora-2018-2021","presidenciagtz18@gmail.com",-97.0875,20.45193,"http://sic.gob.mx/ficha.php?table=institucion_cultural_mun&table_id=643","2020-01-31 04:01:30-06"
461,"Coordinación de Cultura de Huatusco","2014-01-01","Municipal",30,"Veracruz de Ignacio de la Llave",71,"Huatusco",1,"Huatusco de Chicuellar","Av. 1 Oriente. esq. Calle 3 Sur","Centro","94100","","https://huatusco.gob.mx/","https://www.facebook.com/AyuntamientoHuatusco/","macerdat@hotmail.com",-96.96266,19.15006,"http://sic.gob.mx/ficha.php?table=institucion_cultural_mun&table_id=461","2020-01-31 04:27:09-06"
826,"Dirección de Cultura de Huiloapan de Cuauhtémoc","1000-01-01","Ayuntamiento de Huiloapan de Chuahtémoc",30,"Veracruz de Ignacio de la Llave",74,"Huiloapan de Cuauhtémoc",1,"Huiloapan de Cuauhtémoc","Av. Hidalgo s/n","Centro","94780","","","https://www.facebook.com/p/H-Ayuntamiento-de-Huiloapan-de-Cuauht%C3%A9moc-Veracruz-2026-2029-61585886347811/","cultura.adm202062029@hotmail.com",-97.15254,18.8168,"http://sic.gob.mx/ficha.php?table=institucion_cultural_mun&table_id=826","2026-09-02 11:54:47-06"
645,"Dirección de Educación y Cultura de Isla","1000-01-01","Ayuntamiento de Isla",30,"Veracruz de Ignacio de la Llave",77,"Isla",1,"Isla","Av. 2 de abril  247 esq. Ignacio Allende","","95641","","https://www.isla.gob.mx","facebook.com/ayuntamiento.de.isla","secretaria-islaver@hotmail.com; presidenciaisla2225@gmail.com",-95.5278,18.02763,"http://sic.gob.mx/ficha.php?table=institucion_cultural_mun&table_id=645","2023-10-25 04:17:31-06"
646,"Dirección de Turismo y Cultura de Ixhuatlán del Café","1000-01-01","Municipal",30,"Veracruz de Ignacio de la Llave",80,"Ixhuatlán del Café",1,"Ixhuatlán del Café","Portal Pedro de Gante, esq. Independencia","Centro","94180","","www.ixhuatlandelcafe.gob.mx","https://www.facebook.com/Turismo-y-Cultura-Ixhuatl%C3%A1n-del-Caf%C3%A9-2018-2021-2177511302298857/","",-96.98417,19.05116,"http://sic.gob.mx/ficha.php?table=institucion_cultural_mun&table_id=646","2020-01-31 05:37:08-06"
647,"Coordinación de Educación y Cultura de Ixtaczoquitlán","1000-01-01","Municipal",30,"Veracruz de Ignacio de la Llave",85,"Ixtaczoquitlán",1,"Ixtaczoquitlán","Ruiz Galino s/n","Centro","94450","","www.ixtaczoquitlan.gob.mx","facebook.com/CDIXTAC","educacion@cdixtac.gob.mx",-97.06306,18.85107,"http://sic.gob.mx/ficha.php?table=institucion_cultural_mun&table_id=647","2020-01-31 05:53:07-06"
652,"Dirección de Cultura de Xalapa","2022-02-15","Ayuntamiento de Xalapa",30,"Veracruz de Ignacio de la Llave",87,"Xalapa",1,"Xalapa-Enríquez","Xalapeños Ilustres 31 esq. Insurgentes","Centro","91000","","https://xalapa.gob.mx/","https://www.facebook.com/xalaparecreativa","direcciondecultura@xalapa.gob.mx; fdpydc@xalapa.gob.mx",-96.9195,19.52862,"http://sic.gob.mx/ficha.php?table=institucion_cultural_mun&table_id=652","2024-03-14 08:11:11-06"
172,"Departamento de Acción Social, Cultural y Deportiva del ISSSTE de Xalapa","1000-01-01","ISSSTE",30,"Veracruz de Ignacio de la Llave",87,"Xalapa",1,"Xalapa-Enríquez","Av. Xalapa 205","Col. Unidad del Bosque","91010","","http://www.issste.gob.mx","https://www.facebook.com/ISSSTE.MX/","jlherrera@issste.gob.mx",-96.92902,19.56076,"http://sic.gob.mx/ficha.php?table=institucion_cultural_mun&table_id=172","2020-02-04 08:25:48-06"
648,"Dirección de Cultura de Jilotepec","2020-01-01","Ayuntamiento de Jilotepec",30,"Veracruz de Ignacio de la Llave",93,"Jilotepec",1,"Jilotepec","16 de septiembre","Centro","91380","","https://jilotepec.gob.mx/","https://www.facebook.com/HAyuntamientoJilotepecVer","hola@jilotepec.gob.mx",-96.95028,19.6113,"http://sic.gob.mx/ficha.php?table=institucion_cultural_mun&table_id=648","2026-09-03 12:14:41-06"
850,"Dirección de Cultura de Lerdo de Tejada","1000-01-01","Ayuntamiento de Lerdo de Tejada",30,"Veracruz de Ignacio de la Llave",97,"Lerdo de Tejada",1,"Lerdo de Tejada","Hidalgo s/n esq. Ocampo","Centro","95280","","https://www.lerdotejada.gob.mx/","https://www.facebook.com/municipiolerdodetejada","huracan78272@gmail.com",-95.52356,18.62833,"http://sic.gob.mx/ficha.php?table=institucion_cultural_mun&table_id=850","2026-05-20 11:41:22-06"
665,"Dirección de Cultura y Turismo de Medellín","1000-01-01","Municipal",30,"Veracruz de Ignacio de la Llave",105,"Medellín de Bravo",1,"Medellín","Nicolás Bravo 60","Centro","94270","","www.medellin.gob.mx","facebook.com/aytomedellindebravo","cultura.turismo@medellin.gob.mx",-96.15603,19.05837,"http://sic.gob.mx/ficha.php?table=institucion_cultural_mun&table_id=665","2020-01-31 07:21:35-06"
666,"Dirección de Cultura de Minatitlán","1000-01-01","Municipal",30,"Veracruz de Ignacio de la Llave",108,"Minatitlán",1,"Minatitlán","Av. Miguel Hidalgo","Centro","96700","","www.minatitlan.gob.mx","facebook.com/Minatitlan-Veracruz","sindicatura2018m@gmail.com",-94.54833,17.99098,"http://sic.gob.mx/ficha.php?table=institucion_cultural_mun&table_id=666","2025-09-03 13:39:30-06"
827,"Dirección de Cultura de Naolinco","1000-01-01","Ayuntamiento de Naolinco",30,"Veracruz de Ignacio de la Llave",112,"Naolinco",1,"Naolinco de Victoria","Revolución 39","Centro","91400","","https://www.naolincoveracruz.gob.mx/","","casadeculturanaolinco@gmail.com",-96.87247,19.65632,"http://sic.gob.mx/ficha.php?table=institucion_cultural_mun&table_id=827","2025-09-17 14:34:06-06"
672,"Coordinación de Cultura de Orizaba","1000-01-01","Municipal",30,"Veracruz de Ignacio de la Llave",118,"Orizaba",1,"Orizaba","Colón Poniente 320","Centro","94300","","https://www.orizaba.gob.mx/","https://nl-be.facebook.com/culturaorizaba/","cultura@orizaba.gob.mx",-97.09889,18.85096,"http://sic.gob.mx/ficha.php?table=institucion_cultural_mun&table_id=672","2026-05-13 17:17:31-06"
673,"Comisión de Educación, Recreación, Cultura, Actos Cívicos y Fomento Deportivo de Otatitlán","1000-01-01","Municipal",30,"Veracruz de Ignacio de la Llave",119,"Otatitlán",1,"Otatitlán","Plaza Hidalgo s/n ","Centro","95500","","www.otatitlan.gob.mx","facebook.com/H-Ayuntamiento-de-Otatitlan-2018-2021","trabajandojuntosporotatitlan@hotmail.com",-96.03444,18.17671,"http://sic.gob.mx/ficha.php?table=institucion_cultural_mun&table_id=673","2020-01-31 07:57:23-06"
828,"Dirección de Cultura de Ozuluama de Mascareñas","1000-01-01","Ayuntamiento de Ozuluama de Mascareñas",30,"Veracruz de Ignacio de la Llave",121,"Ozuluama de Mascareñas",1,"Ozuluama de Mascareñas","Silverio Alvarado s/n","Centro","92080","","https://ozuluama.org/","https://www.facebook.com/gozuluama/?ref=embed_page#","armandodlang@gmail.com",-97.85,21.6607,"http://sic.gob.mx/ficha.php?table=institucion_cultural_mun&table_id=828","2025-10-09 11:53:45-06"
674,"Comisión en Educación, Recreación y Cultura de Pajapan","1000-01-01","Municipal",30,"Veracruz de Ignacio de la Llave",122,"Pajapan",1,"Pajapan","Paseo de la Reforma esq. Nicolás Bravo s/n","Centro","95960","","http://www.pajapan.gob.mx","https://www.facebook.com/Pajapan-Municipio-2018-2021-Oficial-313084806160601/","aytopajapan2018-2021@hotmail.com ",-94.69167,18.26174,"http://sic.gob.mx/ficha.php?table=institucion_cultural_mun&table_id=674","2020-01-31 08:06:58-06"
760,"Dirección de Cultura de Paso de Ovejas","1000-01-01","Ayuntamiento de Paso de Ovejas",30,"Veracruz de Ignacio de la Llave",126,"Paso de Ovejas",1,"Paso de Ovejas","Leona Vicario s/n entre 5 de mayo y Josefa Ortiz de Domínguez","Centro","91670","","","","sarmiento1820@hotmail.com",-96.43833,19.28505,"http://sic.gob.mx/ficha.php?table=institucion_cultural_mun&table_id=760","2023-08-10 04:42:25-06"
675,"Dirección de Educación, Arte y Cultura de Perote","1000-01-01","Ayuntamiento de Perote",30,"Veracruz de Ignacio de la Llave",128,"Perote",1,"Perote","Vicente Guerrero 17","Centro","91270","","http://www.perote.gob.mx/","https://www.facebook.com/UnidosConVoluntad","secretaria.perote.2629@gmail.com; educa.perote2629@gmail.com",-97.24366,19.56058,"http://sic.gob.mx/ficha.php?table=institucion_cultural_mun&table_id=675","2026-09-07 13:48:32-06"
676,"Dirección de Cultura de Platón Sánchez","1000-01-01","Municipal",30,"Veracruz de Ignacio de la Llave",129,"Platón Sánchez",1,"Platón Sánchez","Ignacio de la Llave y Morelos s/n","Centro","92130","","www.platonsanchezgob.mx","facebook.com/AyuntamientoPlatonSanchez","platon_sanchez@hotmail.com, cultura.mpal@hotmail.com",-98.37389,21.2732,"http://sic.gob.mx/ficha.php?table=institucion_cultural_mun&table_id=676","2020-01-31 08:25:34-06"
829,"Dirección de Cultura de Playa Vicente","1000-01-01","Ayuntamiento de Playa Vicente",30,"Veracruz de Ignacio de la Llave",130,"Playa Vicente",1,"Playa Vicente","Av. Independencia s/n","Centro","95600","","","https://www.facebook.com/p/Playa-Vicente-2022-2025-100077354375372/","secretariaayuntamiento2022pv@gmail.com",-95.81194,17.83213,"http://sic.gob.mx/ficha.php?table=institucion_cultural_mun&table_id=829","2025-11-10 09:52:50-06"
677,"Dirección de Cultura y Turismo de Poza Rica","2018-01-01","Ayuntamiento de Poza Rica",30,"Veracruz de Ignacio de la Llave",131,"Poza Rica de Hidalgo",1,"Poza Rica de Hidalgo","Josefa Ortiz de Domínguez s/n altos","Col. Obras Sociales","93240","","https://gobiernodepozarica.gob.mx","","jorge.morido@gobiernodepozarica.gob.mx",-97.45973,20.53096,"http://sic.gob.mx/ficha.php?table=institucion_cultural_mun&table_id=677","2026-08-17 13:55:38-06"
684,"Comisión de Educación y Cultura de Pueblo Viejo","1000-01-01","Municipal",30,"Veracruz de Ignacio de la Llave",133,"Pueblo Viejo",1,"Cd. Cuauhtémoc","Abasolo esq. Lerdo de Tejada","Centro","92130","","www.puebloviejo.gob.mx","facebook.com/unGobiernodeResultados","",-97.83667,22.18363,"http://sic.gob.mx/ficha.php?table=institucion_cultural_mun&table_id=684","2020-01-31 08:41:30-06"
685,"Dirección de Cultura y Turismo de Saltabarranca","2026-01-01","Ayuntamiento de Saltabarranca",30,"Veracruz de Ignacio de la Llave",139,"Saltabarranca",1,"Saltabarranca","Zaragoza s/n esq. Guillermo Prieto","Centro","95480","","https://www.saltabarranca.gob.mx/","https://www.facebook.com/profile.php?id=61567746142246","educacionycultura26.29@gmail.com",-95.53175,18.59026,"http://sic.gob.mx/ficha.php?table=institucion_cultural_mun&table_id=685","2026-09-22 08:59:56-06"
855,"Dirección de Turismo y Cultura de Soledad de Doblado","1000-01-01","Ayuntamiento de Soledad de Doblado",30,"Veracruz de Ignacio de la Llave",148,"Soledad de Doblado",1,"Soledad de Doblado","Miguel Zurita 103","Centro","94240","","https://ocoyoacac.gob.mx/","https://www.facebook.com/SoledaddeDobladoAvanza","presidencia.soledad2026@gmail.com",-96.4232,19.04482,"http://sic.gob.mx/ficha.php?table=institucion_cultural_mun&table_id=855","2026-09-10 10:48:24-06"
687,"Dirección de Turismo y Cultura de Soteapan","1000-01-01","Municipal",30,"Veracruz de Ignacio de la Llave",149,"Soteapan",1,"Soteapan","Hidalgo s/n","Centro","95900","","www.soteapan.gob.mx","facebook.com/Ayuntamiento-Soteapan-2018-2021","presidencia_soteapan2018@hotmail.com",-94.8725,18.22951,"http://sic.gob.mx/ficha.php?table=institucion_cultural_mun&table_id=687","2020-02-04 04:38:34-06"
689,"Dirección de Educación y Cultura de Tantoyuca","1000-01-01","Municipal",30,"Veracruz de Ignacio de la Llave",155,"Tantoyuca",1,"Tantoyuca","Palacio Municipal s/n","Centro","92100","","www.tantoyucaveracruz.gob.mx","facebook.com/AyuntamientoTantoyucaOficial","salomon@tantoyucaveracruz.gob.mx",-98.22972,21.35181,"http://sic.gob.mx/ficha.php?table=institucion_cultural_mun&table_id=689","2025-10-01 13:34:55-06"
620,"Dirección de Turismo y Cultura de Castillo de Teayo","1000-01-01","Municipal",30,"Veracruz de Ignacio de la Llave",157,"Castillo de Teayo",1,"Castillo de Teayo","Plaza de la Piramide s/n","Centro","92940","","http://castillodeteayo.gob.mx/directorio-municipal-2/","https://www.facebook.com/Gobierno-de-Castillo-de-Teayo-1431062560272959/","turismoycultura2018@gmail.com",-97.6325,20.74973,"http://sic.gob.mx/ficha.php?table=institucion_cultural_mun&table_id=620","2021-03-02 05:54:33-06"
690,"Dirección de Educación, Cultura y Deporte de Tecolutla ","1000-01-01","Municipal",30,"Veracruz de Ignacio de la Llave",158,"Tecolutla",1,"Tecolutla","Vicente Guerrero esq. Álvaro Obregón","Centro","93570","","http://www.tecolutla.gob.mx/","https://www.facebook.com/p/Ayuntamiento-de-Tecolutla-2026-2029-61585804295489/","presidencia@tecolutla.gob.mx",-97.00858,20.47737,"http://sic.gob.mx/ficha.php?table=institucion_cultural_mun&table_id=690","2026-05-13 17:13:46-06"
661,"Dirección de Arte y Cultura de Álamo Temapache","1000-01-01","Municipal",30,"Veracruz de Ignacio de la Llave",160,"Álamo Temapache",1,"Álamo","Garizurieta s/n","Centro","92730","","https://www.facebook.com/GobiernoAlamoTemapache/","","casadeculturadealamo@hotmail.com",-97.67341,20.91445,"http://sic.gob.mx/ficha.php?table=institucion_cultural_mun&table_id=661","2021-03-02 05:11:11-06"
721,"Dirección de Cultura de Tempoal","1000-01-01","Ayuntamiento de Tempoal",30,"Veracruz de Ignacio de la Llave",161,"Tempoal",1,"Tempoal de Sánchez","Palacio Municipal","Zona Centro","92062","","","","direccionculturatempoal@yahoo.com",-98.38806,21.52228,"http://sic.gob.mx/ficha.php?table=institucion_cultural_mun&table_id=721","2020-03-04 02:59:50-06"
830,"Dirección de Turismo, Cultura y Juventud de Teocelo","1000-01-01","Ayuntamiento de Teocelo",30,"Veracruz de Ignacio de la Llave",164,"Teocelo",1,"Teocelo","Juan Díaz Cobarrbias s/n","Centro","91615","","","https://www.facebook.com/GobiernoTeocelo/","turismo@teocelogobierno.mx",-96.97313,19.38565,"http://sic.gob.mx/ficha.php?table=institucion_cultural_mun&table_id=830","2026-09-02 08:33:34-06"
691,"Dirección de Educación y Cultura de Tepetzintla","1000-01-01","Municipal",30,"Veracruz de Ignacio de la Llave",167,"Tepetzintla",1,"Tepetzintla","Vicente Guerrero s/n","Centro","92530","","https://tepetzintla.org/","facebook.com/Oficial-H-Ayuntamiento-Tepetzintla-2018-2021","",-97.85083,21.16611,"http://sic.gob.mx/ficha.php?table=institucion_cultural_mun&table_id=691","2020-02-04 05:44:59-06"
649,"Comisión de Educación, Recreación, Cultura y Actos Cívicos de José Azueta","1000-01-01","Municipal",30,"Veracruz de Ignacio de la Llave",169,"José Azueta",1,"Villa Azueta","Álvaro Obregón s/n","Centro","95580","","facebook.com/hayuntamiento.joseazueta.5","www.joseazueta.gob.mx","fidelperez61@outlook.es",-95.70778,18.07564,"http://sic.gob.mx/ficha.php?table=institucion_cultural_mun&table_id=649","2020-01-31 06:22:19-06"
831,"Dirección de Cultura de Texistepec","1000-01-01","Ayuntamiento de Texistepec",30,"Veracruz de Ignacio de la Llave",172,"Texistepec",1,"Texistepec","Plaza Zaragoza s/n","Centro","96180","","","https://www.facebook.com/ayuntamientotexistepec/?locale=es_LA","ayuntamientotexistepec@gmail.com",-94.81773,17.89413,"http://sic.gob.mx/ficha.php?table=institucion_cultural_mun&table_id=831","2026-09-03 12:13:28-06"
692,"Dirección de Cultura de Tihuatlán","1000-01-01","Municipal",30,"Veracruz de Ignacio de la Llave",175,"Tihuatlán",1,"Tihuatlán","Av. Cuauhtémoc esq. Leona Vicario","Centro","92900","","www.tihuatlan-ver.com","https://www.facebook.com/pages/category/City-Hall/Secretar%C3%ADa-del-H-Ayuntamiento-de-Tihuatl%C3%A1n-292390408011527/","presidenciatihuatlan@hotmail.com",-97.53778,20.71667,"http://sic.gob.mx/ficha.php?table=institucion_cultural_mun&table_id=692","2020-02-04 06:02:35-06"
694,"Comisión de Fomento Deportivo y Cultural de Tlacotalpan ","1000-01-01","Municipal",30,"Veracruz de Ignacio de la Llave",178,"Tlacotalpan",1,"Tlacotalpan","Plaza Zaragoza s/n","Centro","95461","","www.tlacotalpan.gob.mx","facebook.com/Tlacotalpan.Veracruz","presidencia@tlacotalpan-turismo.gob.mx, regiduria2@tlacotalpan-turismo.gob.mx",-95.65611,18.61303,"http://sic.gob.mx/ficha.php?table=institucion_cultural_mun&table_id=694","2020-02-04 06:40:19-06"
696,"Dirección de Educación, Arte y Cultura de Tlapacoyan","1000-01-01","Municipal",30,"Veracruz de Ignacio de la Llave",183,"Tlapacoyan",1,"Tlapacoyan","Palacio Municipal s/n","Centro","93650 ","","www.tlapacoyanver.gob.mx","facebook.com/H-Ayuntamiento-Tlapacoyan-Veracruz","presidencia@tlapacoyanver.gob.mx, secretario.ayuntamiento@tlapacoyanver.gob.mx, educacion@tlapacoyanver.gob.mx",-97.21664,19.96239,"http://sic.gob.mx/ficha.php?table=institucion_cultural_mun&table_id=696","2020-02-04 07:04:38-06"
720,"Dirección de Arte y Cultura de Tomatlán","1000-01-01","Municipal",30,"Veracruz de Ignacio de la Llave",186,"Tomatlán",1,"Tomatlán","Av. 3 s/n","Centro","94170","","http://tomatlanver.gob.mx/","https://www.facebook.com/H-Ayuntamiento-Tomatl%C3%A1n-Veracruz-2018-2021-1971724069821526/","email.tomatlan.ver@gmail.com ",-97.01,19.03154,"http://sic.gob.mx/ficha.php?table=institucion_cultural_mun&table_id=720","2020-02-04 08:07:27-06"
832,"Dirección de Cultura de Totutla","1000-01-01","Ayuntamiento de Totutla",30,"Veracruz de Ignacio de la Llave",188,"Totutla",1,"Totutla","Av. Miguel Alemán 103","Centro","94050","","https://totutlaayuntamiento.gob.mx/","https://www.facebook.com/groups/1030241821355230?locale=es_LA","presidenciatotutla26.29@gmail.com",-96.96166,19.21132,"http://sic.gob.mx/ficha.php?table=institucion_cultural_mun&table_id=832","2026-09-03 14:17:28-06"
698,"Dirección de Cultura de Tuxpan ","1000-01-01","Ayuntamiento de Tuxpan",30,"Veracruz de Ignacio de la Llave",189,"Tuxpan",1,"Túxpam de Rodríguez Cano","Juárez 20","Centro","92800","","https://tuxpanveracruz.gob.mx/","http://facebook.com/TuxpanGobiernodelCambio","cultura@tuxpanveracruz.gob.mx",-97.40389,20.9643,"http://sic.gob.mx/ficha.php?table=institucion_cultural_mun&table_id=698","2023-03-06 05:12:40-06"
91,"Dirección de Turismo y Cultura de Veracruz","1000-01-01","Municipal",30,"Veracruz de Ignacio de la Llave",193,"Veracruz",1,"Veracruz","Av. Zaragoza 397 esq. Esteban Morales","Centro","91700","","http://www.veracruz.gob.mx","https://www.facebook.com/Ayuntamiento.Ver/","turismo@veracruzmunicipio.gob.mx",-96.13574,19.198,"http://sic.gob.mx/ficha.php?table=institucion_cultural_mun&table_id=91","2020-02-04 08:08:19-06"
653,"Dirección de Educación y Cultura de Yecuatla","1000-01-01","Ayuntamiento de Yecuautla",30,"Veracruz de Ignacio de la Llave",197,"Yecuatla",1,"Yecuatla","Calle 5 de Mayo s/n esq, Zaragoza","Centro","93911","","www.yecuatla.gob.mx","https://www.facebook.com/Comunicaci%C3%B3n-Social-Yecuatla-2018-2021-1590189214390472/","educacionycyec22.25@gmail.com",-96.77611,19.86619,"http://sic.gob.mx/ficha.php?table=institucion_cultural_mun&table_id=653","2025-09-29 10:48:35-06"
834,"Dirección de Cultura Zacualpan","1000-01-01","Ayuntamiento de Zacualpan",30,"Veracruz de Ignacio de la Llave",198,"Zacualpan",1,"Zacualpan","Palacio Municipal s/n","Centro","92650","","https://www.facebook.com/profile.php?id=100083103673773","","juarezsanchezsergiorafael@gmail.com",-98.34861,20.43371,"http://sic.gob.mx/ficha.php?table=institucion_cultural_mun&table_id=834","2025-09-25 17:56:16-06"
658,"Dirección de Cultura de Zozocolco de Hidalgo","1000-01-01","Municipal",30,"Veracruz de Ignacio de la Llave",203,"Zozocolco de Hidalgo",1,"Zozocolco de Hidalgo","Miguel Hidalgo esq. Abasolo s/n","Centro","93000","","https://www.zozocolcodehidalgo.gob.mx/","facebook.com/H-Ayuntamiento-Zozocolco-De-Hidalgo-2018-2021","",-97.57609,20.14064,"http://sic.gob.mx/ficha.php?table=institucion_cultural_mun&table_id=658","2020-02-05 03:51:04-06"
606,"Dirección de Turismo y Cultura de Agua Dulce","1000-01-01","Ayuntamiento de Agua Dulce",30,"Veracruz de Ignacio de la Llave",204,"Agua Dulce",1,"Agua Dulce","Francisco I. Madero  938","Col. Cuatro Caminos","96600","","https://www.facebook.com/Ayuntamientoaguadulcever/  ","https://www.aguadulce.gob.mx","marychjh@gmail.com",-94.14694,18.1378,"http://sic.gob.mx/ficha.php?table=institucion_cultural_mun&table_id=606","2025-10-10 13:21:06-06"
851,"Dirección de Cultura de Tres Valles","1000-01-01","Ayuntamiento de Tres Valles",30,"Veracruz de Ignacio de la Llave",207,"Tres Valles",1,"Tres Valles","Av. Benito Juárez 109","Centro","95300","","https://tres-valles.gob.mx/","","gocu_68@live.com",-96.13471,18.2407,"http://sic.gob.mx/ficha.php?table=institucion_cultural_mun&table_id=851","2026-08-10 14:12:27-06"
618,"Dirección de Educación y Cultura de Carlos A. Carrillo","1000-01-01","Municipal",30,"Veracruz de Ignacio de la Llave",208,"Carlos A. Carrillo",1,"Carlos A. Carrillo","Reforma s/n, ","","95410","","https://www.facebook.com/CACVER/","http://carlosacarrillo.emunicipios.gob.mx/gobierno/alcalde/ ","mis_nietas2013@hotmail.com",-95.74472,18.37173,"http://sic.gob.mx/ficha.php?table=institucion_cultural_mun&table_id=618","2021-03-02 05:49:59-06"
790,"Dirección de Educación y Cultura de Uxpanapa","1000-01-01","Ayuntamiento de Uxpanapa",30,"Veracruz de Ignacio de la Llave",210,"Uxpanapa",1,"Poblado 10","Centro Cívico s/n","Centro","96998","","","https://www.facebook.com/UnMejorUxpanapa/?locale=es_LA","educacion@uxpanapa.gob.mx",-94.45128,17.276,"http://sic.gob.mx/ficha.php?table=institucion_cultural_mun&table_id=790","2024-06-05 13:16:53-06"
686,"Dirección de Educación y Cultura de Santiago Sochiapan","1000-01-01","Municipal",30,"Veracruz de Ignacio de la Llave",212,"Santiago Sochiapan",1,"Xochiapa","Choapan 96","Centro","95600","","www.santiagosochiapan.gob.mx","facebook.com/ComprometidoConLosPueblos","educulsantiagosochiapan@gmail.com",-95.73444,17.66373,"http://sic.gob.mx/ficha.php?table=institucion_cultural_mun&table_id=686","2020-02-04 04:26:03-06"
417,"Dirección de Cultura de Dzidzantún","1000-01-01","Ayuntamiento de Dzidzantún",31,"Yucatán",27,"Dzidzantún",1,"Dzidzantún","Calle 21 x 18 y 20 s/n","Centro","97500","","","https://www.facebook.com/AyuntamientoDzidzantun20212024/","",-89.0426,21.24625,"http://sic.gob.mx/ficha.php?table=institucion_cultural_mun&table_id=417","2023-12-04 04:00:25-06"
418,"Dirección de Cultura de Hunucmá","1000-01-01","Ayuntamiento de Hunucmá",31,"Yucatán",38,"Hunucmá",1,"Hunucmá","Calle 30 s/n por 26 y 28","Centro","97350","","http://www.oeidrus-yucatan.gob.mx/portal_31038/directorio","","egen_chachi@live.com",-89.87698,21.01616,"http://sic.gob.mx/ficha.php?table=institucion_cultural_mun&table_id=418","2021-04-12 07:47:08-05"
376,"Dirección de Educación y Cultura de Izamal","2012-09-01","Ayuntamiento de Izamal",31,"Yucatán",40,"Izamal",1,"Izamal","Calle 30-A núm. 323 x 31 y 31-A ","Centro"," 97540","","","","yucabeza@hotmail.com ",-89.0187,20.93348,"http://sic.gob.mx/ficha.php?table=institucion_cultural_mun&table_id=376","2021-05-05 07:11:00-05"
420,"Dirección de Cultura de Kopomá","1000-01-01","Ayuntamiento de Kopomá",31,"Yucatán",45,"Kopomá",1,"Kopomá","Calle 21 por 18 s/n","Centro","97818","","","","ayuntamientodekopoma@hotmail.com",-89.8993,20.64889,"http://sic.gob.mx/ficha.php?table=institucion_cultural_mun&table_id=420","2021-03-22 09:27:53-06"
438,"Dirección de Identidad y Cultura de Mérida","1982-01-01","Ayuntamiento de Mérida",31,"Yucatán",50,"Mérida",1,"Mérida","Calle 59 núm. 463 por 52 y 54","Centro","97000","","http://www.merida.gob.mx/cultura","https://www.facebook.com/MeridaEsCultura/timeline","karla.berron@merida.gob.mx",-89.61831,20.96819,"http://sic.gob.mx/ficha.php?table=institucion_cultural_mun&table_id=438","2026-02-20 14:43:14-06"
413,"Dirección de Cultura de Motul","1000-01-01","H.Ayuntamiento de Motul",31,"Yucatán",52,"Motul",1,"Motul de Carrillo Puerto","Calle 26A S/N","Solidaridad","97430","","http://www.motul.gob.mx/","","motul.presidencia@gmail.com",-89.28384,21.09563,"http://sic.gob.mx/ficha.php?table=institucion_cultural_mun&table_id=413","2024-07-26 11:30:13-06"
819,"Dirección de Cultura de Oxkutzcab","1000-01-01","Ayuntamiento de Oxkutzcab",31,"Yucatán",56,"Oxkutzcab",1,"Oxkutzcab","Calle 45 X 70","","97880","","https://oxkutzcab.gob.mx/","https://www.facebook.com/CulturaOxkutzcab/","culturayeventosox2021-2024@hotmail.com",-89.43661,20.31874,"http://sic.gob.mx/ficha.php?table=institucion_cultural_mun&table_id=819","2025-05-19 11:33:59-06"
815,"Dirección de Cultura de Sucilá","1000-01-01","Ayuntamiento de Sucilá",31,"Yucatán",70,"Sucilá",1,"Sucilá","Calle 23 s/n entre calle 20 y 22","Centro","97630","","","","ale_monterom@outlook.com",-88.31389,21.15617,"http://sic.gob.mx/ficha.php?table=institucion_cultural_mun&table_id=815","2025-04-03 12:31:51-06"
786,"Dirección de Cultura de Sudzal","1000-01-01","Ayuntamiento de Sudzal",31,"Yucatán",71,"Sudzal",1,"Sudzal","Calle 13 s/n por 8 y 10","Centro","97676","","","","presidenciasudzal.2124@gmail.com",-88.98837,20.87174,"http://sic.gob.mx/ficha.php?table=institucion_cultural_mun&table_id=786","2024-05-15 10:15:18-06"
808,"Dirección de Cultura de Tecoh","1993-03-29","Ayuntamiento de Tecoh",31,"Yucatán",76,"Tecoh",1,"Tecoh","Calle 30 núm. 96 x 25 y 27","Centro","97820","","","https://www.facebook.com/Tecoh.Yuc/about?locale=es_LA","ennamedina662@gmail.com",-89.47463,20.74408,"http://sic.gob.mx/ficha.php?table=institucion_cultural_mun&table_id=808","2025-03-14 10:42:59-06"
809,"Dirección de Educación y Cultura de Umán","1000-01-01","Ayuntamiento de Umán",31,"Yucatán",101,"Umán",1,"Umán","Calle 27-A s/n entre 14 y 12","Col. Santa Cruz","97390","","","","educacion@uman.gob.mx",-89.74245,20.87675,"http://sic.gob.mx/ficha.php?table=institucion_cultural_mun&table_id=809","2025-01-24 07:20:01-06"
737,"Dirección de Educación, Cultura y Deporte","1000-01-01","Ayuntamiento de Valladolid",31,"Yucatán",102,"Valladolid",1,"Valladolid","Calle 40 núm. 200 por 41","Centro Histórico","97780","","","","educaciónculturaydeporte@valladolid.gob.mx",-88.20083,20.68973,"http://sic.gob.mx/ficha.php?table=institucion_cultural_mun&table_id=737","2025-10-19 09:45:20-06"
8,"Instituto Municipal de Cultura Jose Muro Rios","1998-04-19","Ayuntamiento de Apozol",32,"Zacatecas",1,"Apozol",1,"Apozol","Garcia de la Cadena s/n","Centro","99940","","","","",-103.46547,21.20896,"http://sic.gob.mx/ficha.php?table=institucion_cultural_mun&table_id=8","2025-08-26 17:37:32-06"
10,"Instituto Municipal de Cultura de Apulco ","1000-01-01","Ayuntamiento de Apulco",32,"Zacatecas",2,"Apulco",1,"Apulco","Plaza Independencia  1","Centro","99920","","","","acapulcoycultura@gmail.com",0,0,"http://sic.gob.mx/ficha.php?table=institucion_cultural_mun&table_id=10","2021-04-09 08:10:15-05"
31,"Instituto Municipal de Cultura de Atolinga","1998-09-01","Ayuntamiento de Atolinga",32,"Zacatecas",3,"Atolinga",1,"Atolinga","Pino Azul 48","Centro","99730","","","","presidenciadeatolinga@hotmail.com",-103.46614,21.81321,"http://sic.gob.mx/ficha.php?table=institucion_cultural_mun&table_id=31","2026-02-13 12:05:27-06"
32,"Instituto Municipal de la Cultura de Benito Juárez","2006-01-01","Ayuntamiento de Florencia de  Benito Juárez",32,"Zacatecas",4,"Benito Juárez",1,"Florencia","Hidalgo S/N","Centro","99780","","","","gisela_gr12@hotmail.com",-103.55565,21.50427,"http://sic.gob.mx/ficha.php?table=institucion_cultural_mun&table_id=32","2025-11-04 18:46:43-06"
28,"Instituto Concepcionense para la Cultura y las Artes","1994-03-04"," Ayuntamiento de Concepción del Oro",32,"Zacatecas",7,"Concepción del Oro",1,"Concepción del Oro","González Ortega 1","Centro","98200","","","","fslc2017a@gmail.com; ayuntamientocdo21.24@gmail.com",-101.41755,24.61306,"http://sic.gob.mx/ficha.php?table=institucion_cultural_mun&table_id=28","2023-01-27 07:47:31-06"
17,"Instituto Municipal de Cultura de Cd. Cuauhtémoc","1000-01-01","H. Ayuntamiento de Cd. Cuauhtémoc",32,"Zacatecas",8,"Cuauhtémoc",1,"San Pedro Piedra Gorda","Plaza Principal s/n","Centro","98680","","https://www.facebook.com/people/Ayuntamiento-de-Cuauht%C3%A9moc-24-27/61565278124041/","","a.cuauhtemoc24.27@gmail.com",-102.34995,22.44925,"http://sic.gob.mx/ficha.php?table=institucion_cultural_mun&table_id=17","2026-02-18 17:02:36-06"
50,"Instituto Municipal de Cultura de Chalchihuites","1000-01-01","Ayuntamiento de Chalchihuites",32,"Zacatecas",9,"Chalchihuites",1,"Chalchihuites","Iturbide 200","Centro","99260","","","https://www.facebook.com/Chalchihuites20212024/","a.chalchihuites2124@gmail.com",-103.88405,23.47735,"http://sic.gob.mx/ficha.php?table=institucion_cultural_mun&table_id=50","2024-05-21 11:53:38-06"
52,"Instituto Municipal de Cultura de Fresnillo","1000-01-01","Ayuntamiento de Fresnillo",32,"Zacatecas",10,"Fresnillo",1,"Fresnillo","Teatro Echeverria s/n","Centro","99000","","","","culturafresnillo@gmail.com",0,0,"http://sic.gob.mx/ficha.php?table=institucion_cultural_mun&table_id=52","2019-02-15 06:45:51-06"
58,"Instituto Municipal de Cultura de Trinidad García de la Cadena","2005-09-01","Ayuntamiento de Trinidad García de la Cadena",32,"Zacatecas",11,"Trinidad García de la Cadena",1,"La Estanzuela","López Velarde 41","Centro ","98830","","","","garciadelacadena.presidencia@gamil.com",0,0,"http://sic.gob.mx/ficha.php?table=institucion_cultural_mun&table_id=58","2019-02-18 10:04:56-06"
54,"Instituto Municipal de Cultura ","2005-07-01","Ayuntamiento de Genaro Codina",32,"Zacatecas",12,"Genaro Codina",1,"Genaro Codina","Plaza de Castro s/n","Centro","98660","","","","genaro6245@hotmail.com; genarocodinahayuntamiento1821@gmail.com",0,0,"http://sic.gob.mx/ficha.php?table=institucion_cultural_mun&table_id=54","2024-01-03 07:30:04-06"
44,"Instituto Municipal de Cultura de El Plateado de Joaquín Amaro","1000-01-01","Ayuntamiento de El Plateado de Joaquín Amaro",32,"Zacatecas",15,"El Plateado de Joaquín Amaro",1,"El Plateado de Joaquín Amaro","","Centro","99590","","","","",-103.09218,21.93646,"http://sic.gob.mx/ficha.php?table=institucion_cultural_mun&table_id=44","2026-01-07 08:42:46-06"
21,"Instituto Municipal de Cultura ","1990-01-01","Ayuntamiento Municipal",32,"Zacatecas",16,"General Pánfilo Natera",1,"General Pánfilo Natera","Alfonso Medina 4","Centro","98730","","","","fina_mendez2015@outlook.es",0,0,"http://sic.gob.mx/ficha.php?table=institucion_cultural_mun&table_id=21","2019-02-15 06:58:05-06"
18,"Instituto Municipal de Cultura de Guadalupe","1999-01-01","Ayuntamiento de Guadalupe",32,"Zacatecas",17,"Guadalupe",1,"Guadalupe","Jardín Juárez 21","Centro","98600","","","","imcgpe@gmail.com",-102.51932,22.74705,"http://sic.gob.mx/ficha.php?table=institucion_cultural_mun&table_id=18","2025-10-10 17:04:45-06"
9,"Instituto Municipal de Cultura de Huanusco","1998-11-20","Ayuntamiento de Huanusco",32,"Zacatecas",18,"Huanusco",1,"Huanusco","Plaza Principal 8","Centro","99670","","","","cultura.huanusco@hotmail.com",-102.97378,21.77292,"http://sic.gob.mx/ficha.php?table=institucion_cultural_mun&table_id=9","2025-10-31 18:43:11-06"
2,"Instituto Jalpense de Cultura y Turismo","1995-02-17","Ayuntamiento de Jalpa",32,"Zacatecas",19,"Jalpa",1,"Jalpa","Palacio Municipal 115","Centro","99600","","https://jalpa.gob.mx/index.php/h-ayuntamiento","https://www.facebook.com/jalpa.gob/","juansolis114@hotmail.com; fomentoculturajalpazac@gmail.com",-102.9756,21.6326,"http://sic.gob.mx/ficha.php?table=institucion_cultural_mun&table_id=2","2026-08-19 10:39:05-06"
19,"Instituto Jerezano de Cultura","1982-05-19","Ayuntamiento de Jerez",32,"Zacatecas",20,"Jerez",1,"Jerez de García Salinas","Parroquia 31","Centro","99330","","http://culturajerez.blogspot.mx/","https://www.facebook.com/InstitutoJerezanodeCultura/","instdeculturajerez@gmail.com",-102.98991,22.64723,"http://sic.gob.mx/ficha.php?table=institucion_cultural_mun&table_id=19","2026-10-01 11:01:41-06"
499,"Instituto Municipal de Cultura de Juan Aldama","1000-01-01","Ayuntamiento de Juan Aldama",32,"Zacatecas",22,"Juan Aldama",1,"Juan Aldama","Abasolo esq. 5 de Febrero","Centro","98300","","","","markiry_23@hotmail.com",-103.39454,24.29505,"http://sic.gob.mx/ficha.php?table=institucion_cultural_mun&table_id=499","2025-10-09 18:50:30-06"
11,"Instituto Municipal de Cultura de Juchipila","1998-09-15","Ayuntamiento de Juchipila",32,"Zacatecas",23,"Juchipila",1,"Juchipila","Zaragoza s/n","Centro","99960","","","","desarrollosocialycultural@gmail.com",-103.11755,21.4121,"http://sic.gob.mx/ficha.php?table=institucion_cultural_mun&table_id=11","2025-10-27 18:37:34-06"
20,"Instituto Municipal de Cultura ","1995-12-21","H. Ayuntamiento Municipal",32,"Zacatecas",24,"Loreto",1,"Loreto","Independencia s/n","Centro","98800","","","","matafernandem@gmail.com",-101.98594,22.27189,"http://sic.gob.mx/ficha.php?table=institucion_cultural_mun&table_id=20","2025-10-14 19:46:32-06"
56,"Instituto Municipal de Cultura Benjamín Sánchez Mota","2003-04-01","Ayuntamiento de Luis Moya",32,"Zacatecas",25,"Luis Moya",1,"Luis Moya","Juárez 24","Morelos s/n","98772","","","","educacionyculturamlm@gmail.com",-102.2498,22.43256,"http://sic.gob.mx/ficha.php?table=institucion_cultural_mun&table_id=56","2024-02-27 06:35:25-06"
26,"Instituto Municipal de Cultura de Mazapil","1995-03-27","Ayuntamiento de Mazapil",32,"Zacatecas",26,"Mazapil",1,"Mazapil","Guerrero 42","Centro","98230","","","","mazapil2124@mazapil.gob.mx",0,0,"http://sic.gob.mx/ficha.php?table=institucion_cultural_mun&table_id=26","2024-02-06 06:09:57-06"
59,"Instituto de Cultura de Mezquital del Oro","2008-04-17","Ayuntamiento de Mezquital del Oro",32,"Zacatecas",28,"Mezquital del Oro",1,"Mezquital del Oro","Niños Héroes 7","Centro","99860","","https://mezquital.gob.mx/","","",-103.36265,21.21641,"http://sic.gob.mx/ficha.php?table=institucion_cultural_mun&table_id=59","2025-11-07 18:34:40-06"
30,"Instituto Municipal de Cultura Miguel Perales Garay","1000-01-01","Ayuntamiento de Miguel Auza",32,"Zacatecas",29,"Miguel Auza",5,"Manantial de la Honda (Carboneras)","Edmundo Sánchez s/n","Centro","98330","","https://miguelauzazac.net/","https://www.facebook.com/ayuntamientomiguelauza21.24/","alan.padilla73@oulook.es; presidenciamunicipal2021@outlook.es",-103.44967,24.29534,"http://sic.gob.mx/ficha.php?table=institucion_cultural_mun&table_id=30","2024-02-27 08:21:36-06"
35,"Instituto Municipal de Cultura de Momax","1000-01-01","Ayuntamiento de Momax",32,"Zacatecas",30,"Momax",1,"Momax","Ignacio Allende 13","Centro","99720","","","","presidenciamomax1821@gmail.com",-103.314,21.92169,"http://sic.gob.mx/ficha.php?table=institucion_cultural_mun&table_id=35","2025-08-12 19:50:45-06"
46,"Instituto Municipal de Cultura Juan Reyes Antuna","1000-01-01","Ayuntamiento de Monte Escobedo",32,"Zacatecas",31,"Monte Escobedo",1,"Monte Escobedo","Parroquia 24","Centro","99400","","","","h.ayuntamiento.mez@gmail.com",-103.56342,22.30234,"http://sic.gob.mx/ficha.php?table=institucion_cultural_mun&table_id=46","2023-07-12 05:10:40-06"
489,"Instituto Municipal de Cultura Manuel Puente Villela","2004-04-04","Ayuntamiento Municipal",32,"Zacatecas",32,"Morelos",1,"Morelos","Av. Providencia s/n","Centro","98100","","https://www.facebook.com/p/Instituto-Municipal-de-Cultura-Manuel-Puente-Villela-100081338945266/","","imcmanuelpuentevillela@gmail.com",-102.61136,22.86046,"http://sic.gob.mx/ficha.php?table=institucion_cultural_mun&table_id=489","2025-05-20 13:30:14-06"
12,"Instituto Municipal de Turismo y Cultura Tastuanes","1995-02-19","Ayuntamiento de Moyahua de Estrada",32,"Zacatecas",33,"Moyahua de Estrada",1,"Moyahua de Estrada","Francisco I. Madero 333","Centro","99980","","https://moyahua.gob.mx/instituto-cultura/","https://www.facebook.com/p/Ayuntamiento-Moyahua-100068844175200/?locale=es_LA","moyahuacultura@gmail.com; presidencia.moyahua16@gmail.co",-103.16365,21.26756,"http://sic.gob.mx/ficha.php?table=institucion_cultural_mun&table_id=12","2024-12-16 13:20:21-06"
13,"Instituto Municipal de Cultura Lic. Ernesto Juárez Frías","1000-01-01","Ayuntamiento de Nochistlán",32,"Zacatecas",34,"Nochistlán de Mejía",1,"Nochistlán de Mejía","Camino Mesa del Agua s/n","Centro","99900","","https://nochistlan.gob.mx/","https://www.facebook.com/p/Instituto-Municipal-de-Cultura-Nochistl%C3%A1n-61567510924451/","institutoculturalernestojuarez@gmail.com",-102.85069,21.37796,"http://sic.gob.mx/ficha.php?table=institucion_cultural_mun&table_id=13","2025-06-09 12:47:48-06"
38,"Instituto Municipal de Cultura ","1990-01-01","H. Ayuntamiento Municipal",32,"Zacatecas",35,"Noria de Ángeles",1,"Noria de Ángeles","Presidencia Municipal","Centro","98880","","","","presidencianoria@hotmail.com",0,0,"http://sic.gob.mx/ficha.php?table=institucion_cultural_mun&table_id=38","2019-02-18 07:19:36-06"
57,"Instituto Municipal de Cultura Profr. Juan Álvarez López                                                                                                                                                  ","2011-10-13","Ayuntamiento de Ojocaliente",32,"Zacatecas",36,"Ojocaliente",1,"Ojocaliente","Biznaga s/n","Fracc. El Mezquital","98715","","","","culturaenojocaliente@hotmail.com",0,0,"http://sic.gob.mx/ficha.php?table=institucion_cultural_mun&table_id=57","2019-02-18 07:23:38-06"
7,"Instituto Municipal de Cultura de Pánuco","1000-01-01","Ayuntamiento de Pánuco",32,"Zacatecas",37,"Pánuco",1,"Pánuco","Allende 21","Centro","98540","","https://catalogocultural.finestraweb.com.mx/centro-cultural-de-panuco/","https://gobiernopanucozac.wixsite.com/ayuntamiento","panuco2018-2021@outlook.com; ramos_evaristo@yahoo.com",-102.54087,22.8755,"http://sic.gob.mx/ficha.php?table=institucion_cultural_mun&table_id=7","2025-10-31 11:26:16-06"
37,"Instituto Municipal de Cultura Mtro. Ricardo Acosta Gómez","1994-11-20","Ayuntamiento de Pinos",32,"Zacatecas",38,"Pinos",1,"Pinos","Rayón s/n","Centro","98920","","https://www.pinos.gob.mx/informacion-del-instituto-municipal-de-cultura/","","alonsoroberto37@gmail.com; segob@pinos.gob.mx",-101.57517,22.30015,"http://sic.gob.mx/ficha.php?table=institucion_cultural_mun&table_id=37","2026-02-11 10:03:08-06"
29,"Instituto Municipal de Cultura de Río Grande","1992-08-31","Ayuntamiento de Río Grande",32,"Zacatecas",39,"Río Grande",1,"Río Grande","Alfonso Medina 1","Las Piedras","98426","","https://www.facebook.com/InstitutoDeCulturaRioGrandeZac/","","institutodeculturarg@gmail.com",-103.05886,23.80726,"http://sic.gob.mx/ficha.php?table=institucion_cultural_mun&table_id=29","2026-05-27 18:16:38-06"
51,"Instituto Municipal de Cultura de Saín Alto","1000-01-01","Ayuntamiento de Saín Alto",32,"Zacatecas",40,"Sain Alto",1,"Sain Alto","Constitución 6","Centro","99130","","","","culturasainalto@gmail.com",-103.24715,23.57977,"http://sic.gob.mx/ficha.php?table=institucion_cultural_mun&table_id=51","2025-10-17 18:38:46-06"
49,"Instituto Municipal de Arte y Cultura de Sombrerete","2013-07-18","Ayuntamiento de Sombrerete",32,"Zacatecas",42,"Sombrerete",1,"Sombrerete","Luis Rivas de Bracho s/n","Centro","99100","","","https://www.facebook.com/IMACS0217/","zahira_rubhi@hotmail.com",-103.64158,23.63072,"http://sic.gob.mx/ficha.php?table=institucion_cultural_mun&table_id=49","2026-06-05 11:48:39-06"
45,"Dirección de Cultura de Susticacán","1000-01-01","Ayuntamiento de Susticacán",32,"Zacatecas",43,"Susticacán",1,"Susticacán","Plaza Centenario s/n","Centro","99480","","","","saris9413@hotmail.com",-103.09943,22.61143,"http://sic.gob.mx/ficha.php?table=institucion_cultural_mun&table_id=45","2023-07-13 04:44:06-06"
14,"Instituto Municipal de Cultura Tabasco","1000-01-01","Ayuntamiento de Tabasco",32,"Zacatecas",44,"Tabasco",1,"Tabasco","Portal Hidalgo s/n","Centro","99630","","","","rc_tabasco@hotmail.com",0,0,"http://sic.gob.mx/ficha.php?table=institucion_cultural_mun&table_id=14","2019-02-19 09:32:23-06"
4,"Instituto Municipal de Cultura J. Salomé de León Salcedo de Tepechitlán","1994-02-18","Ayuntamiento de Tepechitlán",32,"Zacatecas",45,"Tepechitlán",1,"Tepechitlán","Cuauhtémoc Nte. 12","Centro","99750","","","","secretaria_tepechitlan@hotmai.com",-103.32472,21.67338,"http://sic.gob.mx/ficha.php?table=institucion_cultural_mun&table_id=4","2025-10-09 19:01:36-06"
47,"Instituto Municipal de Cultura Severino Salazar de Tepetongo","2007-12-08","Ayuntamiento de Tepetongo",32,"Zacatecas",46,"Tepetongo",1,"Tepetongo","Capitán Miguel de Caldera 11","Centro","99570","","","","presidenciatepetongo@hotmail.com",-103.14345,22.46343,"http://sic.gob.mx/ficha.php?table=institucion_cultural_mun&table_id=47","2026-07-06 19:18:41-06"
34,"Instituto Municipal de Cultura San Juan Bautista del Teúl de González Ortega","1994-05-01","Ayuntamiento del Teúl de González Ortega",32,"Zacatecas",47,"Teúl de González Ortega",1,"Teúl de González Ortega","Francisco I. Madero 31","Centro","99800","","","","presidenciateulzac@hotmail.com",0,0,"http://sic.gob.mx/ficha.php?table=institucion_cultural_mun&table_id=34","2019-02-18 09:33:13-06"
33,"Instituto Municipal de Cultura de Tlaltenango","1994-04-11","Ayuntamiento de Tlaltenango",32,"Zacatecas",48,"Tlaltenango de Sánchez Román",1,"Tlaltenango de Sánchez Román","Francisco I. Madero 35","Centro","99700","","https://tlaltenangozac.gob.mx/","","instituto2024tlaltenango@gmail.com; cultura@tlaltenangozac.gob.mx",-103.30677,21.78247,"http://sic.gob.mx/ficha.php?table=institucion_cultural_mun&table_id=33","2025-05-14 12:11:08-06"
53,"Instituto Municipal de Cultura de Valparaíso","1995-03-15"," Ayuntamiento de Valparaiso",32,"Zacatecas",49,"Valparaíso",1,"Valparaíso","Hidalgo 151","Centro","99250","","https://presidenciavalparaiso.gob.mx/organismos-institucionales/","https://presidenciavalparaiso.gob.mx/organismos-institucionales/","casadelaculturamanuelfelguerez@gmail.com; paureyes396@gmail.com",-103.567,22.7693,"http://sic.gob.mx/ficha.php?table=institucion_cultural_mun&table_id=53","2025-10-07 12:18:57-06"
6,"Instituto Municipal de Cultura El Niño Minero","2004-10-01","Ayuntamiento de Vetagrande",32,"Zacatecas",50,"Vetagrande",1,"Vetagrande","Plaza Principal s/n","Centro","98140","","","","vetagrande2018-2021@hotmail.com",-102.55754,22.83283,"http://sic.gob.mx/ficha.php?table=institucion_cultural_mun&table_id=6","2025-06-25 19:43:33-06"
39,"Instituto Municipal de Cultura Jesús Rodríguez Santos","1000-01-01","H. Ayuntamiento Municipal",32,"Zacatecas",52,"Villa García",1,"Villa García","Zaragoza 612","Centro","98900","","","","ayuntamiento_1316villagarcia@outlook.com",-101.95787,22.16725,"http://sic.gob.mx/ficha.php?table=institucion_cultural_mun&table_id=39","2025-10-14 17:20:34-06"
41,"Instituto Municipal de Cultura Mtro. J. Guadalupe Rodríguez Guel","1995-01-01","H. Ayuntamiento Municipal",32,"Zacatecas",53,"Villa González Ortega",1,"Villa González Ortega","Av. González Ortega s/n","Centro","98840","","https://www.villagonzalezortega.org/","https://www.facebook.com/p/H-Ayuntamiento-de-Villa-Gonz%C3%A1lez-Ortega-61566137877266/","",-101.91484,22.51204,"http://sic.gob.mx/ficha.php?table=institucion_cultural_mun&table_id=41","2026-05-27 18:00:40-06"
40,"Instituto Municipal de Cultura Profr. Fco. Javier Beltrán Martínez","2001-09-14","Ayuntamiento de Villa Hidalgo",32,"Zacatecas",54,"Villa Hidalgo",1,"Villa Hidalgo","Hidalgo 6","Centro","98980","","","https://www.facebook.com/Instituto-Municipal-de-Cultura-Villa-Hidalgo-Zacatecas-108744454393120","edgar3170@live.com",-101.71211,22.3577,"http://sic.gob.mx/ficha.php?table=institucion_cultural_mun&table_id=40","2025-10-27 19:58:44-06"
48,"Instituto Municipal de Cultura Antonio Aguilar Barraza de Villanueva","2004-09-01","Ayuntamiento de Villanueva",32,"Zacatecas",55,"Villanueva",1,"Villanueva","Hidalgo s/n","Centro","99500","","","","aguilarcasadeculturavillanueva@gmail.com",0,0,"http://sic.gob.mx/ficha.php?table=institucion_cultural_mun&table_id=48","2021-09-22 10:44:33-05"
42,"Casa Municipal de Cultura de Zacatecas","1000-01-01","Ayuntamiento de Zacatecas",32,"Zacatecas",56,"Zacatecas",1,"Zacatecas","Jardín independencia 100","Centro ","98000","","","","arteyculturazac@gmail.com",-102.57354,22.77199,"http://sic.gob.mx/ficha.php?table=institucion_cultural_mun&table_id=42","2025-02-07 09:47:54-06"
55,"Instituto Municipal de Cultura Mtro. Vicente Jacobo Cuevas","2013-09-13","Ayuntamiento de Trancoso",32,"Zacatecas",57,"Trancoso",1,"Trancoso","Hidalgo s/n esq. Camino Real y Francisco I. Madero","Centro","98640","","https://www.trancosozac.gob.mx/","https://www.facebook.com/p/Instituto-Municipal-de-Cultura-Mtro-Vicente-Jacobo-Cuevas-61557250043425/","cultura@trancosozac.gob.mx",-102.36604,22.73539,"http://sic.gob.mx/ficha.php?table=institucion_cultural_mun&table_id=55","2026-06-05 13:16:56-06"
36,"Instituto Municipal de Cultura de Santa María de la Paz","2004-09-01","Ayuntamiento de Santa María de la Paz",32,"Zacatecas",58,"Santa María de la Paz",1,"Santa María de la Paz","Zacatecas 4","Centro","99809","","","","presidenciadesantamaria@yahoo.com.mx",-103.40637,21.51253,"http://sic.gob.mx/ficha.php?table=institucion_cultural_mun&table_id=36","2025-07-07 18:41:35-06"
